"Name","CompanyName"
"0install","bastian.eicher"
"1C.ParserLST","PavelA"
"1C.Utils","WillyNilly"
"1CMgmt","dmitriy_zer0day"
"1Cv83_InfoBaseManagement","saw-friendship"
"1Poshword","latkin"
"1Pwd","darrenjrobinson"
"2atCrm","peterruiter,bas"
"2atCrm9","peterruiter"
"2atGeneral","peterruiter,bas"
"2atMonitoring","peterruiter,bas"
"2atSql","peterruiter,bas"
"2atWeb","peterruiter,bas"
"365Admin","m.Riston"
"365AutomatedCheck","Clatent"
"365AutomatedLab","Clatent"
"365Tools","365Dude"
"3CX","xasz,oit-xasz"
"3LCourseAZ040","fv3"
"3LToolKit","fv3"
"3LWakeOnLan","fv3"
"3PAR-Powershell","equelin"
"4bitcss","Start-Automating"
"64SE","True-Kalichuza"
"6Print","jamesone"
"7-ZipSetupManager","chixus"
"7DaysToDieManager","imseandavis"
"7DWSM","imseandavis"
"7zip-Archive","Stadub"
"7Zip4Powershell","thoemmi"
"7ZipArchiveDsc","mkht"
"7zipWrapper","taalmahret"
"Ab","idwilliams"
"Abbr","wes"
"ABC","davidlee.enoch"
"abc_testing","fakerson.831"
"ABCModule","rajesh.balakrishnan"
"Aberus.AWS.Tools.EKS.KubeConfig","aberus"
"ABMPS","buckbanzai"
"AC-ITGlue","zemerick"
"AccessCmdlets","CData"
"AccessControlDSC","macoller,devopsjesus"
"Accessibility","HeyItsGilbert"
"Account.Record","JARVIS1916"
"AccountTracker","Przemyslaw.Klys"
"AcdLab","morg43"
"Ace.PowerShell","Yuvaraj-Devaraj"
"ACGCore","Adicitus"
"ACL-Permissions","bdukes,bdukes-engage,bdukes-engage1"
"ACLCleanup","Robert_Amartinesei"
"ACLHelpers","rleonard55"
"ACLReportTools","dscottraynsford"
"ACME-PS","TGlatzer"
"AcmeCoreModule","DevJan"
"ACMEDNS01Certificate","EddyBeaupre"
"ACMESharp","ebekker-posh"
"ACMESharp.Providers.AWS","ebekker-posh"
"ACMESharp.Providers.CloudFlare","ebekker-posh"
"ACMESharp.Providers.DNSMadeEasy","ebekker-posh"
"ACMESharp.Providers.IIS","ebekker-posh"
"ACMESharp.Providers.QCloud","fjch1997"
"ACMESharp.Providers.Windows","ebekker-posh"
"ACMESharpRoute53Automation","RobertBiddle"
"ACReaper","1Lou"
"Across-Solutions","dschneider"
"ActCRMCmdlets","CData"
"Action.Logging","gmorenet"
"ActionableMessages","Mynster"
"ActivateAll","chixus"
"ActivationScripts","chixus"
"ActiveBatch","Michael19842,maartenpiederiet"
"ActiveCampaignCmdlets","CData"
"ActiveDirectory-ps4all","nemanja-jovic"
"ActiveDirectory.Toolbox","Andriy.Zarevych"
"ActiveDirectoryCmdlets","CData"
"ActiveDirectoryCSDsc","PowerShellTeam,gaelcolas,dsccommunity"
"ActiveDirectoryDsc","PowerShellTeam,gaelcolas,dsccommunity"
"ActiveDirectoryFever","claudiospizzi"
"ActiveDirectoryObjectPicker","realslacker"
"ActiveDirectoryStig","michael.haken"
"ActiveDirectoryStructure","TheToor"
"ActiveDirectoryTools","michael.haken"
"ActiveUsersAudit","DrIOS"
"ActOnCmdlets","CData"
"ActPowerCLI","AnthonyVandewerdt,jeffoconnorau,jing"
"AcuInstallerHelper","lekker-solutions"
"AcumaticaCmdlets","CData"
"AcuPackageTools","lekker-solutions"
"ad-rbac","breakwaterlabs"
"ADACLs","theaquamarine"
"ADAL.PS","jasoth"
"adamcook-mycicdtestrepo","codaamok"
"AdamRest","Sergey.Krivopishin"
"ADAppFinder","DrIOS"
"Adapter-Control","asheroto"
"AdaptiveCard","alxcreate"
"ADAudit","markwragg"
"ADAuditTasks","DrIOS"
"ADAuth","Chirishman"
"Adb","claudiospizzi,rbicker"
"ADComputerRange","fredericpetit"
"ADConfiguration","davidobrien"
"ADCSTemplate","ashleymcglone"
"ADCSTemplateForPSEncryption","ashleymcglone"
"ADCSTemplateParser","janhenrik"
"ADCSTools","richardhicks"
"Add-AzFirewallRule","brain246"
"ADD-ENV","cn_codegod"
"Add-Git","KevinBuchs"
"Add-HostFileEntry","bdukes,bdukes-engage,bdukes-engage1"
"add-multipleusers","jtuttas"
"Add-Nine","shruti26"
"Add-PrefixForLogging","royashbrook"
"AddCustomAvailabilityDB","troyault"
"ADDefaultLocationDsc","Daniel.Snelling"
"AddGPLink","Martin_Binder"
"AddNoteProperty","tcartwright"
"ADDRS","Jos"
"ADDSActiveAccountAudit","DrIOS"
"ADDSAuditTasks","DrIOS"
"ADDSConfigurations","Princetimber"
"ADEssentials","Przemyslaw.Klys"
"adfs-management","Justin_DynamicD"
"ADFSConfigurationTools","shihan.pietersz"
"ADFSDiagnostics","dstefan,madhavpatel6"
"AdfsDsc","X-Guardian"
"ADFSToolbox","madhavpatel6"
"ADFSToolkit","favvojohan,EdKingscote_Canarie"
"ADGraph","Callidus2000,callidus2001"
"ADGroup.View","9whirls"
"ADGrouper","ramblingcookiemonster"
"ADGroupManager","jzmack"
"ADGroupMemberObjects","denisyfrolov"
"ADGroupOps","eswaras"
"AdhocAves.CommonFunctions","ThatDamnOwl"
"Adito","patto-sk"
"ADLDSMF","Fred"
"ADLSCmdlets","CData"
"ADManagement","Partitio"
"ADMF","FWN,Fred"
"ADMF.Core","FWN,Fred"
"Admin","PSModule.io"
"AdminByRequest","colombeen"
"AdministrativeAddOn","PeterRemstad"
"AdministratorRole","bdukes,bdukes-engage,bdukes-engage1"
"AdminToolbox","TaylorLee"
"AdminToolbox.ActiveDirectory","TaylorLee"
"AdminToolbox.EndpointManagement","TaylorLee"
"AdminToolbox.Exchange","TaylorLee"
"AdminToolbox.FFTools","TaylorLee"
"AdminToolbox.FileManagement","TaylorLee"
"AdminToolbox.FortiWizard","TaylorLee"
"AdminToolbox.Fun","TaylorLee"
"AdminToolbox.MSGraph","TaylorLee"
"AdminToolbox.Networking","TaylorLee"
"AdminToolbox.Office365","TaylorLee"
"AdminToolbox.Remoting","TaylorLee"
"AdminToolbox.SecOps","TaylorLee"
"AdminToolbox.VMWareAutomate","TaylorLee"
"AdminToolkit","matthewjdegarmo"
"ADMirror","fARTy"
"AdmPwd.PS","JiriF"
"AdmxPolicy","stknohg"
"ado.core","remixod"
"ado.tools","remixod"
"AdoAzHelper","gogbg"
"AdoAzureHelper","louiswu95"
"AdoBauTaskGen","sekrab"
"AdobeAnalyticsCmdlets","CData"
"AdobeCommerceCmdlets","CData"
"AdobeGPOTemplates","Emin"
"AdobeUM.AzureAD","mrptsai"
"ADObjectHealthScan","Fred"
"ADObjectOwner","tomstryhn"
"AdoExtensions","gogbg"
"adolib","MikeShepard"
"ADOPowershellGet","SagMor"
"ADOPS","bjompen"
"Adoxio.Dynamics.DevOps","amervitz,adoxio"
"ADPCmdlets","CData"
"ADPFunctions","cdarais"
"ADPlayground","Przemyslaw.Klys"
"ADPolicyAudit","doesitscript"
"ADReportingTools","JeffHicks"
"ADSchema","andyschneider"
"ADSec","FWN"
"ADSecurityReporter","farismalaeb"
"ADServices","Pxtl"
"Adsi","IMJLA"
"AdsiPS","lazywinadm"
"ADSNotebook","SQLDBAWithABeard"
"ADSyncTools","Nuno.Alex"
"ADtoO365","BT_AJouharyan,schuhran,cjones"
"ADTools","OzThe2"
"ADUserGroup","dailen"
"AdUserLockoutInformation","shihan.pietersz"
"ADUserManagement","Julianzs"
"Advanced-Threat-Analytics","POSH_Spice"
"AdvancedADManagement","MosaicMKSoftwareLLC"
"AdvancedCriteriaBasedGroups","mariussm"
"AdvancedHistory","omniomi"
"AdvancedLog","MaikKram"
"AdvancedLogging","iwanttosleep"
"AdvancedVPNDeployment","powershellcoder"
"AdvReg","jborean93"
"ADWinHostFirewallExport","DrIOS"
"AemToolkit","leoxy520"
"AeriesApi","jamesl"
"AeroFetch","PoorlyExecuted"
"AES","goldparrot827"
"AES256","jrotello"
"Aeson","Gaetan.Jaminon"
"AesString","chrisstone"
"AffectedKeyCredentials","jeoshin"
"AffinityAPI","burkasaurusrex"
"aFunctions","SupSkiFun"
"AgedFileManagement","pr_prakash78"
"AgileCli","nick.spreitzer"
"AGMPowerCLI","AnthonyVandewerdt,jeffoconnorau,yogig,jing,satya_srikanth,rajeshkrmekala"
"AGMPowerLib","AnthonyVandewerdt,jeffoconnorau,yogig,jing,satya_srikanth,rajeshkrmekala"
"AHSPSUtil","FilipJohanssonAHS"
"AHSUtil","FilipJohanssonAHS"
"AiLogging","JiriF"
"Aimtec_QRCodeGenerator","hraj"
"AIMTEC-IM_module","hraj"
"AIProductivityKit","DougFinke"
"AIPScannerConfig","DaveGoldman"
"AIPService","AzureRMS"
"AiRE","storvixab"
"Airpower","troyaf"
"AirtableCmdlets","CData"
"AitonVPNTools","PatrykMilewski"
"AIToolkit","chrissylemaire"
"aitools","chrissylemaire"
"AjaySampleModule","Ajay458"
"Ajustee.Client","ajustee"
"Akamai","stuart-macleod-akamai,skearney"
"Akamai.APIDefinitions","stuart-macleod-akamai,skearney"
"Akamai.APIKeyManager","stuart-macleod-akamai,skearney"
"Akamai.AppSec","stuart-macleod-akamai,skearney"
"Akamai.ChinaCDN","stuart-macleod-akamai,skearney"
"Akamai.ClientLists","stuart-macleod-akamai,skearney"
"Akamai.CloudAccessManager","stuart-macleod-akamai,skearney"
"Akamai.Cloudlets","stuart-macleod-akamai,skearney"
"Akamai.CloudWrapper","stuart-macleod-akamai,skearney"
"Akamai.Common","stuart-macleod-akamai,skearney"
"Akamai.Contracts","stuart-macleod-akamai,skearney"
"Akamai.CPCodes","stuart-macleod-akamai,skearney"
"Akamai.CPS","stuart-macleod-akamai,skearney"
"Akamai.Datastream","stuart-macleod-akamai,skearney"
"Akamai.EdgeDiagnostics","stuart-macleod-akamai,skearney"
"Akamai.EdgeDNS","stuart-macleod-akamai,skearney"
"Akamai.EdgeHostnames","stuart-macleod-akamai,skearney"
"Akamai.EdgeKV","stuart-macleod-akamai,skearney"
"Akamai.EdgeWorkers","stuart-macleod-akamai,skearney"
"Akamai.FirewallRulesNotification","stuart-macleod-akamai,skearney"
"Akamai.GTM","stuart-macleod-akamai,skearney"
"Akamai.IAM","stuart-macleod-akamai,skearney"
"Akamai.IVM","stuart-macleod-akamai,skearney"
"Akamai.MediaServicesLive","stuart-macleod-akamai,skearney"
"Akamai.METS","stuart-macleod-akamai,skearney"
"Akamai.MOKS","stuart-macleod-akamai,skearney"
"Akamai.Netstorage","stuart-macleod-akamai,skearney"
"Akamai.NetworkLists","stuart-macleod-akamai,skearney"
"Akamai.Property","stuart-macleod-akamai,skearney"
"Akamai.Purge","stuart-macleod-akamai,skearney"
"Akamai.Reporting","stuart-macleod-akamai,skearney"
"Akamai.SIEM","stuart-macleod-akamai,skearney"
"Akamai.Siteshield","stuart-macleod-akamai,skearney"
"Akamai.SLA","stuart-macleod-akamai,skearney"
"Akamai.TestCenter","stuart-macleod-akamai,skearney"
"AkamaiPowershell","stuartio"
"aks","vimalsingh"
"AksGMSA","taylorbrown,vrapolinario"
"AksHci","nwoodmsft,madhanrajm,pgayam,rohitjaini"
"AksHciNcCompanion","MSFT_KBisnett"
"ALCompiler","rasmusedberg"
"AleroPS","AXPP"
"AlfrescoCmdlets","CData"
"Algorand","geoffodonnell"
"ALH","diko"
"alias-tips","codyduong"
"aliens","trevor"
"AliModule","snegr1880"
"ALLanguageTools","sindre"
"AllMyIT","Kob"
"AlloyDBCmdlets","CData"
"allspice","Chirishman"
"ALOps.BCOpenAPI","HodorNV"
"alops.core","HodorNV"
"ALOps.ExternalDeployer","HodorNV"
"Alt3.Docusaurus.Powershell","alt3"
"Altazion","simplement-e"
"Altazion.Shell","simplement-e"
"ALTools","mczerniawski"
"AlwaysOnTop","psdevuk"
"ALZ","jtracey93,ganepomu,oZakari,jaredfholgate,matt-ffffff"
"AMA.ALZ","yeddlapurishivasai"
"AMAG-SMSPowershell","joshn-whatcomtrans.net"
"AmazonAthenaCmdlets","CData"
"AmazonDynamoDBCmdlets","CData"
"AmazonMarketplaceCmdlets","CData"
"AmazonS3Cmdlets","CData"
"AMCScriptLogging","PowerShellArmy"
"americkstest","alerickson"
"AmoebaML","Romero126"
"AMONotifications","AMO"
"AMPowerShellTemplate","FlemmingRohde"
"amps","amervitz"
"AMSI","adamdriscoll"
"AMSoftware.Crm","AMSoftware"
"AMSoftware.Dataverse.PowerShell","AMSoftware"
"Anafora.PowerShell","Wiktoryn"
"Anafora.Shell.PowerShell","Wiktoryn"
"AnaforaShell","Wiktoryn"
"Analyth.PowerShell","Analyth"
"AnamTestCmdlet","anamnavi,vthiebaut"
"AnamVersionMod","anamnavi"
"Anderson.MS365.SecAudit","andersonmatters"
"ANeT-API","janku"
"AngleParse","kamome283"
"anh2","thuctinh7761"
"anhd11","thuctinh7761"
"AnonUpload","SimeonOnSecurity"
"AnonymBsContainer","PJezour"
"AnsibleTower","gpduck"
"AnsibleVault","jborean93"
"AnsiColorOut","bozho"
"AntivirusProductsDetailedStatus","chixus"
"anvm","appveyor"
"ANWS","jromanello"
"AnyBox","fresh2dev"
"AnyPackage","ThomasNieto"
"AnyPackage.Appx","ThomasNieto"
"AnyPackage.Apt","ThomasNieto"
"AnyPackage.Chocolatey","ThomasNieto,ethanbergstrom"
"AnyPackage.Docker","ThomasNieto"
"AnyPackage.DotNet.Tool","ThomasNieto"
"AnyPackage.Homebrew","ThomasNieto,ethanbergstrom"
"AnyPackage.ModuleFast","ThomasNieto"
"AnyPackage.Msi","ThomasNieto"
"AnyPackage.Msu","ThomasNieto"
"AnyPackage.Npm","ThomasNieto"
"AnyPackage.NuGet","ThomasNieto"
"AnyPackage.Pkgx","ThomasNieto"
"AnyPackage.Programs","ThomasNieto"
"AnyPackage.PSResourceGet","ThomasNieto"
"AnyPackage.Scoop","ThomasNieto"
"AnyPackage.WinGet","ThomasNieto,ethanbergstrom"
"AnyPackage.Wsl","ThomasNieto"
"AnyPackageDsc","ThomasNieto"
"Anypoint","yamamo"
"AOVPNTools","richardhicks"
"ApacheCouchDBCmdlets","CData"
"ApacheHBaseCmdlets","CData"
"ApacheHiveCmdlets","CData"
"ApacheImpalaCmdlets","CData"
"ApachePhoenixCmdlets","CData"
"ApexSQL_DevOps_toolkit","ApexSQL"
"APICmdlets","CData"
"APIfromGithub","AndreAHCT"
"APIManagementTemplate","lfalck,MLogdberg"
"APIsCmdlets","CData"
"apivoid","matthew-hale"
"APortal.PowerShell","iiunknown"
"AppDomainConfig","beefarino"
"appdynamics","inammathe"
"AppianPS","Dejulia489"
"AppInsights","svengrav"
"ApplicationFactoryClient","jeremy.putman"
"ApplicationFactoryService","jeremy.putman"
"ApplicationFactoryServicePSU","jeremy.putman"
"ApplicationInsightsCustomEvents","rohitminni"
"ApplicationInsightsLogging","FabianS"
"AppList","aprykhus"
"AppLockerAdmin","Norlunn"
"AppLockerEx","iainbrighton"
"AppLockerFoundry","jhp"
"AppManiProgramManager","rguiamoy,wphubsch"
"AppVentiX","AppVentiX"
"appveyorartifacts","arthur.tagirov"
"AppVeyorBYOC","appveyor"
"AppVeyorTestPsGallery","appveyor"
"AppVForcelets","Andreas.Nick"
"AppvProvider","iainbrighton"
"AppxGet","cristian.toma"
"ApresentarHelloWorld","VAlves22t"
"APRSMessenger","rhymeswithmogul"
"APS","akotu"
"APSTroubleshoot","brenle"
"AptecoPSFramework","apteco_fvb"
"AptPackage","cschuchardt"
"AptTelemetry","anaptis"
"apvr-test","OCram85"
"AQtools","McMurdo"
"aquanjsw.PowerShell.Utility","aquanjsw"
"ARAH","Callidus2000,callidus2001"
"ArcAdminTools","mczerniawski"
"Arcane_Server","DarkCoderSc"
"Arcane.DevOps","tobiaslekman"
"ArcaneBooks","ArcaneCode"
"ArcGIS","arcgis-powershell"
"ArcGIS.Microsoft365","arcgis"
"ArcHci","dhwanishah,pathuang,rohitjaini"
"ArchitectureDecisionRecords","ajoberstar"
"ArchivematicaChecksum","danloveg"
"Archiver","zzzzbov"
"ArchivialPowerShell","kbabinec"
"Arcus.Scripting.ActiveDirectory","ArcusAzure"
"Arcus.Scripting.All","ArcusAzure"
"Arcus.Scripting.ApiManagement","ArcusAzure"
"Arcus.Scripting.AppService","ArcusAzure"
"Arcus.Scripting.ARM","ArcusAzure"
"Arcus.Scripting.DataFactory","ArcusAzure"
"Arcus.Scripting.DevOps","ArcusAzure"
"Arcus.Scripting.IntegrationAccount","ArcusAzure"
"Arcus.Scripting.KeyVault","ArcusAzure"
"Arcus.Scripting.LogicApps","ArcusAzure"
"Arcus.Scripting.Management","ArcusAzure"
"Arcus.Scripting.Security","ArcusAzure"
"Arcus.Scripting.Sql","ArcusAzure"
"Arcus.Scripting.Storage.All","ArcusAzure"
"Arcus.Scripting.Storage.Blob","ArcusAzure"
"Arcus.Scripting.Storage.FileShare","ArcusAzure"
"Arcus.Scripting.Storage.Table","ArcusAzure"
"Ardoq","kmhuglen"
"ARG-Kit","brianveldman"
"ArgParser","chadnpc"
"ArielAuxFn","FluffyBeaver"
"ArkanePsh","ArkaneSystems"
"Arma3PowerShell","CaiusAjiz"
"ArmaServer","ArwynFr"
"ARMDeploy","pkparsard"
"ARMHelper","Ba4bes"
"ARMLinker","Lars-Erik"
"Armor","tlindsay42"
"ARMTemplateComplexity","kilasuit"
"ArrayList","brianbunke"
"Arroyo.Password","Dhimas"
"ArtemisSigGenerator","Largehawiian"
"Artifactory","NicholasDille"
"ArtifactoryCli","chris-peterson"
"ARTools","psrdrgz"
"Arvan","iravanchi"
"ArwynFr.SemanticVersion","ArwynFr"
"ArxmlAutomation-Basic","Hansong"
"ArxmlAutomation-Basic-Validation","Hansong"
"ArxmlAutomation-Swc","Hansong"
"ArxmlAutomation-Swc-Advance","Hansong"
"ArxmlAutomation-Swc-Validation","Hansong"
"ArxmlAutomation-Utils","Hansong"
"asa.unittest","Fleid"
"AsanaCmdlets","CData"
"AsBuiltReport.Aruba.ClearPass","tpcarman"
"AsBuiltReport.Cisco.UcsManager","tpcarman"
"AsBuiltReport.Core","tpcarman"
"AsBuiltReport.DellEMC.VxRail","tpcarman"
"AsBuiltReport.Fortinet.FortiGate","tpcarman"
"AsBuiltReport.Microsoft.AD","tpcarman"
"AsBuiltReport.Microsoft.Azure","tpcarman"
"AsBuiltReport.Microsoft.DHCP","tpcarman"
"AsBuiltReport.Microsoft.Windows","tpcarman"
"AsBuiltReport.NetApp.ONTAP","tpcarman"
"AsBuiltReport.Nutanix.PrismElement","tpcarman"
"AsBuiltReport.PureStorage.FlashArray","tpcarman"
"AsBuiltReport.Rubrik.CDM","tpcarman"
"AsBuiltReport.Veeam.VB365","tpcarman"
"AsBuiltReport.Veeam.VBR","tpcarman"
"AsBuiltReport.VMware.AppVolumes","tpcarman"
"AsBuiltReport.VMware.ESXi","tpcarman"
"AsBuiltReport.VMware.Horizon","tpcarman"
"AsBuiltReport.VMware.NSXv","tpcarman"
"AsBuiltReport.VMware.SRM","tpcarman"
"AsBuiltReport.VMware.UAG","tpcarman"
"AsBuiltReport.VMware.vSphere","tpcarman"
"Asciify","HIGHphen"
"AsciiText","SomethingBlue"
"ASCIIWRITE","canix1"
"Ascribe.Inspector","mike.obrian"
"ASDatabaseComparator","NandanHegde"
"AsgGroup","ASG_RJW"
"AsgGroupCantara","ASG_RJW"
"AsgGroupJDEdwards-Selenium","ASG_RJW"
"AsgGroupLegacy","ASG_RJW"
"AsgGroupSSh","ASG_RJW"
"AsHciADArtifactsPreCreationTool","vanik"
"Ask","natebarkei"
"Ask-GPT","JonDavis"
"ASN.1","michael.haken"
"ASQ","BakiOnur"
"ASRRules","Emin"
"Assembly","Prajeesh"
"AssemblyChecker","abbgrade"
"AssemblyMeta","qbik"
"Assert","nohwnd"
"Assert-JsonValidity","c.diehl"
"AssertExceptionThrown","OneEyedSi"
"AssetInventory","michael.haken"
"AssistDeploy","RichieBzzzt"
"Ast","PSModule.io"
"AstExtensions","gogbg"
"AstHelper","ThmsRynr,MrThomasRayner"
"AsyncHttps","phbits"
"ATAPAuditor","Beneboe,florianbroeder,SteffenWinternheimer,DanielStroeher"
"ATAPHtmlReport","Beneboe,florianbroeder,SteffenWinternheimer,DanielStroeher"
"AtcoderFs.Pwsh","luAnago"
"ATDD.TestScriptor","jhoek,lvanvugt"
"Atempo.Lina","tibo"
"Atlas.ClientToolKit","Atlas-Justin"
"Atlassian.Bitbucket","eelkram"
"AtlassianCLI","Invoke-Automation"
"AtlassianCloudPS","andylyonette"
"AtlassianPS.Configuration","AtlassianPS"
"Atmosphere","slurps-mad-rips"
"AtomDigitalObjectDownloader","danloveg"
"AtomicTestHarnesses","redcanary"
"ATPModule","anstfm"
"attach-with","evilprince2009"
"AttunixMSPTools","AttunixMSP"
"AU","majkinetor"
"au.com.kloud.netscaler","wvanbesien"
"AudioDeviceCmdlets","frgnca"
"AudioSwitcher","xenolightning"
"AudioVolumeDsc","mkht"
"AudioWorks.Commands","JHerbY2K"
"AuditBuddy","sethsc_msft"
"AuditPermissions","AndrewSpangler"
"Auditpol","StephenRoberts"
"AuditPolicy","Przemyslaw.Klys"
"AuditPolicyDsc","PowerShellTeam,gaelcolas,dsccommunity"
"AuditSystemDsc","JasonW"
"Auger","terminalPoltergeist"
"Auth0","panesofglass"
"Auth0ConnectionEx","pswetz"
"Authenticode","Jaykul"
"AuthorizeNetCmdlets","CData"
"AutifyCmdlets","CData"
"AutoAdapter.DuckTyping.PowerShell","carrvo"
"AutoBrowse","Start-Automating"
"autoBuild","mmeade"
"autographps","adamedx"
"autographps-sdk","adamedx"
"Autoload","Jaykul"
"Autologon","GraceSolutions"
"AutomaTD","DollarUnderscore"
"automate","trevor"
"AutomateAPI","Gavsto"
"AutomatedLab","Raimund,AutomatedLabTeam"
"AutomatedLab.Common","Raimund,nyanhp,AutomatedLabTeam"
"AutomatedLab.Recipe","AutomatedLabTeam"
"AutomatedLab.Ships","AutomatedLabTeam"
"AutomatedLab.Utils","steviecoaster"
"AutomatedLabCore","AutomatedLabTeam"
"AutomatedLabDefinition","Raimund,AutomatedLabTeam"
"AutomatedLabNotifications","Raimund,AutomatedLabTeam"
"AutomatedLabTest","AutomatedLabTeam"
"AutomatedLabUnattended","Raimund,AutomatedLabTeam"
"AutomatedLabWorker","Raimund,AutomatedLabTeam"
"AutomateNOW","AutomateNOW-Fan"
"AutoMatePS","AutomatePS"
"AutomatePS.Health","AutomatePS"
"AutomaticMaintenance","Fozzy"
"Automation.Database","rneeft"
"AutomationAnywhere","carlosevp"
"AutomationUtils","archmachina"
"AutomatiserarSE","Ispep"
"Automatos.Common","Automatos-Admin"
"Autonance","claudiospizzi"
"AutoPatchDSC","chmadole"
"AutoPilotModule","Onne"
"AutopilotOOBE","Segura"
"AutopilotPartner","Onslivion"
"AutopilotQuick","Carbun"
"Autopilottestattestation","RudyOoms"
"AutopilotUtility","MTNiehaus"
"AutoRek.IT","AutoRek.IT"
"AutoReport","scott-epperly"
"AutoRest","Fred"
"AutoRuns","Emin"
"Autotask","klemmestad"
"AutoTaskAPI","Lime-TeGek"
"AutotaskBeta","klemmestad"
"AutoTaskEndpointManagement","wetling"
"AutotaskOCH","kristofferoch"
"AutotaskRestAPI","SergLGP"
"AutoVars","beefarino"
"AutoWebCreds","pldmgg"
"AuvikAPI","Celerium"
"AvalaraCmdlets","CData"
"Avanade.ArmTools","cspeers"
"Avanade.AsmTools","cspeers"
"Avanade.Azure.Models","cspeers"
"Avanade.AzureAD","cspeers"
"Avanade.AzureAD.Graph","cspeers"
"Avanade.AzureReports","cspeers"
"Avanade.AzureStorage","cspeers"
"Avanade.AzureVault","cspeers"
"Avanade.CoolFunctions","cspeers"
"Avanade.KuduTools","cspeers"
"Avanade.SecureString","cspeers"
"Avanti.PowerShellSDK","adamstirtan"
"Avatax","pswetz"
"AVDManagementFramework","WillyMoselhy"
"AVIREST","andybgrant"
"avmtools","gincules"
"AvroCmdlets","CData"
"AvroTools","Yaniv.Ru"
"AVSHostConnectorModule","dotan2401"
"Await","LeeHolmes"
"AwakeCoding.DebugTools","awakecoding"
"AwakeCoding.PSRemoting","awakecoding"
"awp","bentaylor"
"AWS_Tools_AddOns","Clifra_Jones"
"aws-toolbox","fireflycons"
"aws-toolbox.netcore","fireflycons"
"AWS-Utils","HenrikStanley"
"AWS.ImageBuilder.DocumentGenerator","javydekoning"
"AWS.SAML","eelkram"
"AWS.Tools.AccessAnalyzer","aws-dotnet-sdk-team"
"AWS.Tools.Account","aws-dotnet-sdk-team"
"AWS.Tools.ACMPCA","aws-dotnet-sdk-team"
"AWS.Tools.AIOps","aws-dotnet-sdk-team"
"AWS.Tools.AlexaForBusiness","aws-dotnet-sdk-team"
"AWS.Tools.Amplify","aws-dotnet-sdk-team"
"AWS.Tools.AmplifyBackend","aws-dotnet-sdk-team"
"AWS.Tools.AmplifyUIBuilder","aws-dotnet-sdk-team"
"AWS.Tools.APIGateway","aws-dotnet-sdk-team"
"AWS.Tools.ApiGatewayManagementApi","aws-dotnet-sdk-team"
"AWS.Tools.ApiGatewayV2","aws-dotnet-sdk-team"
"AWS.Tools.AppConfig","aws-dotnet-sdk-team"
"AWS.Tools.AppConfigData","aws-dotnet-sdk-team"
"AWS.Tools.AppFabric","aws-dotnet-sdk-team"
"AWS.Tools.Appflow","aws-dotnet-sdk-team"
"AWS.Tools.AppIntegrationsService","aws-dotnet-sdk-team"
"AWS.Tools.ApplicationAutoScaling","aws-dotnet-sdk-team"
"AWS.Tools.ApplicationCostProfiler","aws-dotnet-sdk-team"
"AWS.Tools.ApplicationDiscoveryService","aws-dotnet-sdk-team"
"AWS.Tools.ApplicationInsights","aws-dotnet-sdk-team"
"AWS.Tools.ApplicationSignals","aws-dotnet-sdk-team"
"AWS.Tools.AppMesh","aws-dotnet-sdk-team"
"AWS.Tools.AppRegistry","aws-dotnet-sdk-team"
"AWS.Tools.AppRunner","aws-dotnet-sdk-team"
"AWS.Tools.AppStream","aws-dotnet-sdk-team"
"AWS.Tools.AppSync","aws-dotnet-sdk-team"
"AWS.Tools.AppTest","aws-dotnet-sdk-team"
"AWS.Tools.ARCRegionswitch","aws-dotnet-sdk-team"
"AWS.Tools.ARCZonalShift","aws-dotnet-sdk-team"
"AWS.Tools.Artifact","aws-dotnet-sdk-team"
"AWS.Tools.Athena","aws-dotnet-sdk-team"
"AWS.Tools.AuditManager","aws-dotnet-sdk-team"
"AWS.Tools.AugmentedAIRuntime","aws-dotnet-sdk-team"
"AWS.Tools.AutoScaling","aws-dotnet-sdk-team"
"AWS.Tools.AutoScalingPlans","aws-dotnet-sdk-team"
"AWS.Tools.AWSHealth","aws-dotnet-sdk-team"
"AWS.Tools.AWSMarketplaceCommerceAnalytics","aws-dotnet-sdk-team"
"AWS.Tools.AWSMarketplaceMetering","aws-dotnet-sdk-team"
"AWS.Tools.AWSSupport","aws-dotnet-sdk-team"
"AWS.Tools.B2bi","aws-dotnet-sdk-team"
"AWS.Tools.Backup","aws-dotnet-sdk-team"
"AWS.Tools.BackupGateway","aws-dotnet-sdk-team"
"AWS.Tools.BackupSearch","aws-dotnet-sdk-team"
"AWS.Tools.BackupStorage","aws-dotnet-sdk-team"
"AWS.Tools.Batch","aws-dotnet-sdk-team"
"AWS.Tools.BCMDataExports","aws-dotnet-sdk-team"
"AWS.Tools.BCMPricingCalculator","aws-dotnet-sdk-team"
"AWS.Tools.BCMRecommendedActions","aws-dotnet-sdk-team"
"AWS.Tools.Bedrock","aws-dotnet-sdk-team"
"AWS.Tools.BedrockAgent","aws-dotnet-sdk-team"
"AWS.Tools.BedrockAgentCore","aws-dotnet-sdk-team"
"AWS.Tools.BedrockAgentCoreControl","aws-dotnet-sdk-team"
"AWS.Tools.BedrockAgentRuntime","aws-dotnet-sdk-team"
"AWS.Tools.BedrockDataAutomation","aws-dotnet-sdk-team"
"AWS.Tools.BedrockDataAutomationRuntime","aws-dotnet-sdk-team"
"AWS.Tools.BedrockRuntime","aws-dotnet-sdk-team"
"AWS.Tools.Billing","aws-dotnet-sdk-team"
"AWS.Tools.BillingConductor","aws-dotnet-sdk-team"
"AWS.Tools.Braket","aws-dotnet-sdk-team"
"AWS.Tools.Budgets","aws-dotnet-sdk-team"
"AWS.Tools.CertificateManager","aws-dotnet-sdk-team"
"AWS.Tools.Chatbot","aws-dotnet-sdk-team"
"AWS.Tools.Chime","aws-dotnet-sdk-team"
"AWS.Tools.ChimeSDKIdentity","aws-dotnet-sdk-team"
"AWS.Tools.ChimeSDKMediaPipelines","aws-dotnet-sdk-team"
"AWS.Tools.ChimeSDKMeetings","aws-dotnet-sdk-team"
"AWS.Tools.ChimeSDKMessaging","aws-dotnet-sdk-team"
"AWS.Tools.ChimeSDKVoice","aws-dotnet-sdk-team"
"AWS.Tools.CleanRooms","aws-dotnet-sdk-team"
"AWS.Tools.CleanRoomsML","aws-dotnet-sdk-team"
"AWS.Tools.Cloud9","aws-dotnet-sdk-team"
"AWS.Tools.CloudControlApi","aws-dotnet-sdk-team"
"AWS.Tools.CloudDirectory","aws-dotnet-sdk-team"
"AWS.Tools.CloudFormation","aws-dotnet-sdk-team"
"AWS.Tools.CloudFront","aws-dotnet-sdk-team"
"AWS.Tools.CloudFrontKeyValueStore","aws-dotnet-sdk-team"
"AWS.Tools.CloudHSMV2","aws-dotnet-sdk-team"
"AWS.Tools.CloudSearch","aws-dotnet-sdk-team"
"AWS.Tools.CloudSearchDomain","aws-dotnet-sdk-team"
"AWS.Tools.CloudTrail","aws-dotnet-sdk-team"
"AWS.Tools.CloudTrailData","aws-dotnet-sdk-team"
"AWS.Tools.CloudWatch","aws-dotnet-sdk-team"
"AWS.Tools.CloudWatchEvidently","aws-dotnet-sdk-team"
"AWS.Tools.CloudWatchLogs","aws-dotnet-sdk-team"
"AWS.Tools.CloudWatchRUM","aws-dotnet-sdk-team"
"AWS.Tools.CodeArtifact","aws-dotnet-sdk-team"
"AWS.Tools.CodeBuild","aws-dotnet-sdk-team"
"AWS.Tools.CodeCatalyst","aws-dotnet-sdk-team"
"AWS.Tools.CodeCommit","aws-dotnet-sdk-team"
"AWS.Tools.CodeConnections","aws-dotnet-sdk-team"
"AWS.Tools.CodeDeploy","aws-dotnet-sdk-team"
"AWS.Tools.CodeGuruProfiler","aws-dotnet-sdk-team"
"AWS.Tools.CodeGuruReviewer","aws-dotnet-sdk-team"
"AWS.Tools.CodeGuruSecurity","aws-dotnet-sdk-team"
"AWS.Tools.CodePipeline","aws-dotnet-sdk-team"
"AWS.Tools.CodeStar","aws-dotnet-sdk-team"
"AWS.Tools.CodeStarconnections","aws-dotnet-sdk-team"
"AWS.Tools.CodeStarNotifications","aws-dotnet-sdk-team"
"AWS.Tools.CognitoIdentity","aws-dotnet-sdk-team"
"AWS.Tools.CognitoIdentityProvider","aws-dotnet-sdk-team"
"AWS.Tools.CognitoSync","aws-dotnet-sdk-team"
"AWS.Tools.Common","aws-dotnet-sdk-team"
"AWS.Tools.Comprehend","aws-dotnet-sdk-team"
"AWS.Tools.ComprehendMedical","aws-dotnet-sdk-team"
"AWS.Tools.ComputeOptimizer","aws-dotnet-sdk-team"
"AWS.Tools.ConfigService","aws-dotnet-sdk-team"
"AWS.Tools.Connect","aws-dotnet-sdk-team"
"AWS.Tools.ConnectCampaignService","aws-dotnet-sdk-team"
"AWS.Tools.ConnectCampaignsV2","aws-dotnet-sdk-team"
"AWS.Tools.ConnectCases","aws-dotnet-sdk-team"
"AWS.Tools.ConnectContactLens","aws-dotnet-sdk-team"
"AWS.Tools.ConnectParticipant","aws-dotnet-sdk-team"
"AWS.Tools.ConnectWisdomService","aws-dotnet-sdk-team"
"AWS.Tools.ControlCatalog","aws-dotnet-sdk-team"
"AWS.Tools.ControlTower","aws-dotnet-sdk-team"
"AWS.Tools.CostAndUsageReport","aws-dotnet-sdk-team"
"AWS.Tools.CostExplorer","aws-dotnet-sdk-team"
"AWS.Tools.CostOptimizationHub","aws-dotnet-sdk-team"
"AWS.Tools.CustomerProfiles","aws-dotnet-sdk-team"
"AWS.Tools.DatabaseMigrationService","aws-dotnet-sdk-team"
"AWS.Tools.DataExchange","aws-dotnet-sdk-team"
"AWS.Tools.DataPipeline","aws-dotnet-sdk-team"
"AWS.Tools.DataSync","aws-dotnet-sdk-team"
"AWS.Tools.DataZone","aws-dotnet-sdk-team"
"AWS.Tools.DAX","aws-dotnet-sdk-team"
"AWS.Tools.Deadline","aws-dotnet-sdk-team"
"AWS.Tools.Detective","aws-dotnet-sdk-team"
"AWS.Tools.DeviceFarm","aws-dotnet-sdk-team"
"AWS.Tools.DevOpsGuru","aws-dotnet-sdk-team"
"AWS.Tools.DirectConnect","aws-dotnet-sdk-team"
"AWS.Tools.DirectoryService","aws-dotnet-sdk-team"
"AWS.Tools.DirectoryServiceData","aws-dotnet-sdk-team"
"AWS.Tools.DLM","aws-dotnet-sdk-team"
"AWS.Tools.DocDB","aws-dotnet-sdk-team"
"AWS.Tools.DocDBElastic","aws-dotnet-sdk-team"
"AWS.Tools.Drs","aws-dotnet-sdk-team"
"AWS.Tools.DSQL","aws-dotnet-sdk-team"
"AWS.Tools.DynamoDBStreams","aws-dotnet-sdk-team"
"AWS.Tools.DynamoDBv2","aws-dotnet-sdk-team"
"AWS.Tools.EBS","aws-dotnet-sdk-team"
"AWS.Tools.EC2","aws-dotnet-sdk-team"
"AWS.Tools.EC2InstanceConnect","aws-dotnet-sdk-team"
"AWS.Tools.ECR","aws-dotnet-sdk-team"
"AWS.Tools.ECRPublic","aws-dotnet-sdk-team"
"AWS.Tools.ECS","aws-dotnet-sdk-team"
"AWS.Tools.EKS","aws-dotnet-sdk-team"
"AWS.Tools.EKSAuth","aws-dotnet-sdk-team"
"AWS.Tools.ElastiCache","aws-dotnet-sdk-team"
"AWS.Tools.ElasticBeanstalk","aws-dotnet-sdk-team"
"AWS.Tools.ElasticFileSystem","aws-dotnet-sdk-team"
"AWS.Tools.ElasticInference","aws-dotnet-sdk-team"
"AWS.Tools.ElasticLoadBalancing","aws-dotnet-sdk-team"
"AWS.Tools.ElasticLoadBalancingV2","aws-dotnet-sdk-team"
"AWS.Tools.ElasticMapReduce","aws-dotnet-sdk-team"
"AWS.Tools.Elasticsearch","aws-dotnet-sdk-team"
"AWS.Tools.ElasticTranscoder","aws-dotnet-sdk-team"
"AWS.Tools.EMRContainers","aws-dotnet-sdk-team"
"AWS.Tools.EMRServerless","aws-dotnet-sdk-team"
"AWS.Tools.EntityResolution","aws-dotnet-sdk-team"
"AWS.Tools.EventBridge","aws-dotnet-sdk-team"
"AWS.Tools.Evs","aws-dotnet-sdk-team"
"AWS.Tools.Finspace","aws-dotnet-sdk-team"
"AWS.Tools.FinSpaceData","aws-dotnet-sdk-team"
"AWS.Tools.FIS","aws-dotnet-sdk-team"
"AWS.Tools.FMS","aws-dotnet-sdk-team"
"AWS.Tools.ForecastQueryService","aws-dotnet-sdk-team"
"AWS.Tools.ForecastService","aws-dotnet-sdk-team"
"AWS.Tools.FraudDetector","aws-dotnet-sdk-team"
"AWS.Tools.FreeTier","aws-dotnet-sdk-team"
"AWS.Tools.FSx","aws-dotnet-sdk-team"
"AWS.Tools.GameLift","aws-dotnet-sdk-team"
"AWS.Tools.GameLiftStreams","aws-dotnet-sdk-team"
"AWS.Tools.GameSparks","aws-dotnet-sdk-team"
"AWS.Tools.GeoMaps","aws-dotnet-sdk-team"
"AWS.Tools.GeoPlaces","aws-dotnet-sdk-team"
"AWS.Tools.GeoRoutes","aws-dotnet-sdk-team"
"AWS.Tools.Glacier","aws-dotnet-sdk-team"
"AWS.Tools.GlobalAccelerator","aws-dotnet-sdk-team"
"AWS.Tools.Glue","aws-dotnet-sdk-team"
"AWS.Tools.GlueDataBrew","aws-dotnet-sdk-team"
"AWS.Tools.Greengrass","aws-dotnet-sdk-team"
"AWS.Tools.GreengrassV2","aws-dotnet-sdk-team"
"AWS.Tools.GroundStation","aws-dotnet-sdk-team"
"AWS.Tools.GuardDuty","aws-dotnet-sdk-team"
"AWS.Tools.HealthLake","aws-dotnet-sdk-team"
"AWS.Tools.Honeycode","aws-dotnet-sdk-team"
"AWS.Tools.IAMRolesAnywhere","aws-dotnet-sdk-team"
"AWS.Tools.IdentityManagement","aws-dotnet-sdk-team"
"AWS.Tools.IdentityStore","aws-dotnet-sdk-team"
"AWS.Tools.Imagebuilder","aws-dotnet-sdk-team"
"AWS.Tools.ImportExport","aws-dotnet-sdk-team"
"AWS.Tools.Inspector","aws-dotnet-sdk-team"
"AWS.Tools.Inspector2","aws-dotnet-sdk-team"
"AWS.Tools.InspectorScan","aws-dotnet-sdk-team"
"AWS.Tools.Installer","aws-dotnet-sdk-team"
"AWS.Tools.InternetMonitor","aws-dotnet-sdk-team"
"AWS.Tools.Invoicing","aws-dotnet-sdk-team"
"AWS.Tools.IoT","aws-dotnet-sdk-team"
"AWS.Tools.IoTDeviceAdvisor","aws-dotnet-sdk-team"
"AWS.Tools.IoTEvents","aws-dotnet-sdk-team"
"AWS.Tools.IoTEventsData","aws-dotnet-sdk-team"
"AWS.Tools.IoTFleetHub","aws-dotnet-sdk-team"
"AWS.Tools.IoTFleetWise","aws-dotnet-sdk-team"
"AWS.Tools.IoTJobsDataPlane","aws-dotnet-sdk-team"
"AWS.Tools.IoTManagedIntegrations","aws-dotnet-sdk-team"
"AWS.Tools.IoTRoboRunner","aws-dotnet-sdk-team"
"AWS.Tools.IoTSecureTunneling","aws-dotnet-sdk-team"
"AWS.Tools.IoTSiteWise","aws-dotnet-sdk-team"
"AWS.Tools.IoTThingsGraph","aws-dotnet-sdk-team"
"AWS.Tools.IoTTwinMaker","aws-dotnet-sdk-team"
"AWS.Tools.IoTWireless","aws-dotnet-sdk-team"
"AWS.Tools.IVS","aws-dotnet-sdk-team"
"AWS.Tools.Ivschat","aws-dotnet-sdk-team"
"AWS.Tools.IVSRealTime","aws-dotnet-sdk-team"
"AWS.Tools.Kafka","aws-dotnet-sdk-team"
"AWS.Tools.KafkaConnect","aws-dotnet-sdk-team"
"AWS.Tools.Kendra","aws-dotnet-sdk-team"
"AWS.Tools.KendraRanking","aws-dotnet-sdk-team"
"AWS.Tools.KeyManagementService","aws-dotnet-sdk-team"
"AWS.Tools.Keyspaces","aws-dotnet-sdk-team"
"AWS.Tools.KeyspacesStreams","aws-dotnet-sdk-team"
"AWS.Tools.Kinesis","aws-dotnet-sdk-team"
"AWS.Tools.KinesisAnalyticsV2","aws-dotnet-sdk-team"
"AWS.Tools.KinesisFirehose","aws-dotnet-sdk-team"
"AWS.Tools.KinesisVideo","aws-dotnet-sdk-team"
"AWS.Tools.KinesisVideoMedia","aws-dotnet-sdk-team"
"AWS.Tools.KinesisVideoSignalingChannels","aws-dotnet-sdk-team"
"AWS.Tools.KinesisVideoWebRTCStorage","aws-dotnet-sdk-team"
"AWS.Tools.LakeFormation","aws-dotnet-sdk-team"
"AWS.Tools.Lambda","aws-dotnet-sdk-team"
"AWS.Tools.LaunchWizard","aws-dotnet-sdk-team"
"AWS.Tools.Lex","aws-dotnet-sdk-team"
"AWS.Tools.LexModelBuildingService","aws-dotnet-sdk-team"
"AWS.Tools.LexModelsV2","aws-dotnet-sdk-team"
"AWS.Tools.LexRuntimeV2","aws-dotnet-sdk-team"
"AWS.Tools.LicenseManager","aws-dotnet-sdk-team"
"AWS.Tools.LicenseManagerLinuxSubscriptions","aws-dotnet-sdk-team"
"AWS.Tools.LicenseManagerUserSubscriptions","aws-dotnet-sdk-team"
"AWS.Tools.Lightsail","aws-dotnet-sdk-team"
"AWS.Tools.LocationService","aws-dotnet-sdk-team"
"AWS.Tools.LookoutEquipment","aws-dotnet-sdk-team"
"AWS.Tools.LookoutforVision","aws-dotnet-sdk-team"
"AWS.Tools.LookoutMetrics","aws-dotnet-sdk-team"
"AWS.Tools.MachineLearning","aws-dotnet-sdk-team"
"AWS.Tools.Macie","aws-dotnet-sdk-team"
"AWS.Tools.Macie2","aws-dotnet-sdk-team"
"AWS.Tools.MailManager","aws-dotnet-sdk-team"
"AWS.Tools.MainframeModernization","aws-dotnet-sdk-team"
"AWS.Tools.ManagedBlockchain","aws-dotnet-sdk-team"
"AWS.Tools.ManagedBlockchainQuery","aws-dotnet-sdk-team"
"AWS.Tools.ManagedGrafana","aws-dotnet-sdk-team"
"AWS.Tools.MarketplaceAgreement","aws-dotnet-sdk-team"
"AWS.Tools.MarketplaceCatalog","aws-dotnet-sdk-team"
"AWS.Tools.MarketplaceDeployment","aws-dotnet-sdk-team"
"AWS.Tools.MarketplaceEntitlementService","aws-dotnet-sdk-team"
"AWS.Tools.MarketplaceReporting","aws-dotnet-sdk-team"
"AWS.Tools.MediaConnect","aws-dotnet-sdk-team"
"AWS.Tools.MediaConvert","aws-dotnet-sdk-team"
"AWS.Tools.MediaLive","aws-dotnet-sdk-team"
"AWS.Tools.MediaPackage","aws-dotnet-sdk-team"
"AWS.Tools.MediaPackageV2","aws-dotnet-sdk-team"
"AWS.Tools.MediaPackageVod","aws-dotnet-sdk-team"
"AWS.Tools.MediaStore","aws-dotnet-sdk-team"
"AWS.Tools.MediaStoreData","aws-dotnet-sdk-team"
"AWS.Tools.MediaTailor","aws-dotnet-sdk-team"
"AWS.Tools.MedicalImaging","aws-dotnet-sdk-team"
"AWS.Tools.MemoryDB","aws-dotnet-sdk-team"
"AWS.Tools.Mgn","aws-dotnet-sdk-team"
"AWS.Tools.MigrationHub","aws-dotnet-sdk-team"
"AWS.Tools.MigrationHubConfig","aws-dotnet-sdk-team"
"AWS.Tools.MigrationHubOrchestrator","aws-dotnet-sdk-team"
"AWS.Tools.MigrationHubRefactorSpaces","aws-dotnet-sdk-team"
"AWS.Tools.MigrationHubStrategyRecommendations","aws-dotnet-sdk-team"
"AWS.Tools.Mobile","aws-dotnet-sdk-team"
"AWS.Tools.MPA","aws-dotnet-sdk-team"
"AWS.Tools.MQ","aws-dotnet-sdk-team"
"AWS.Tools.MTurk","aws-dotnet-sdk-team"
"AWS.Tools.MWAA","aws-dotnet-sdk-team"
"AWS.Tools.Neptune","aws-dotnet-sdk-team"
"AWS.Tools.Neptunedata","aws-dotnet-sdk-team"
"AWS.Tools.NeptuneGraph","aws-dotnet-sdk-team"
"AWS.Tools.NetworkFirewall","aws-dotnet-sdk-team"
"AWS.Tools.NetworkFlowMonitor","aws-dotnet-sdk-team"
"AWS.Tools.NetworkManager","aws-dotnet-sdk-team"
"AWS.Tools.NetworkMonitor","aws-dotnet-sdk-team"
"AWS.Tools.NimbleStudio","aws-dotnet-sdk-team"
"AWS.Tools.Notifications","aws-dotnet-sdk-team"
"AWS.Tools.NotificationsContacts","aws-dotnet-sdk-team"
"AWS.Tools.OAM","aws-dotnet-sdk-team"
"AWS.Tools.ObservabilityAdmin","aws-dotnet-sdk-team"
"AWS.Tools.Odb","aws-dotnet-sdk-team"
"AWS.Tools.Omics","aws-dotnet-sdk-team"
"AWS.Tools.OpenSearchServerless","aws-dotnet-sdk-team"
"AWS.Tools.OpenSearchService","aws-dotnet-sdk-team"
"AWS.Tools.OpsWorks","aws-dotnet-sdk-team"
"AWS.Tools.OpsWorksCM","aws-dotnet-sdk-team"
"AWS.Tools.Organizations","aws-dotnet-sdk-team"
"AWS.Tools.OSIS","aws-dotnet-sdk-team"
"AWS.Tools.Outposts","aws-dotnet-sdk-team"
"AWS.Tools.Panorama","aws-dotnet-sdk-team"
"AWS.Tools.PartnerCentralSelling","aws-dotnet-sdk-team"
"AWS.Tools.PaymentCryptography","aws-dotnet-sdk-team"
"AWS.Tools.PaymentCryptographyData","aws-dotnet-sdk-team"
"AWS.Tools.PcaConnectorAd","aws-dotnet-sdk-team"
"AWS.Tools.PcaConnectorScep","aws-dotnet-sdk-team"
"AWS.Tools.PCS","aws-dotnet-sdk-team"
"AWS.Tools.Personalize","aws-dotnet-sdk-team"
"AWS.Tools.PersonalizeEvents","aws-dotnet-sdk-team"
"AWS.Tools.PersonalizeRuntime","aws-dotnet-sdk-team"
"AWS.Tools.PI","aws-dotnet-sdk-team"
"AWS.Tools.Pinpoint","aws-dotnet-sdk-team"
"AWS.Tools.PinpointEmail","aws-dotnet-sdk-team"
"AWS.Tools.PinpointSMSVoiceV2","aws-dotnet-sdk-team"
"AWS.Tools.Pipes","aws-dotnet-sdk-team"
"AWS.Tools.Polly","aws-dotnet-sdk-team"
"AWS.Tools.Pricing","aws-dotnet-sdk-team"
"AWS.Tools.Private5G","aws-dotnet-sdk-team"
"AWS.Tools.PrometheusService","aws-dotnet-sdk-team"
"AWS.Tools.Proton","aws-dotnet-sdk-team"
"AWS.Tools.QApps","aws-dotnet-sdk-team"
"AWS.Tools.QBusiness","aws-dotnet-sdk-team"
"AWS.Tools.QConnect","aws-dotnet-sdk-team"
"AWS.Tools.QLDB","aws-dotnet-sdk-team"
"AWS.Tools.QLDBSession","aws-dotnet-sdk-team"
"AWS.Tools.QuickSight","aws-dotnet-sdk-team"
"AWS.Tools.RAM","aws-dotnet-sdk-team"
"AWS.Tools.RDS","aws-dotnet-sdk-team"
"AWS.Tools.RDSDataService","aws-dotnet-sdk-team"
"AWS.Tools.RecycleBin","aws-dotnet-sdk-team"
"AWS.Tools.Redshift","aws-dotnet-sdk-team"
"AWS.Tools.RedshiftDataAPIService","aws-dotnet-sdk-team"
"AWS.Tools.RedshiftServerless","aws-dotnet-sdk-team"
"AWS.Tools.Rekognition","aws-dotnet-sdk-team"
"AWS.Tools.Repostspace","aws-dotnet-sdk-team"
"AWS.Tools.ResilienceHub","aws-dotnet-sdk-team"
"AWS.Tools.ResourceExplorer2","aws-dotnet-sdk-team"
"AWS.Tools.ResourceGroups","aws-dotnet-sdk-team"
"AWS.Tools.ResourceGroupsTaggingAPI","aws-dotnet-sdk-team"
"AWS.Tools.RoboMaker","aws-dotnet-sdk-team"
"AWS.Tools.Route53","aws-dotnet-sdk-team"
"AWS.Tools.Route53Domains","aws-dotnet-sdk-team"
"AWS.Tools.Route53Profiles","aws-dotnet-sdk-team"
"AWS.Tools.Route53RecoveryCluster","aws-dotnet-sdk-team"
"AWS.Tools.Route53RecoveryControlConfig","aws-dotnet-sdk-team"
"AWS.Tools.Route53RecoveryReadiness","aws-dotnet-sdk-team"
"AWS.Tools.Route53Resolver","aws-dotnet-sdk-team"
"AWS.Tools.S3","aws-dotnet-sdk-team"
"AWS.Tools.S3Control","aws-dotnet-sdk-team"
"AWS.Tools.S3Outposts","aws-dotnet-sdk-team"
"AWS.Tools.S3Tables","aws-dotnet-sdk-team"
"AWS.Tools.S3Vectors","aws-dotnet-sdk-team"
"AWS.Tools.SageMaker","aws-dotnet-sdk-team"
"AWS.Tools.SagemakerEdgeManager","aws-dotnet-sdk-team"
"AWS.Tools.SageMakerFeatureStoreRuntime","aws-dotnet-sdk-team"
"AWS.Tools.SageMakerGeospatial","aws-dotnet-sdk-team"
"AWS.Tools.SageMakerMetrics","aws-dotnet-sdk-team"
"AWS.Tools.SageMakerRuntime","aws-dotnet-sdk-team"
"AWS.Tools.SavingsPlans","aws-dotnet-sdk-team"
"AWS.Tools.Scheduler","aws-dotnet-sdk-team"
"AWS.Tools.Schemas","aws-dotnet-sdk-team"
"AWS.Tools.SecretsManager","aws-dotnet-sdk-team"
"AWS.Tools.SecurityHub","aws-dotnet-sdk-team"
"AWS.Tools.SecurityIR","aws-dotnet-sdk-team"
"AWS.Tools.SecurityLake","aws-dotnet-sdk-team"
"AWS.Tools.SecurityToken","aws-dotnet-sdk-team"
"AWS.Tools.ServerlessApplicationRepository","aws-dotnet-sdk-team"
"AWS.Tools.ServerMigrationService","aws-dotnet-sdk-team"
"AWS.Tools.ServiceCatalog","aws-dotnet-sdk-team"
"AWS.Tools.ServiceDiscovery","aws-dotnet-sdk-team"
"AWS.Tools.ServiceQuotas","aws-dotnet-sdk-team"
"AWS.Tools.Shield","aws-dotnet-sdk-team"
"AWS.Tools.SimpleEmail","aws-dotnet-sdk-team"
"AWS.Tools.SimpleEmailV2","aws-dotnet-sdk-team"
"AWS.Tools.SimpleNotificationService","aws-dotnet-sdk-team"
"AWS.Tools.SimpleSystemsManagement","aws-dotnet-sdk-team"
"AWS.Tools.SimpleWorkflow","aws-dotnet-sdk-team"
"AWS.Tools.SimSpaceWeaver","aws-dotnet-sdk-team"
"AWS.Tools.Snowball","aws-dotnet-sdk-team"
"AWS.Tools.SnowDeviceManagement","aws-dotnet-sdk-team"
"AWS.Tools.SocialMessaging","aws-dotnet-sdk-team"
"AWS.Tools.SQS","aws-dotnet-sdk-team"
"AWS.Tools.SSMContacts","aws-dotnet-sdk-team"
"AWS.Tools.SSMGuiConnect","aws-dotnet-sdk-team"
"AWS.Tools.SSMIncidents","aws-dotnet-sdk-team"
"AWS.Tools.SSMQuickSetup","aws-dotnet-sdk-team"
"AWS.Tools.SsmSap","aws-dotnet-sdk-team"
"AWS.Tools.SSO","aws-dotnet-sdk-team"
"AWS.Tools.SSOAdmin","aws-dotnet-sdk-team"
"AWS.Tools.SSOOIDC","aws-dotnet-sdk-team"
"AWS.Tools.StepFunctions","aws-dotnet-sdk-team"
"AWS.Tools.StorageGateway","aws-dotnet-sdk-team"
"AWS.Tools.SupplyChain","aws-dotnet-sdk-team"
"AWS.Tools.SupportApp","aws-dotnet-sdk-team"
"AWS.Tools.Synthetics","aws-dotnet-sdk-team"
"AWS.Tools.TaxSettings","aws-dotnet-sdk-team"
"AWS.Tools.Textract","aws-dotnet-sdk-team"
"AWS.Tools.TimestreamInfluxDB","aws-dotnet-sdk-team"
"AWS.Tools.TimestreamQuery","aws-dotnet-sdk-team"
"AWS.Tools.TimestreamWrite","aws-dotnet-sdk-team"
"AWS.Tools.Tnb","aws-dotnet-sdk-team"
"AWS.Tools.TranscribeService","aws-dotnet-sdk-team"
"AWS.Tools.Transfer","aws-dotnet-sdk-team"
"AWS.Tools.Translate","aws-dotnet-sdk-team"
"AWS.Tools.TrustedAdvisor","aws-dotnet-sdk-team"
"AWS.Tools.VerifiedPermissions","aws-dotnet-sdk-team"
"AWS.Tools.VoiceID","aws-dotnet-sdk-team"
"AWS.Tools.VPCLattice","aws-dotnet-sdk-team"
"AWS.Tools.WAF","aws-dotnet-sdk-team"
"AWS.Tools.WAFRegional","aws-dotnet-sdk-team"
"AWS.Tools.WAFV2","aws-dotnet-sdk-team"
"AWS.Tools.WellArchitected","aws-dotnet-sdk-team"
"AWS.Tools.WorkDocs","aws-dotnet-sdk-team"
"AWS.Tools.WorkLink","aws-dotnet-sdk-team"
"AWS.Tools.WorkMail","aws-dotnet-sdk-team"
"AWS.Tools.WorkMailMessageFlow","aws-dotnet-sdk-team"
"AWS.Tools.WorkSpaces","aws-dotnet-sdk-team"
"AWS.Tools.WorkspacesInstances","aws-dotnet-sdk-team"
"AWS.Tools.WorkSpacesThinClient","aws-dotnet-sdk-team"
"AWS.Tools.WorkSpacesWeb","aws-dotnet-sdk-team"
"AWS.Tools.XRay","aws-dotnet-sdk-team"
"awsBox","mbrine"
"AwsCfn","ezs-ebekker"
"AWSCompleter","mziyabo"
"AWSCostExplorerCmdlets","CData"
"AwsCredentialsManager","CurtisLusmore"
"AWSDataManagementCmdlets","CData"
"AwsDscToolkit","PowerShellTeam"
"AWSExt","trevor"
"AWSLambdaPSCore","aws-dotnet-sdk-team"
"AWSLogin","BAD2BEEF"
"AWSMFAProfile","channyein87"
"awsModule","mbrine"
"awsnetsec","mbrine"
"awso","visschers.m"
"AWSPowerShell","aws-dotnet-sdk-team"
"AWSPowerShell.NetCore","aws-dotnet-sdk-team"
"AWSPriceList","michael.haken"
"AWSProfileManager","zoltan-magyar"
"AWSSSOHelper","efab9c6f2b4c49578f8e619e27f6b3fb"
"AwsSSORoleHelper","0xw1sky"
"AWSTestHelper","SamMartin"
"AwsUtilities","michael.haken"
"AwsUtils","rhpkegel"
"AWSWindowsHelpers","SamMartin"
"ax2012.tools","splaxi"
"AxAzureBlueprint","Agazoth"
"AxcientAPI","AdamBurley"
"AxCosmosDB","Agazoth"
"AxCredentialVault","Agazoth"
"Axinom.DevOpsTooling","sandersaares"
"Axinom.Drm","sandersaares"
"AxisPowershell","AbelFox"
"AxKeyVault","Agazoth"
"AxKeyVaultExtension","Agazoth"
"AxSQLServerCe","Agazoth"
"Az","azure-sdk,adityapatwardhan"
"az-bootstrap","kewalaka"
"Az-mine","alerickson"
"Az-mine2","alerickson"
"Az.Accounts","azure-sdk"
"Az.ActivityLogAlert","sjnscythe02"
"Az.ADDomainServices","azure-sdk"
"Az.Adm","Djacome"
"Az.Advisor","azure-sdk"
"Az.Aks","azure-sdk"
"Az.AksArc","azure-sdk"
"Az.Alb","azure-sdk"
"Az.AlertsManagement","azure-sdk"
"Az.AnalysisServices","azure-sdk"
"Az.ApiManagement","azure-sdk"
"Az.App","azure-sdk"
"Az.AppComplianceAutomation","azure-sdk"
"Az.AppConfiguration","azure-sdk"
"Az.ApplicationInsights","azure-sdk"
"Az.ApplicationMonitor","rajrang"
"Az.ArcGateway","azure-sdk"
"Az.ArcResourceBridge","azure-sdk"
"Az.ArizeAI","azure-sdk"
"Az.Astro","azure-sdk"
"Az.Attestation","azure-sdk"
"Az.Automanage","azure-sdk"
"Az.Automation","azure-sdk"
"Az.Avd","srozemuller"
"Az.BareMetal","azure-sdk"
"Az.Batch","azure-sdk"
"Az.Billing","azure-sdk"
"Az.BillingBenefits","azure-sdk"
"Az.Blueprint","azure-sdk"
"Az.BootStrapper","azure-sdk"
"Az.BotService","azure-sdk"
"Az.Carbon","azure-sdk"
"Az.Cdn","azure-sdk"
"Az.ChangeAnalysis","azure-sdk"
"Az.Chaos","azure-sdk"
"Az.CloneVirtualMachine","Jason.Parker"
"Az.CloudHsm","azure-sdk"
"Az.CloudService","azure-sdk"
"Az.CodeSigning","azure-sdk"
"Az.CognitiveServices","azure-sdk"
"Az.Communication","azure-sdk"
"Az.Compute","azure-sdk"
"Az.ComputeFleet","azure-sdk"
"Az.Computer","MicrosoftTeam"
"Az.ComputeSchedule","azure-sdk"
"Az.ConfidentialLedger","azure-sdk"
"Az.Confluent","azure-sdk"
"Az.ConnectedKubernetes","azure-sdk"
"Az.ConnectedMachine","azure-sdk"
"Az.ConnectedNetwork","azure-sdk"
"Az.ConnectedVMware","azure-sdk"
"Az.ContainerInstance","azure-sdk"
"Az.ContainerRegistry","azure-sdk"
"Az.CosmosDB","azure-sdk"
"Az.CostManagement","azure-sdk"
"Az.CustomLocation","azure-sdk"
"Az.CustomProviders","azure-sdk"
"Az.Dashboard","azure-sdk"
"Az.DataBox","azure-sdk"
"Az.DataBoxEdge","azure-sdk"
"Az.Databricks","azure-sdk"
"Az.Datadog","azure-sdk"
"Az.DataFactory","azure-sdk"
"Az.DataLakeAnalytics","azure-sdk"
"Az.DataLakeStore","azure-sdk"
"Az.DataMigration","azure-sdk"
"Az.DataProtection","azure-sdk"
"Az.DataShare","azure-sdk"
"Az.DataTransfer","azure-sdk"
"Az.DedicatedHsm","azure-sdk"
"Az.DependencyMap","azure-sdk"
"Az.DesktopVirtualization","azure-sdk"
"Az.DesktopVirtualization.Utility","RyenTang"
"Az.DevCenter","azure-sdk"
"Az.DeviceProvisioningServices","azure-sdk"
"Az.DeviceRegistry","azure-sdk"
"Az.DeviceUpdate","azure-sdk"
"Az.DevOps.Blueprint","mrptsai"
"Az.DevTestLabs","azure-sdk"
"Az.DigitalTwins","azure-sdk"
"Az.DiskPool","azure-sdk"
"Az.Dns","azure-sdk"
"Az.DnsResolver","azure-sdk"
"Az.Do","djj"
"Az.DynatraceObservability","azure-sdk"
"Az.EdgeOrder","azure-sdk"
"Az.EdgeZones","azure-sdk"
"Az.Elastic","azure-sdk"
"Az.ElasticSan","azure-sdk"
"Az.EventGrid","azure-sdk"
"Az.EventHub","azure-sdk"
"Az.Extensions.DynamicDeployment","haraldfianbakken"
"Az.Fabric","azure-sdk"
"Az.FirmwareAnalysis","azure-sdk"
"Az.Fleet","azure-sdk"
"Az.FluidRelay","azure-sdk"
"Az.FrontDoor","azure-sdk"
"Az.Functions","azure-sdk"
"Az.GraphServices","azure-sdk"
"Az.GuestConfiguration","azure-sdk"
"Az.HanaOnAzure","azure-sdk"
"Az.HDInsight","azure-sdk"
"Az.HdInsightOnAks","azure-sdk"
"Az.HealthBot","azure-sdk"
"Az.HealthcareApis","azure-sdk"
"Az.HealthDataAIServices","azure-sdk"
"Az.HPCCache","azure-sdk"
"Az.ImageBuilder","azure-sdk"
"Az.ImageBuilder.Tools","powers-hell"
"Az.ImportExport","azure-sdk"
"Az.Informatica","azure-sdk"
"Az.InfrastructureTesting","hattanshobokshi"
"Az.IotCentral","azure-sdk"
"Az.IotHub","azure-sdk"
"Az.IoTOperationsService","azure-sdk"
"Az.KeyVault","azure-sdk"
"Az.KubernetesConfiguration","azure-sdk"
"Az.KubernetesRuntime","azure-sdk"
"Az.Kusto","azure-sdk"
"Az.LabServices","azure-sdk"
"Az.LambdaTest","azure-sdk"
"Az.LoadTesting","azure-sdk"
"Az.LogAnalytics","JDMSFT"
"Az.LogicApp","azure-sdk"
"Az.Logz","azure-sdk"
"Az.MachineLearning","azure-sdk"
"Az.MachineLearningServices","azure-sdk"
"Az.Maintenance","azure-sdk"
"Az.ManagedNetworkFabric","azure-sdk"
"Az.ManagedServiceIdentity","azure-sdk"
"Az.ManagedServices","azure-sdk"
"Az.ManagementPartner","azure-sdk"
"Az.Maps","azure-sdk"
"Az.MariaDb","azure-sdk"
"Az.Marketplace","azure-sdk"
"Az.MarketplaceOrdering","azure-sdk"
"Az.Mdp","azure-sdk"
"Az.Media","azure-sdk"
"Az.Migrate","azure-sdk"
"Az.MixedReality","azure-sdk"
"Az.MobileNetwork","azure-sdk"
"Az.MongoDB","azure-sdk"
"Az.Monitor","azure-sdk"
"Az.MonitoringSolutions","azure-sdk"
"Az.MsiGraphPermissions","powers-hell"
"Az.MySql","azure-sdk"
"Az.NeonPostgres","azure-sdk"
"Az.NetAppFiles","azure-sdk"
"Az.Network","azure-sdk"
"Az.NetworkAnalytics","azure-sdk"
"Az.NetworkCloud","azure-sdk"
"Az.NetworkFunction","azure-sdk"
"Az.NewRelic","azure-sdk"
"Az.Nginx","azure-sdk"
"Az.NotificationHubs","azure-sdk"
"Az.OperationalInsights","azure-sdk"
"Az.Oracle","azure-sdk"
"Az.Orbital","azure-sdk"
"Az.PaloAltoNetworks","azure-sdk"
"Az.Peering","azure-sdk"
"Az.PolicyInsights","azure-sdk"
"Az.Portal","azure-sdk"
"Az.PostgreSql","azure-sdk"
"Az.PowerBIEmbedded","azure-sdk"
"Az.PrivateDns","azure-sdk"
"Az.ProviderHub","azure-sdk"
"Az.Purview","azure-sdk"
"Az.Quantum","azure-sdk"
"Az.Qumulo","azure-sdk"
"Az.Quota","azure-sdk"
"Az.RecoveryServices","azure-sdk"
"Az.RedisCache","azure-sdk"
"Az.RedisEnterpriseCache","azure-sdk"
"Az.Relay","azure-sdk"
"Az.Reservations","azure-sdk"
"Az.ResourceGraph","azure-sdk"
"Az.ResourceMover","azure-sdk"
"Az.Resources","azure-sdk"
"Az.RuntimeEnvironment","danielorelius"
"Az.ScVmm","azure-sdk"
"Az.Search","azure-sdk"
"Az.Security","azure-sdk"
"Az.SecurityInsights","azure-sdk"
"Az.SelfHelp","azure-sdk"
"Az.ServiceBus","azure-sdk"
"Az.ServiceFabric","azure-sdk"
"Az.ServiceLinker","azure-sdk"
"Az.SignalR","azure-sdk"
"Az.Sphere","azure-sdk"
"Az.SpringCloud","azure-sdk"
"Az.Sql","azure-sdk"
"Az.SqlVirtualMachine","azure-sdk"
"Az.Ssh","azure-sdk"
"Az.Ssh.ArcProxy","vthiebaut"
"Az.StackHCI","azure-sdk"
"Az.StackHCI.NetworkHUD","DFCUOMOJ,networkhudms"
"Az.StackHCIVM","azure-sdk"
"Az.StandbyPool","azure-sdk"
"Az.Storage","azure-sdk"
"Az.StorageAction","azure-sdk"
"Az.StorageCache","azure-sdk"
"Az.StorageDiscovery","azure-sdk"
"Az.StorageMover","azure-sdk"
"Az.StorageSync","azure-sdk"
"Az.StorageTable","MinghaoLi"
"Az.StreamAnalytics","azure-sdk"
"Az.Subscription","azure-sdk"
"Az.Support","azure-sdk"
"Az.Synapse","azure-sdk"
"Az.Terraform","azure-sdk"
"Az.TimeSeriesInsights","azure-sdk"
"Az.Tools.Installer","azure-sdk"
"Az.Tools.Migration","azure-sdk"
"Az.Tools.Predictor","azure-sdk"
"Az.TrafficManager","azure-sdk"
"Az.TrustedSigning","azure-sdk"
"Az.VMware","azure-sdk"
"Az.VoiceServices","azure-sdk"
"Az.Websites","azure-sdk"
"Az.WindowsIotServices","azure-sdk"
"Az.Workloads","azure-sdk"
"Az.Wvd","srozemuller"
"AzADX","Saggiehaimblog"
"AzAiTranslate","diko"
"AzAiUtil","jspaetzel"
"AzAPICall","julianhayward"
"AzAPICallBeta","julianhayward"
"AzAppConfig","PalmEmanuel"
"AzAppGatewayVisualizer","MarkFarkas"
"AzAppGWCert","VictorWelasco"
"AzAppRegistrationExpiry","aammirmirza"
"AzAuth","PalmEmanuel"
"AzAutomationTools","Aslan_Im"
"AzAutoTools","archmachina"
"AZBlobBackup","alatas"
"AzBluePrint","bentaylor"
"AzBobbyTables","PalmEmanuel"
"AzBuilder","lagebj"
"AzClassicModule","carloc"
"AzcmHelper","edyoung"
"AzCostOptimization","aammirmirza"
"AzCostTools","markwragg"
"AzDanglingDomain","arunmudiraj,cchougaonkar"
"AzDataFactoryV2Activities","NandanHegde"
"AzDataFactoryV2DataflowDependencies","NandanHegde"
"AzDataFactoryV2IntegrationRuntimeDependencies","NandanHegde"
"AzDataFactoryV2LinkedServiceDependencies","NandanHegde"
"AzDataFactoryV2PipelinesLastExecution","NandanHegde"
"AzDataFactoryV2TriggerDependencies","NandanHegde"
"AzDevOps","jeffpatton1971"
"AzDnsAsCode","Timsto"
"AzDO","mgeorgebrown89"
"AzdoAPITools","tsteenbakkers"
"AzDOCmd","thisJUSTin816"
"AzDOps","Burbert"
"AzDOTestResults","KenMuse"
"Azereo","Stereo89"
"AzExpression","SimonWahlin"
"AzExtensions","gogbg"
"AzFilesHybrid","mkjaer"
"AzFilesHybridTest","mkjaer"
"AzFilesSmbMIClient","surender"
"AzFnUtil","chris_dke"
"AZFW.NSG.LogViewer","nfriday"
"AzKube","dmealo"
"AZKVManager","colin.bee"
"AzLogDcrIngestPS","Morten_Knudsen"
"AzLogicAppStandardModule","asulpunto"
"AzMarketplace","mariussm"
"azmi","iricigor"
"AzMig.Dependencies","kkanukollu"
"AzNetworkDiagram","DanMadsen"
"AzNetworkLatency","AutoSysOps"
"aznetworktools","ar2chi"
"AzOps","uday31in,daltondhcp,jodahlbo"
"AzPipelineVariable","william-ellis"
"AzPolicyEvaluation","anwather"
"AzPolicyTest","tao.yang"
"AzPreview","azure-sdk"
"AzPseudoGUI","nExoR"
"AzReports","russellds"
"AzResourceGraph","SimonWahlin"
"AzResourceGraphPS","Morten_Knudsen"
"Azs.Azurebridge.Admin","azure-sdk"
"Azs.Backup.Admin","azure-sdk"
"Azs.Commerce.Admin","azure-sdk"
"Azs.Compute.Admin","azure-sdk"
"Azs.ContainerRegistry.Admin","azure-sdk"
"Azs.ContainerService.Admin","azure-sdk"
"Azs.Deployment.Admin","azure-sdk"
"Azs.Deployment.Worksheet","mikeva,ebmarq"
"Azs.Fabric.Admin","azure-sdk"
"Azs.Gallery.Admin","azure-sdk"
"Azs.Infrastructureinsights.Admin","azure-sdk"
"Azs.Keyvault.Admin","azure-sdk"
"Azs.Network.Admin","azure-sdk"
"Azs.Storage.Admin","azure-sdk"
"Azs.Subscriptions","azure-sdk"
"Azs.Subscriptions.Admin","azure-sdk"
"Azs.Syndication.Admin","BalaGanapathy,SergeiPopov,rakku"
"Azs.Tools.Admin","BalaGanapathy"
"Azs.Update.Admin","azure-sdk"
"AZSBTools","samb"
"AzsBuildUtilities","jecollet"
"AzSCAP.PolicyInsights","alrosado"
"AzSDK","AzSDKTeam"
"AzSDK.ArmTemplateEvaluator.Pre","AzSDKTeam"
"AzSDKPreview","AzSDKTeam"
"AzSentinel","pkhabazi"
"AzSentinelTI","SaggieHaim"
"AzSentinelTools","marc.ackermann"
"AzSHCI.ARCInstaller","bniranjanbhat,indraneelpal,ravitejapvs,suprakas,shkuang"
"AzSK","AzSDKTeam"
"AzSK.ADO","AzSDKTeam"
"AzSK.AzureDevOps","AzSDKTeam"
"AzSK.AAD","AzSDKTeam"
"AzSKPreview","AzSDKTeam"
"AzSKPreview.ADO","AzSDKTeam"
"AzSKPreview.AzureDevOps","AzSDKTeam"
"AzSpeedOps","Windos"
"AzSpeedTest","devblackops"
"AzSqlGateway","luis-aranda"
"AzStackHci.DiagnosticSettings","Birdy"
"AzStackHci.EnvironmentChecker","jerskine"
"AzStackHCI.VM","dtekchandani,cesqueda"
"AzStorageTable","valentinas.janeiko"
"AzStorageTable.TravisEz13","Travis"
"azsw","Blutsh"
"AzSynapseActivities","NandanHegde"
"AzSynapseDataflowDependencies","NandanHegde"
"AzSynapseDatasetDependencies","NandanHegde"
"AzSynapseIntegrationRuntimeDependencies","NandanHegde"
"AzSynapseLinkedServiceDependencies","NandanHegde"
"AzSynapsePipelineLastExecution","NandanHegde"
"AzSynapseTriggerDependencies","NandanHegde"
"AzTable","paulomarquesc,wenbinm,PaulCheng"
"aztexttospeech","adamtheautomator"
"AzToolbox","carloc"
"aztools","skatterbrainz"
"AzTS","AzTSSDKTeam"
"Azure","azure-sdk"
"azure-ad-license-status","DMoenks"
"azure-ad-recovery-manager","hkarthik7"
"Azure-SecurityAsCode","XpiritBV"
"Azure.AnalysisServices","azure-sdk"
"Azure.Arc.Jumpstart.Common","jumpstart"
"Azure.Arc.Jumpstart.LocalBox","jumpstart"
"azure.databricks.cicd.tools","simondmorias"
"azure.datafactory.tools","kamil_nowinski,AzurePlayer"
"Azure.DevOps","dnwlf"
"Azure.DevOps.Function.Collection","IgorHensch"
"Azure.EventHub","Marcel"
"Azure.Function.Tools","Fred"
"Azure.Storage","azure-sdk"
"azure.synapse.tools","kamil_nowinski,AzurePlayer"
"Azure.ToolKit","sdsoftware"
"AzureAD","AzureADPowerShell"
"AzureAD.Standard.Preview","nafeesmansoori2"
"AzureADAssessment","ramical,merill,MicrosoftAzureActiveDirectoryTeam"
"AzureADAuthMethods","AndresCanello,merill,MicrosoftAzureActiveDirectoryTeam"
"AzureADB2C","WimvdHeijkant,Taeke,WvandenHeijkant"
"AzureADCmdlets","CData"
"AzureAdDeployer","swissbuechi"
"AzureADExporter","merill,MicrosoftAzureActiveDirectoryTeam"
"AzureAdGovernanceAssessment","wvanbesien"
"AzureADHybridAuthenticationManagement","bpolatoglu,aupolnikov"
"AzureADIncidentResponse","merill,MicrosoftAzureActiveDirectoryTeam"
"AzureADKerberosTest","bpolatoglu,aupolnikov"
"AzureADLicensing","nicolonsky"
"AzureADPreview","AzureADPowerShell"
"AzureADStuff","ztrhgf"
"AzureADTenantID","darrenjrobinson"
"AzureADToolkit","merill,MicrosoftAzureActiveDirectoryTeam"
"AzureADUserFederation","darrenjrobinson"
"AzureAndADValidation","dseelinger"
"AzureAPICrawler","alsehr"
"AzureApiUtils","janhenrik"
"AzureApplicationStuff","ztrhgf"
"AzureArcConnectedAgentManagement","Kaido"
"AzureArcReOnboardingAssistant","Kaido"
"AzureARCStuff","ztrhgf"
"AzureArmTemplateHelper","takeshi-katano"
"AzureArtifactsPackageMigration","CoffeeChaser"
"AzureArtifactsPowerShellModuleHelper","deadlydog"
"AzureAssess","cedb"
"AzureAutomation","pkparsard"
"AzureAutomationAuthoringToolkit","jodoglevy,eamono,AzureAutomationTeam,alsab"
"AzureAutomationDebug","trondhindenes"
"AzureAutomationRunbookUtilities","jfanjoy"
"AzureAutomationTools.Logging","big-data-for-humans"
"AzureAutomationTools.PackageManagement","big-data-for-humans"
"AzureAutomationVsoGitSync","JoeBrockhaus-rax"
"AzureAvSetBasicPublicIPUpgrade","mtbmsft"
"AzureBasicLoadBalancerUpgrade","VictorWelasco,mtb,mtbmsft"
"AzureBicep","morleyj"
"AzureBlobStorageProvider","beefarino"
"AzureCli","daniel_te_winkel"
"AzureCmdlets","CData"
"AzureCodeSigning","vscx-platform-tools"
"AzureCommonStuff","ztrhgf"
"AzureConnectionAssistant","deathbyvegemite"
"AzureDataCatalogCmdlets","CData"
"AzureDatacenterIPOrNo","JanneMattila"
"AzureDataLakeManagement","SteveCInVA"
"AzureDataLakeUtils","saveenr"
"AzureDataManagementCmdlets","CData"
"AzureDeviceStuff","ztrhgf"
"AzureDevOps","PSModule.io"
"AzureDevOps.Services.OpenApi","Fred"
"AzureDevOpsAPIUtils","megel"
"AzureDevOpsBoardHelper","Panzerbjrn"
"AzureDevOpsCmdlets","CData"
"AzureDevopsDataCollector","dbw"
"AzureDevOpsHelpers","baker,devopsadm"
"AzureDevOpsHousekeeping","aammirmirza"
"AzureDevOpsIngest","MetaNull"
"AzureDevOpsLogging","mariussm"
"AzureDevOpsMgmt","joshuaitguy"
"AzureDevOpsPipeline","MetaNull"
"AzureDevOpsPowerShell","Dylan.Prins,Manbearpiet"
"AzureDevOpsPS","Razvan"
"AzureDevopsSnapshotBranchPolicies","Greyhamwoohoo"
"AzureDiagnosticsAndLogAnalytics","DougBradley"
"AzureExt","pcgeek86,trevor"
"AzureExtensions","gogbg"
"AzureFileSyncDsc","JanEgilRing"
"AzureFunctionConfiguration","WillyMoselhy"
"AzureFunctions.PowerShell.Durable.SDK","AnatoliB,davidmrdavid,andystaples"
"AzureFunctions.PowerShell.OpenTelemetry.SDK","AnatoliB,andystaples"
"AzureFunctions.PowerShell.SDK","AnatoliB,Francisco-Gamino,andystaples"
"AzureFwGitOps","Freakling"
"AzureGeneralHelpers","Panzerbjrn"
"AzureGraphApiHelper","Panzerbjrn"
"AzureGraphCmdlets","alexmarshall"
"AzureGroupStuff","ztrhgf"
"AzureHelper","PaulHCode"
"AzureHelpers","Adam_Coulter"
"AzureHunter","darkquasar"
"AzureIoT","markscholman,mark-s"
"AzureKeyVaultHelper","ChrisTaylorCodes"
"AzureKeyVaultPasswordRepo","tao.yang"
"AzureKeyVaultStuff","ztrhgf"
"AzureKQLPowerShellExtractor","Tushar_Mudi"
"AzureLoadBalancerNATPoolMigration","mtb,mtbmsft"
"AzureM365GroupManagement","jeffbrowntech"
"AzureML","Marcel"
"AzurePasswordManager","BertVandenberghe"
"AzurePIM","tenant-management-framework"
"AzurePIMStuff","ztrhgf"
"AzurePipelinesPS","Dejulia489"
"AzurePowerShellUtilityFunctions","kbabinec,akulp-hc"
"AzureProfile","elogeel"
"AzurePSDrive","PowerShellTeam,raghushantha,jen,BingfengLi"
"AzurePublicIPAddresses","PoshSecurity"
"AzureResourceData","OxHobbs"
"AzureResourceInventory","merola"
"AzureResourceManagementCmdlets","CData"
"AzureResourceSecurity","JamesBannan"
"AzureResourceStuff","ztrhgf"
"AzureRestApiHelper","Panzerbjrn"
"AzureRestHelper","gogbg"
"AzureRM","azure-sdk"
"azurerm-helpers","oliverli"
"AzureRM.AnalysisServices","azure-sdk"
"AzureRM.ApiManagement","azure-sdk"
"AzureRM.ApplicationInsights","azure-sdk"
"AzureRM.Automation","azure-sdk"
"AzureRm.AvailabilitySetManagement","paulomarquesc"
"AzureRM.AzureStackAdmin","azure-sdk"
"AzureRM.AzureStackStorage","azure-sdk"
"AzureRM.Backup","azure-sdk"
"AzureRM.Batch","azure-sdk"
"AzureRM.Billing","azure-sdk"
"AzureRM.BootStrapper","azure-sdk"
"AzureRM.Cdn","azure-sdk"
"AzureRM.CognitiveServices","azure-sdk"
"AzureRM.Compute","azure-sdk"
"AzureRM.Compute.Experiments","azure-sdk"
"AzureRM.Consumption","azure-sdk"
"AzureRM.ContainerInstance","azure-sdk"
"AzureRM.ContainerRegistry","azure-sdk"
"AzureRM.DataFactories","azure-sdk"
"AzureRM.DataFactoryV2","azure-sdk"
"AzureRM.DataLakeAnalytics","azure-sdk"
"AzureRM.DataLakeStore","azure-sdk"
"AzureRM.DataMigration","azure-sdk"
"AzureRM.DevTestLabs","azure-sdk"
"AzureRM.Dns","azure-sdk"
"AzureRM.EventGrid","azure-sdk"
"AzureRM.EventHub","azure-sdk"
"AzureRm.Extensions","splaxi"
"AzureRM.FrontDoor","azure-sdk"
"AzureRM.HDInsight","azure-sdk"
"AzureRM.Insights","azure-sdk"
"AzureRM.IotHub","azure-sdk"
"AzureRM.KeyVault","azure-sdk"
"AzureRM.LogicApp","azure-sdk"
"AzureRM.MachineLearning","azure-sdk"
"AzureRM.MachineLearningCompute","azure-sdk"
"AzureRM.ManagementPartner","azure-sdk"
"AzureRM.Maps","azure-sdk"
"AzureRM.MarketplaceOrdering","azure-sdk"
"AzureRM.Media","azure-sdk"
"AzureRM.Netcore","azure-sdk"
"AzureRM.Network","azure-sdk"
"AzureRM.NotificationHubs","azure-sdk"
"AzureRM.OperationalInsights","azure-sdk"
"AzureRM.PolicyInsights","azure-sdk"
"AzureRM.PowerBIEmbedded","azure-sdk"
"AzureRM.profile","azure-sdk"
"AzureRM.RecoveryServices","azure-sdk"
"AzureRM.RecoveryServices.Backup","azure-sdk"
"AzureRM.RecoveryServices.SiteRecovery","azure-sdk"
"AzureRM.RedisCache","azure-sdk"
"AzureRM.Relay","azure-sdk"
"AzureRM.Reservations","azure-sdk"
"AzureRM.Resources","azure-sdk"
"AzureRM.Scheduler","azure-sdk"
"AzureRM.ServerManagement","azure-sdk"
"AzureRM.ServiceBus","azure-sdk"
"AzureRM.ServiceFabric","azure-sdk"
"AzureRM.SignalR","azure-sdk"
"AzureRM.SiteRecovery","azure-sdk"
"AzureRM.Sql","azure-sdk"
"AzureRM.Storage","azure-sdk"
"AzureRM.StreamAnalytics","azure-sdk"
"AzureRM.Subscription.Preview","azure-sdk"
"AzureRM.Tags","azure-sdk"
"AzureRM.TrafficManager","azure-sdk"
"AzureRM.UsageAggregates","azure-sdk"
"AzureRM.Websites","azure-sdk"
"AzureRM.Websites.Experiments","azure-sdk"
"AzureRMADAppPermissionsReport","Jos"
"AzureRMAppGWCert","VictorWelasco"
"AzureRMCertAuthentication","VictorWelasco"
"AzureRmImageManagement","paulomarquesc"
"AzureRmMinus","sengokyu"
"AzureRmStorageQueue","paulomarquesc"
"AzureRmStorageTable","paulomarquesc,PaulCheng"
"AzureRoleStuff","ztrhgf"
"AzureSaveMoney","ChadSchultz"
"AzureSearch","kotetz"
"AzureSecrets","Nik-Chikersal,Fejshell"
"AzureSerialAccessConsole","sfish"
"AzureServiceBusCreation","SandeepManthri"
"AzureServiceBusManagement","davidobrien"
"AzureServicePrincipalAccount","tao.yang"
"AzureSignInAudit","Largehawiian"
"AzureSimpleREST","FBader"
"AzureSqlMaintenancePlan","panicoenlaxbox"
"AzureStack","azure-sdk"
"AzureStackHCIJumpstart","dfcuomo,DFCUOMOJ,CoreNetBuilder,sarahmoon"
"AzureStackVaaS","gadeweev,ZhuangyingXu,alanyu"
"AzureStateManager","krowlandson"
"AzureStorageTools","Prajeesh"
"AzureStuff","ztrhgf"
"AzureSynapseCmdlets","CData"
"AzureTableEntity","tao.yang"
"AzureTablesCmdlets","CData"
"AzureToolsBD09","BrentD09"
"AzureUserStuff","ztrhgf"
"AzureUtil","takeshi-katano"
"AzureVMPublicIPUpgrade","mtb,mtbmsft"
"AzureVMSnapshot","Danido95"
"AzureVmSnapshots","adamtheautomator"
"AzureVpnClient","askew"
"azureVpnP2SSelfSignedCertificate","bentaylor"
"AzureWvdDsc","OxHobbs"
"AzViz","PrateekSingh"
"AzVnetGraph","ThomasDetemmerman"
"AzVnetTools","FredrikRydin"
"AzWhoAmI","sassdawe"
"AzWorkspaceManager","azurekid"
"babash","franck.soubieres"
"BackTheGraphUp","david_brook"
"Backup","masters274"
"Backup-SteamScreenshots","sysadt"
"backup-wsl","tonymet"
"BackupRepos","Zendiale"
"BaileyPoint.SPMT.Tools","BaileyPoint"
"BambooApi","mister-dj"
"Bamboozled","SimonXCIV"
"BAMCIS.Base64","michael.haken"
"BAMCIS.ByteArrays","michael.haken"
"BAMCIS.Common","michael.haken"
"BAMCIS.CredentialManager","michael.haken"
"BAMCIS.Crypto","michael.haken"
"BAMCIS.DynamicParam","michael.haken"
"BAMCIS.FileIO","michael.haken"
"BAMCIS.Logging","michael.haken"
"BAMCIS.Networking","michael.haken"
"BAMCIS.OffensiveSecurity","michael.haken"
"BAMCIS.TokenManipulation","michael.haken"
"BAMCIS.UserAccounts","michael.haken"
"BandwidthConverter","jhodges8"
"Banxico.CLABE","fbe75380fbd4"
"BarracudaESSAPI","Largehawiian"
"bartender","adrian.andersson"
"Base64","PSModule.io"
"base64-guid_transform","wctr"
"Base64ify","mkletz"
"Base64String","MiniModules"
"BaseApiBuilder","LarryWisherMan"
"BasecampCmdlets","CData"
"BaseEncoder","fissionproducts"
"BaselineCheck","shield"
"BaselineManagement","Bobby.Reed,migreene"
"Bash","patto-sk"
"batarang","batman1001"
"BattleFaction2019","Agazoth"
"BC","freddydk"
"BC.ALGoHelper","freddydk"
"BC.AppSourceHelper","freddydk"
"BC.ArtifactsHelper","freddydk"
"BC.AuthenticationHelper","freddydk"
"BC.ConfigurationHelper","freddydk"
"BC.HelperFunctions","freddydk"
"BC.NuGetHelper","freddydk"
"BC.SaasHelper","freddydk"
"BC.TelemetryHelper","freddydk"
"bc365-create-container","rpter"
"Bca.Dac","bca"
"Bca.Docker","bca"
"Bca.Jwt","bca"
"bca.Nuget","bca"
"Bca.Spdx","bca"
"Bca.Test","bca"
"Bca.Text","bca"
"BCAddressGeocoder","wang_levine"
"BcAdmin","jvincke"
"BcAdmin.Az","jvincke"
"BcAdmin.Core","jvincke"
"BcAdmin.Ssl","jvincke"
"BCComputerInfo","bjar085d"
"BcContainerHelper","freddydk,aholstrup,mazhelez"
"BCDeploy","rasmusedberg"
"BCM","Kine"
"bConnect","ahaugk"
"bConnectV2","baramundi-software"
"BCPowerTools","thomasg"
"BCSPowershellModule","MathiasBrightCom"
"BCWHSendpoint","wadebach22"
"BCWHSendpointIR","wadebach22"
"bdh","RonaldBuys"
"BE.ROXA.Exchange","Robin"
"beam.serverside","qbik"
"beam.serverside.new","beam"
"BeardAnalysis","SQLDBAWithABeard"
"Beaver","Mirek"
"BeHub","Mathias.Siebert,Hpga2024,Bastian.Knoop,GeorgVogl"
"belt","leighlondon"
"Benchmark","joakimbs"
"Benchpress","Start-Automating"
"BenchPress.Azure","hattanshobokshi"
"Bendev.Assets.Management","bmoles"
"BeneathTheCanals","HeyItsGilbert"
"BenLPed.Scriptlogging","BenniLPedersen"
"BennerBinChanger","Guilherme.Silveira"
"better-ls","RodEsp"
"BetterCredentials","Jaykul"
"BetterHistoryNavigation","gly"
"BetterTls","MarkEKraus"
"BGProcess","joshooaj"
"BHS-PortalCliente","DanielSantos"
"BhudLib","dlamkins"
"Bia.Countries","jlehto"
"Bibin","bibin1991"
"Bicep","SimonWahlin,StefanIvemo"
"BicepDev","CurleyJohnson"
"BicepNet.PS","SimonWahlin"
"BicepTest","munishm"
"BicepTester","munishm"
"BigCommerceCmdlets","CData"
"BIGCommonPS5","BIGAsimP"
"BIGCommonPS7","BIGAsimP"
"BiGevalCmdlets","bigeval,big-eval"
"BigFix","promptus"
"BigSolution.FakeModule","BigBeni"
"BiitOps-Functions","MichaelBusackBertelsen"
"BikeshedDocumentAuthoring","sandersaares,DASH-IF"
"BikeshedDocumentAuthoring.Automation","sandersaares,DASH-IF"
"Billomat","Schnuderl"
"BillyLove","AdmBilwan"
"BinaryPasswordGenerator","elarsson"
"BinaryTree.Internal.Power365.Dev","binarytreepackagepublisherquest"
"BinaryTree.Power365","binarytreepackagepublisherquest"
"BindingRedirects","bdukes,bdukes-engage1"
"BinEnvPath","henriquedoval"
"Bing","Jaykul"
"BingAdsCmdlets","CData"
"BingCmdlets","CData"
"binGist","maoizm"
"BingWallpaper","Jaykul"
"Bino.Bootstrap","binochoi"
"Bino.PersonalAliases","binochoi"
"BinShred","LeeHolmes"
"BinWips","dcarrigg"
"BioNameGenerator","Mxrcon"
"Bitbucket","ybelval"
"Bitbucket.v2","mrptsai"
"BitbucketCLI","jsoliveir"
"BitBucketCloud","NicholasDille"
"BitBucketServer","NicholasDille"
"BitbucketServerAutomation","pshdo,webmd-health-services,DecoyJoe"
"BitdefenderHealth","wasserja"
"BitsServer","jasonmorgan"
"BitTitan.Runbooks.ActiveDirectory.Beta","BT_AutomationEngineers"
"BitTitan.Runbooks.AzureAD","BT_AutomationEngineers"
"BitTitan.Runbooks.AzureAD.Beta","BT_AutomationEngineers"
"BitTitan.Runbooks.AzureRM","BT_AutomationEngineers"
"BitTitan.Runbooks.AzureRM.Beta","BT_AutomationEngineers"
"BitTitan.Runbooks.AzureRMS","BT_AutomationEngineers"
"BitTitan.Runbooks.AzureRMS.Beta","BT_AutomationEngineers"
"BitTitan.Runbooks.Common","BT_AutomationEngineers"
"BitTitan.Runbooks.Common.Beta","BT_AutomationEngineers"
"BitTitan.Runbooks.Csv","BT_AutomationEngineers"
"BitTitan.Runbooks.CSV.Beta","BT_AutomationEngineers"
"BitTitan.Runbooks.Excel","BT_AutomationEngineers"
"BitTitan.Runbooks.Excel.Beta","BT_AutomationEngineers"
"BitTitan.Runbooks.ExchangeOnline","BT_AutomationEngineers"
"BitTitan.Runbooks.ExchangeOnline.Beta","BT_AutomationEngineers"
"BitTitan.Runbooks.GSuite","BT_AutomationEngineers"
"BitTitan.Runbooks.GSuite.Beta","BT_AutomationEngineers"
"BitTitan.Runbooks.Microsoft365.Beta","BT_AutomationEngineers"
"BitTitan.Runbooks.MicrosoftGraph","BT_AutomationEngineers"
"BitTitan.Runbooks.MicrosoftGraph.Beta","BT_AutomationEngineers"
"BitTitan.Runbooks.MicrosoftTeams","BT_AutomationEngineers"
"BitTitan.Runbooks.MicrosoftTeams.Beta","BT_AutomationEngineers"
"BitTitan.Runbooks.Modules","BT_AutomationEngineers"
"BitTitan.Runbooks.Modules.Beta","BT_AutomationEngineers"
"BitTitan.Runbooks.MSOnline","BT_AutomationEngineers"
"BitTitan.Runbooks.MSOnline.Beta","BT_AutomationEngineers"
"BitTitan.Runbooks.MSPComplete","BT_AutomationEngineers"
"BitTitan.Runbooks.MSPComplete.Beta","BT_AutomationEngineers"
"BitTitan.Runbooks.Office365SecurityAndCompliance","BT_AutomationEngineers"
"BitTitan.Runbooks.Office365SecurityAndCompliance.Beta","BT_AutomationEngineers"
"BitTitan.Runbooks.OneDrive","BT_AutomationEngineers"
"BitTitan.Runbooks.PartnerCenter","BT_AutomationEngineers"
"BitTitan.Runbooks.PartnerCenter.Beta","BT_AutomationEngineers"
"BitTitan.Runbooks.SharePointOnline","BT_AutomationEngineers"
"BitTitan.Runbooks.SharePointOnline.Beta","BT_AutomationEngineers"
"BitTitan.Runbooks.SkypeForBusinessOnline","BT_AutomationEngineers"
"BitTitan.Runbooks.SkypeForBusinessOnline.Beta","BT_AutomationEngineers"
"BitTitan.Runbooks.Slack.Beta","BT_AutomationEngineers"
"BitTitan.Runbooks.Sync","BT_AutomationEngineers"
"BitTitan.Runbooks.Sync.Beta","BT_AutomationEngineers"
"BitTitan.Runbooks.TechData","BT_AutomationEngineers"
"BitTitan.Runbooks.TechData.Beta","BT_AutomationEngineers"
"BitTitan.Runbooks.UIAutomation","BT_AutomationEngineers"
"BitTitan.Runbooks.UIAutomation.Beta","BT_AutomationEngineers"
"BitTitanManagement","BT_AutomationEngineers"
"BittrexAPI","cmaahs"
"BitwardenPS","johnduprey"
"BitwardenWrapper","realslacker"
"biz.dfch.PS.Activiti.Client","dfch"
"biz.dfch.PS.Appclusive.Client","dfch"
"biz.dfch.PS.Azure.ServiceBus.Client","dfch"
"biz.dfch.PS.Azure.ServiceBus.Management","dfch"
"biz.dfch.PS.Cimi.Client","dfch"
"biz.dfch.PS.Redmine.Client","dfch"
"biz.dfch.PS.System.Logging","dfch"
"biz.dfch.PS.System.Utilities","dfch"
"BizTalk.Administration","icraftsoftware"
"BizTalk.Deployment","icraftsoftware"
"BizTalkGroupConfig","Well0549"
"BizTalkServer","pieterv"
"Bkstar123.PSModuleScaffolding","bkstar123"
"blackbox","HyundongHwang"
"BlackBytesBox.Manifested.Git","CarstenRiedel"
"BlackBytesBox.Manifested.Initialize","CarstenRiedel"
"BlackBytesBox.Manifested.Version","CarstenRiedel"
"BlackCat","azurekid"
"BlackDuck.Hub","ybronshteyn"
"Blackjack","Start-Automating"
"Blade","pshdo"
"BlazorHelp","einarhansson"
"BlizzMySQLHelper","JanaBaldszun"
"BlizzWoWRetailGameData","JanaBaldszun"
"BlizzWoWRetailProfile","JanaBaldszun"
"BlobTranscript","mrdobing"
"blogreader","adamtheautomator"
"BLRecoveryPassword","DawidProwadzisz"
"Blue","trondhindenes"
"Blue42","ignatz42"
"BluebirdPS","thedavecarroll"
"Bluecat.Address.Manager","9whirls"
"BlueCatPoSh","kilvari"
"BlueDolphin","Michael19842,rob1974"
"blueshellutils","dennypc"
"Bluesky","PSModule.io"
"BlueTuxedo","jakehildreth"
"bmgf.graph.jwt","tony334u"
"BNMoldovaCurrency","DenisBalan"
"Bomgar-API","eyuelkibebew"
"Book-PowerShell-Samples","guitarrapc"
"Bookmarks","Stadub"
"BootstrapPowerShellCore","pldmgg"
"Borg","AndiOliverIon"
"BotOperator","Almcchesney"
"BouncyPowershellPGP","chrislogan2"
"BounShell","Atreidae"
"BountyHunter","IamJakoby"
"Box","ddemingo"
"BoxCmdlets","CData"
"BoxTurtlePs","brianwoelfel"
"BranchesWithUpstreamGone","jhoek"
"Brevo","fasteiner,subo"
"brickBOX","pageBOX"
"Bricklead.BCDev.Tools","Yves.DESRUMAUX"
"Bricklead.DevOps.Tools","Yves.DESRUMAUX"
"Bricklead.GLPI.Tools","Yves.DESRUMAUX"
"Bricklead.Tools","Yves.DESRUMAUX"
"Bricklink","adamtheautomator"
"Brickset","jon_medd"
"BricksetCatalogue","tpcarman"
"BrickStore","adamtheautomator"
"BridgeWatcher","JCAP"
"BrightBookingBookingAdminTools","GoBright"
"BrightBookingUserAdminTools","GoBright"
"Brownserve.PSTools","ShoddyGuard,Brownserve-AutomatedBuild"
"BrowserBox-Installer","dosyago"
"BrowserCacheCleanup","BrentD09"
"BrowserExtensionReporting","JoseS"
"BrowserExtensionRisk","andysvints"
"BRSOps","BRS_kschuler"
"BruhArmy","evanjd711"
"BSAOvhApi","bsarrazin"
"BSG.PowerBI.Administration","BSGroup-DataAnalytics"
"BsonFile","nightroman"
"BugzillaCmdlets","CData"
"Build-Docs","cdhunt"
"Build-FreeIPAModule","MS-LUF"
"Build-LocksmithLab","jakehildreth"
"BuildAndDeploy","ukho"
"Buildbox","Ackara"
"Builder","macks"
"BuildHelpers","ramblingcookiemonster"
"BuildingBlocks","lnonce"
"BUILDLet.PowerShell.PackageMaker","dsakam"
"BUILDLet.PowerShell.Utilities","dsakam"
"BuildMasterAutomation","pshdo,webmd-health-services,DecoyJoe"
"BuildPhp","shivammathur"
"BuildPhpExtension","shivammathur"
"BuildPromptFromFiles","DougFinke"
"BuildRunnerVSCodeTools","tyler"
"BuildUtils","Alkampfer"
"BulkToken","stevenp"
"BullhornCRMCmdlets","CData"
"BullsAndCowsGame","firazsamet"
"BUP-Extractor","GraemeMeyer"
"BurntToast","Windos"
"BurpSuite","Playcool"
"BurpSuiteDeploy","Playcool"
"BusinessCentralApi","mister-dj"
"BusinessCentralApiExtras","mister-dj"
"Butcher","davidjanousek"
"BW.Utils.BindZoneFile","realslacker"
"BW.Utils.GroupPolicy","realslacker"
"BW.Utils.GroupPolicy.WMIFilter","realslacker"
"BW.Utils.InstallClickOnceApplication","realslacker"
"BW.Utils.OutJson","realslacker"
"BW.Utils.PSCron","realslacker"
"BW.Utils.WMIPermissions","realslacker"
"BWDynamicParameter","realslacker"
"BWNetworkTests","realslacker"
"BWRandomPassword","realslacker"
"c-hive","vivaXite"
"c2","IamJakoby"
"Cache","qbik"
"CacheMeIfYouCan","Ninmonkey"
"Cackledaemon","jfhbrook"
"cActiveDirectory","StevenMurawski"
"cActiveDirectoryModule","yangxinyun"
"cActiveDirectorySecurity","oliveirt"
"cADFS","halbarad"
"CafeSql","pollusb"
"CalcModule","alina"
"CalendarHoliday","michael.moshkovich"
"CaliNuxTestLol","CaliNux.ps1"
"CallPass","hsaito"
"CAM","JakeMarquez"
"CameraTools","AbelFox"
"CAMP","Neha_Pandey"
"camtasia-trec","he852100"
"Camunda","windischb"
"Camunda.PsClient","windischb"
"Capa.PowerShell.Module","Mark5900"
"Capa.PowerShell.Module.CCS","Mark5900"
"Capa.PowerShell.Module.PowerPack","Mark5900"
"Capa.PowerShell.Module.PowerPack.CMS","Mark5900"
"Capa.PowerShell.Module.PowerPack.Exit","Mark5900"
"Capa.PowerShell.Module.PowerPack.File","Mark5900"
"Capa.PowerShell.Module.PowerPack.Ini","Mark5900"
"Capa.PowerShell.Module.PowerPack.Job","Mark5900"
"Capa.PowerShell.Module.PowerPack.Log","Mark5900"
"Capa.PowerShell.Module.PowerPack.MSI","Mark5900"
"Capa.PowerShell.Module.PowerPack.Reg","Mark5900"
"Capa.PowerShell.Module.PowerPack.Service","Mark5900"
"Capa.PowerShell.Module.PowerPack.Shell","Mark5900"
"Capa.PowerShell.Module.PowerPack.Sys","Mark5900"
"Capa.PowerShell.Module.PowerPack.UsrMgr","Mark5900"
"Capa.PowerShell.Module.PowerPack.Winget","Mark5900"
"Capa.PowerShell.Module.SDK","Mark5900"
"Capa.PowerShell.Module.SDK.Authentication","Mark5900"
"Capa.PowerShell.Module.SDK.Container","Mark5900"
"Capa.PowerShell.Module.SDK.Group","Mark5900"
"Capa.PowerShell.Module.SDK.Inventory","Mark5900"
"Capa.PowerShell.Module.SDK.MDM","Mark5900"
"Capa.PowerShell.Module.SDK.OSDeployment","Mark5900"
"Capa.PowerShell.Module.SDK.Package","Mark5900"
"Capa.PowerShell.Module.SDK.SystemSdk","Mark5900"
"Capa.PowerShell.Module.SDK.Unit","Mark5900"
"Capa.PowerShell.Module.SDK.User","Mark5900"
"Capa.PowerShell.Module.SDK.Utilities","Mark5900"
"Capa.PowerShell.Module.SDK.VPP","Mark5900"
"Capa.PowerShell.Module.SDK.WSUS","Mark5900"
"Capa.PowerShell.Module.Tools","Mark5900"
"Capgemini.PowerPlatform.DevOps","LachlanFox-Capgemini"
"cAppxPackage","javydekoning"
"CaptureIT","MSAdministrator"
"Carbon","pshdo,webmd-health-services,DecoyJoe"
"Carbon.Accounts","webmd-health-services"
"Carbon.Core","webmd-health-services"
"Carbon.Cryptography","webmd-health-services"
"Carbon.DSC","webmd-health-services"
"Carbon.FileSystem","webmd-health-services"
"Carbon.IIS","webmd-health-services"
"Carbon.Registry","webmd-health-services"
"Carbon.ScheduledTasks","webmd-health-services"
"Carbon.Security","webmd-health-services"
"Carbon.Windows","webmd-health-services"
"Carbon.Windows.HttpServer","webmd-health-services"
"Carbon.Windows.Installer","webmd-health-services"
"CarbonAwareComputing","AydinMirMohammadi"
"CarbonBlackPS","timothymmurphy"
"CardWirthScenarioSummaryReader","braveripple"
"CareLink","adhocadam"
"Cartwheel.Directory","Derek"
"Cartwheel.Item","Derek"
"Cartwheel.SqlServer","Derek"
"Cartwheel.SSIS","Derek"
"Cartwheel.TargetAction","Derek"
"casing_TestModule","anamnavi"
"casing_TestModule2","anamnavi"
"CasingStyle","PSModule.io"
"cAspNetIisRegistration","rosberglinhares"
"CassandraCmdlets","CData"
"CAT","tomastucek,petr.parik"
"CatalystDosIdentity","jason.soto,mwpage"
"CATEncryptor","ThmsRynr"
"Catesta","jakewmorrison"
"Cayosoft.Graph","Andy-Cayosoft,GeorgeS-Cayosoft,mikhail.bobkov"
"cAzureKeyVault","nshenoy"
"cAzureStorage","eamono"
"CB.PSTK","PatrickLavallee"
"cbsch-pgsql","cbsch"
"cbsch-pslib","cbsch"
"cbsch-ssh","cbsch"
"CC.VisualStudio","cbcrouse"
"cCDROMdriveletter","kewalaka"
"cChoco","StevenMurawski,lawrencegripper,gep13,ferventcoder,pauby"
"cChoco-testing","lawrencegripper"
"cChocoEx","jyonke"
"ccicodefetcher","clemenscomer"
"ccicodefetcherDEV","dkcoder"
"ccicodefetcherTemp","kd2flz"
"CCLLC.Cds.DevOps.PowerShell","ColsonCode"
"CCM","PineNeedles"
"CCMClient","PineNeedles"
"CCMLogs","philccarney"
"cCogito","wasabi"
"cConfigMgr2012","davidobrien"
"cCouchPotato","PoshSecurity"
"cd-extras","ncox"
"CDFModule","Epical,CDFModule"
"cDhcpServerDynamicUpdate","mikejwhat"
"cdim","sweinst"
"cdmodule","Skyborg"
"cDockerDSC","yangxinyun"
"cDownloadFile","Gcarraro"
"cdpath","PowerCode"
"cdsa.build.xliffhelper","psgallery"
"cDscDocker","FrancisSetash"
"cDSCDockerSwarm","PScripted"
"CDSCmdlets","CData"
"CDSoftware","CDboy"
"cDtc","MathieuBuisson"
"cDtcResource","slawomir.pawluk"
"cElasticSearchDSC","yangxinyun"
"Celerium","Celerium"
"Celerium.Auvik","Celerium"
"Celerium.ITGlue","Celerium"
"Celerium.RocketCyber","Celerium"
"celin.ais.pwsh","herdubreid"
"celin.po","herdubreid"
"celin.state","herdubreid"
"CentralADTools","ManuKM"
"CentreonPS","FlorianClisson"
"cEPRSAddAslogOnSvc","EPRSBuild"
"cEPRSAddHost","EPRSBuild"
"cEPRSAzureFeatures","EPRSBuild"
"cEprsCertificate","EPRSBuild"
"cEprsCreateWindowsService","EPRSBuild"
"cEPRSDBFeatures","EPRSBuild"
"cEPRSDeployAzureWebsite","EPRSBuild"
"cEPRSDisableUAC","EPRSBuild"
"cEPRSEnableFirewallInboundConnections","EPRSBuild"
"cEPRSFolderPermissions","EPRSBuild"
"cEPRSGroupCreation","EPRSBuild"
"cEPRSInstallBinaries","EPRSBuild"
"cEPRSInstallBlendSDK","EPRSBuild"
"cEPRSInstallDotnetFramework","EPRSBuild"
"cEPRSInstallTFS2015","EPRSBuild"
"cEPRSKillProcess","EPRSBuild"
"cEPRSRenameFile","EPRSBuild"
"cEPRSRunXVT","EPRSBuild"
"cEPRSSharepoint","EPRSBuild"
"cEPRSSSIS","EPRSBuild"
"cEPRSWebDirProperties","EPRSBuild"
"cEPRSWebProperties","EPRSBuild"
"cEPRSXml","EPRSBuild"
"Cert","qbik"
"CertAdmin","brianary"
"CertCheck","archmachina"
"CertCheckStor","archmachina"
"Certera","certera"
"CertifiCat-PS","brendanfoley,mikeb-rit,cacits"
"CertificateDsc","PowerShellTeam,gaelcolas,dsccommunity"
"CertificateExpiration","mischka"
"CertificateHealth","wasserja"
"CertificatePS","dev1978"
"CertificateTools","thordreier"
"CertNoob","Przemyslaw.Klys"
"CertUtil","get-code.ch"
"cExecutionPolicy","ChristopherLewis"
"cf-api","marklindell"
"CfbsAzureBCDeployment","ClientsFirstBusinessSolutions"
"cFg","Start-Automating"
"cFileShare","VisualStudioALMRangers"
"cFirewall","SNikalaichyk"
"CFLogger","KevinAttardCompagno"
"cFolderQuota","SuperMarioo"
"cFSRM","dscottraynsford"
"cGit","randorfer"
"CGMM","RickA"
"CH9","RichardUlfvin"
"Chainsaw","luther38"
"Chalk","qbik"
"Change-IP","musaugurlu"
"ChangelogManagement","natescherer"
"ChangeScreenResolution","buscseik"
"ChartImage","psdevuk"
"chatGpt","IamJakoby"
"ChatGPTUnofficial","TyBis"
"CheckBackups","PatrykMilewski"
"Checkpoint","masters274"
"CheckSec","roberth"
"CheckServiceHealth","TechiesClub2021"
"ChefAutomate","JamesBannan"
"ChefConfSamples","StevenMurawski"
"chefhelpers","SamMartin"
"Chestnut","jorioux"
"chfs-tab-completion","abgo"
"ChicagoPowerShell2020","jeffbrowntech"
"ChiriTools","Chirishman"
"Choco","KUTlime"
"ChocoBot","choco_coaster"
"ChocoCCM","steviecoaster,chocolatey"
"ChocoDeploy","techdecline,decline"
"ChocoDeploy2","cschuchardt"
"ChocoForge","fdcastel"
"chocolatey","gaelcolas"
"Chocolatey-AU","chocolatey-community"
"Chocolatey-Commands","tbowers"
"chocolatey-tab-completion","csucjh"
"Chocolatey-tools","dfranciscus81"
"ChocolateyExtensionModule","angpysha"
"ChocolateyGet","Jianyunt,ethanbergstrom"
"ChocolateyPackageCreator","jmgilman"
"chocolateySourceExtensions","jmbeach"
"ChocolateyTools","nsdc92"
"ChocolateyUpdateMonitor","dailen"
"ChocolateyVersion","pauby"
"Chocolatier","ethanbergstrom"
"ChocoLogParse","HeyItsGilbert"
"ChocoMan","regg00"
"ChocoOneGet","Codeblack"
"ChoVersion","Jaykul"
"ChrissyColors","psdevuk"
"Christiaens.HelloWorld","olivierchristiaens"
"chromedriver","IamJakoby"
"chronometer","KevinMarquette"
"church-posh","snicol"
"cHyper-V","Ravikanth"
"cIBMHTTPServer","dennypc"
"cIBMInstallationManager","dennypc"
"cIBMWebSphereAppServer","dennypc"
"cIBMWebSpherePortal","dennypc"
"CICD","NicholasDille"
"Cidney","RobertKozak"
"CIE.PSTools","MattMatheus"
"Cif.V3.Management","dliboon"
"Cim","codykonior"
"CimDiskImage","JimMoyle"
"CimInventory","bartekb"
"CimPSDrive","HeMan"
"CimSession","codykonior"
"CimSweep","mattifestation"
"CIPPAPIModule","BenWeinberg"
"CircleCIDSC","makotom,bear,djdavisci,circleci-it"
"CircleCIDSCW","mmontpetit"
"CiresonAssetManagementPS","lazywinadm"
"CiresonPortalPS","lazywinadm"
"Cisco.HXPowerCLI","cisco-hyperflex-powershell-contact"
"Cisco.IMC","Cisco"
"Cisco.UCS.Common","Cisco"
"Cisco.UCS.Core","Cisco"
"Cisco.UCS.DesiredStateConfiguration","Cisco"
"Cisco.UCSCentral","Cisco"
"Cisco.UCSManager","Cisco"
"CiscoDev","brunobritorj"
"ciSCSI","dscottraynsford"
"CISDSC","UofI-Cybersecurity"
"CISPowerShell","d00mjaw87"
"CITools","archmachina"
"Citrix-Networking","davebrett"
"citrix-odata","karjona"
"Citrix.Image.Uploader","TomGoetz,MichaelDooley,CitrixImagePortability"
"Citrix.WEMSDK","menschab,msfreaks"
"Citrix.Workloads.Portability","TomGoetz,MichaelDooley,CitrixImagePortability"
"CitrixCloudPartnerModule","thomaspreischl"
"CitrixOptimizerAutomation","davebrett"
"CitrixPVS","MichaelWenger"
"CitrixPVSModule","mracket"
"CitrixSdwanFunctions","Shoaibys"
"CitrixShareFilePS","andylyonette"
"CitrixWemDsc","VirtualDesktopDevops"
"CIVMDisks","jonwaite"
"civoShell","roberth"
"cJenkins","JeB94"
"CJTools","cyrusj"
"ClarityPS","jpsider"
"ClassExplorer","SeeminglyScience"
"ClassLibrary1","arjun_91"
"ClassyLog","beanska"
"cLBFOTeam","J0F3"
"ClcControl","Dmitry.Gancho,ingenuity,aaronlemoine,DmitryGancho"
"cLCMCertManager","Justin_DynamicD"
"CleanupMonster","Przemyslaw.Klys"
"Clear-ExchangeLogs","rowelbalot"
"Clear-Files","royashbrook"
"Clear-Temporary","emerson"
"ClearingAcr","1V14713"
"CLI.Microsoft365.PowerShell.Predictor","anoopt"
"ClickupAPI","DrDrrae"
"cliHelper.env","chadnpc"
"cliHelper.gemini","chadnpc"
"cliHelper.logger","chadnpc"
"cliHelper.semver","chadnpc"
"cliHelper.trends","chadnpc"
"clihelper.weatherclient","chadnpc"
"cliHelper.xconvert","chadnpc"
"cliHelper.xcrypt","chadnpc"
"CliMenu","Tore.Groneng"
"clio","k.krylov"
"ClipboardImage","caddr"
"ClipboardText","mklement0"
"ClipboardTools","PetriPaavola"
"cLMHostLookup","DefiantOwl"
"ClobberTestModule1","alerickson"
"ClobberTestModule2","alerickson"
"cLocalFileShare","SNikalaichyk"
"cLocalGroup","SNikalaichyk"
"CloneApp","KevinBlumenfeld"
"Cloud-Radial-PowerShell-Module","chrisdavis"
"Cloud.Governance.Client","searlin,AvePoint_DevOps"
"Cloud.Group.Manager","jameel.syed"
"Cloud.Ready.Software.NAV","waldo"
"Cloud.Ready.Software.PowerShell","waldo"
"Cloud.Ready.Software.SQL","waldo"
"Cloud.Ready.Software.Windows","waldo"
"CloudantCmdlets","CData"
"CloudAssert.Billing","CloudOfficer"
"CloudAssert.Common","CloudOfficer"
"CloudAssert.Hybr","CloudOfficer"
"CloudAssert.VConnect","CloudOfficer"
"CloudBoltAutomation","pshdo,webmd-health-services,DecoyJoe"
"cloudcone.com","he852100"
"CloudConfigurationManager","NikCharleboisPFE"
"CloudConnect","matbyrd"
"CloudDeploymentFramework","Fabian.Lohauss"
"CloudEndure","michael.haken"
"CloudEvents.Sdk","CloudEvents"
"CloudFactory.Portal","larsarnth"
"cloudFlared","IamJakoby"
"CloudflareDnsTools","razumovsky_r"
"CloudflarePS","GavinEke"
"CloudiQ","roberth"
"CloudKatanaAbilities","Cyb3rWard0g"
"CloudLab","AndresCanello,merill"
"Cloudmarque.Azure","nathankitchen,Oliver.Atkinson"
"CloudNaming","tao.yang"
"CloudRemoting","muratiakos"
"CloudServerAgentUpdater","hdms"
"CLUFaber.Unity","clufaber"
"CLUFaber.UPM","clufaber"
"Cluster","chris.kuech,ZachChilders,chriskuech"
"ClusterMinimumValues","sfish"
"ClusterRenamer","hsaito"
"cMachineConfig","alexis.coles"
"CMADR","cschuchardt"
"cmartTestModule","cmart"
"CMAWS","chadish"
"CMBuild","skatterbrainz"
"CMBuilder","w0-cool"
"CMc-DNSEntry","ChaozMc"
"CMClient","wasserja"
"cmclustermaintenance","PowerSheller"
"cmd-posh-bridge","Q.Z.Lin"
"CmdFav","Callidus2000,callidus2001"
"Cmdlet-AssemblyInfo","emilw"
"CmdletExample","jaekwon.park"
"CmdMode","jimmehc"
"cMDT","RichardUlfvin"
"cMDTBuildLab","pvs"
"cmhealth","skatterbrainz"
"CMHealthcheck","skatterbrainz"
"CMLimitingCollection","markhallen"
"cmlogger","twillin912"
"CMMessaging","Ryan2065"
"cmnetworkports","skatterbrainz"
"cMongoDB","yangxinyun"
"CMOperations","JordanTheITGuy"
"cMoveAzureTempDrive","ChristopherLewis"
"cMoveCDRom","ChristopherLewis"
"cMsmq","SNikalaichyk"
"CMUtils","spitfire"
"CmxModule","tobiasgoeckel"
"CNGDPAPI","dooblpls"
"Cns.DataQuality","MartinB-CNS,RonKoppelaar,EFranken-CNS"
"cNtfsAccessControl","SNikalaichyk"
"cNuGet","jasonmorgan"
"cNuGetPackage","randorfer"
"CoaLoggingModule","jcrocke9"
"CoaOnlineModule","jcrocke9"
"CoApp","Overhatted"
"Cobalt","ethanbergstrom"
"CockroachDBCmdlets","CData"
"code-page","kakkun61"
"code365scripts","chenxizhang"
"code365scripts.core","chenxizhang"
"code365scripts.openai","chenxizhang"
"code365scripts.sandbox","chenxizhang"
"code365scripts.teams","chenxizhang"
"code365scripts.weixin","chenxizhang"
"CodeConversion","adamdriscoll"
"CodeCraft","Start-Automating"
"codedx","jerle78,codedx_aacuna"
"CodeProjectInit","san7211"
"CodeSign","0x4448"
"CodespaceHelper","rulasg"
"CodingAidsBD09","BrentD09"
"Cody.PureStorage.FlashArray.VMware","codyhosterman"
"Cody.PureStorage.Pure1","codyhosterman"
"codaamok","codaamok"
"codaamok.build","codaamok"
"Cofl.EncodedStrings","cofl"
"Cofl.GetFilteredChildItem","cofl"
"Cofl.Menu","cofl"
"Cofl.OSDManagement","cofl"
"Cofl.Util","cofl"
"CogniteInso","scottmelhop"
"Cohesity.PowerShell","shubham.kumar,amanprataprao"
"Cohesity.PowerShell.Core","shubham.kumar,amanprataprao"
"Coin","mmcnabb"
"Coinbase","NJ_Dude"
"CoinbasePro-Powershell","Invertee"
"CoinFlip","eddiejensen"
"CoinMarketCap","lazywinadm"
"ColoredText","n8tb1t"
"ColorizedHost","Turbosnute"
"ColorMode","saitonakamura"
"ColumnMapper","americanhanko"
"com.dbhistory.powershell","DBHistory.com"
"ComicConverter","psdevuk"
"command-not-found","dongbow"
"CommandParameterPV","hbt2"
"commitfusion","sgkens"
"Common","DoCode"
"CommonAliases","GeeLaw"
"CommonScriptFunctions","JustinLCooper"
"commonSense","IamJakoby"
"CommonStuff","ztrhgf"
"CommonTasks","Raimund,gaelcolas,AutomatedLabTeam,dsccommunity"
"CommonUtilities","GeeLaw"
"CommonvSphereTasks","Sigi"
"CommonWindowsFeature","timker"
"Communary.ConsoleExtensions","okallstad"
"Communary.Logger","okallstad"
"Communary.MUC","okallstad"
"Communary.PASM","okallstad"
"Commvault.TypeDefinitions","Jnaneshd"
"CommvaultPowerShell","Jnaneshd,Devanshu_Yadav"
"Compare-FileHash","TurtlShell"
"Compare-Strings","cwmason"
"comparecomputer","damien.vanrobaeys"
"CompatPowerShellGet","alerickson"
"Compendium.AclHelpers","SignalRichard"
"Competella.PowerShell","enghouse.ashishkataria"
"Compex.ActiveDirectory","bitbucketrobot-compex"
"Compex.Certificate","bitbucketrobot-compex"
"Compex.NewRelic","mark-studer-compex,bitbucketrobot-compex"
"Compex.NewRelic.Agents","bitbucketrobot-compex"
"Compex.ServerManagement","bitbucketrobot-compex"
"Compex.UserInput","bitbucketrobot-compex"
"Compex.VMWare","bitbucketrobot-compex"
"Compile-SourceScript","startersclan"
"CompleteHipChat","DaveStephens"
"CompletionPredictor","dongbow"
"Compliance365","FWN"
"ComplianceDiagnostics","jovind,ComplianceDiagnosticsTeam"
"ComplianceUtility","Schiroky"
"compositeresource","migreene"
"Compress-Files","Nouam"
"ComPrS","grey0ut"
"ComputerCleanup","Tech-Tom"
"ComputerInformation","tlcampbell87"
"ComputerManagement","jeffpatton1971"
"ComputerManagementDsc","PowerShellTeam,gaelcolas,dsccommunity"
"conbee-api-client","anothersalad"
"concourse","cnsn"
"CondaDSC","PeteK"
"CondaTabExpansion","m0gician"
"ConditionalAccess","WvandenHeijkant"
"ConditionalAccessAudit","PortalDotJay"
"ConditionalAccessIQ","thetolkienblackguy"
"config","kakkun61"
"ConfigExport","damien.vanrobaeys"
"ConfigFile","alekdavis"
"ConfigHive","hugobelin"
"ConfigMgr.AdminService","AdamGrossTX"
"ConfigMgrCBDsc","dsccommunity"
"configsets","chriskuech"
"Configuration","Jaykul"
"configuration-substitution","tosoikea"
"ConfigureEnvironment","dennisroche"
"ConfIni","LucasH68"
"Confirm-TFVars","JamesW4"
"Confluence","PSModule.io"
"ConfluenceAtlassian","itfranck"
"ConfluenceCmdlets","CData"
"ConfluenceIngest","MetaNull"
"ConfluencePS","brianbunke,AtlassianPS"
"ConfluenceStuff","ztrhgf"
"confPWUpdate","DavidAultzCOP"
"cOnlineAllDisks","ChristopherLewis"
"cOnlineAllDisksWithPools","ChristopherLewis"
"Connect-AzAD_Token","david_brook"
"Connect-AzureAutomation","robe070"
"Connect-MS365","blindzero"
"Connect-RemoteDesktop","realslacker"
"ConnectedUsers","Yevrag35"
"ConnectExchangeOnPrem","PurpleMonkey"
"Connectimo","Przemyslaw.Klys"
"ConnectO365","Jos.Verlinde"
"Connector.Cmd","vishwagarwal,Sathya_Swathy,sonusharma,snes,ranjanar,shrutijain,souravjha1111"
"ConnectorTools","Shruti_Chaudhary738"
"ConnectWiseAutomateAgent","ChrisTaylorCodes"
"ConnectWiseControlAPI","ChrisTaylorCodes"
"ConnectWiseManageAPI","ChrisTaylorCodes"
"ConnectWiseManageAPI-Evident","EvidentIT-EricChapman"
"ConnectWiser","szeraax"
"console","cn_codegod"
"ConsoleBouncer","jazzdelightsme"
"ConsoleImage","psdevuk"
"ConsoleInk","JonDavis"
"ConsoleLog","GeeLaw"
"ConsoleMenuTools.CliMenu","PoorlyExecuted"
"ConsoleMonster","Przemyslaw.Klys"
"ConsolX","MissionControlFreak"
"ContactConversionV1","timmcmic"
"ContactExpertRemoteManagement","ghorvath_geomant"
"ContainerImage","jayshah,quoct"
"ContainerMine","caddr"
"ContainerTools","noelbundick"
"Context","PSModule.io"
"ContextCache","Callidus2000"
"ContextSensitiveMenus","MikeShepard"
"ControlUp.Automation","PsAutomation,BenjaminSkoda,cu-devops-srv"
"ConversionModule","EdWilson"
"Convert","austoonz"
"Convert-Csv","Bajiri"
"Convert-Etl2Pcapng","JamesKehr"
"Convert-FileToBAT","zmilbourn"
"Convert-LBFO2SET","dfcuomo,DFCUOMOJ,CoreNetBuilder"
"Convert-OptionStringToEnum","jhoek"
"Convert-PDF","marcosflavio"
"Convert-SIDtoACName","CloudComputee.Com"
"Convert-Time","CloudComputee.Com"
"Convert-WindowsImage","Nirmal4G"
"Convert-XliffToBcDevComments","jhoek"
"convert2pdf","HyundongHwang"
"ConvertADName","MichalGajda"
"ConvertBase64Strings","charliebillen"
"ConvertFrom-DataRow","realslacker"
"ConvertFrom-FixedWidth","markgar1"
"ConvertFrom-GZipString","c.diehl"
"ConvertFrom-JsonFast","strawgate"
"ConvertFrom-JsonToHashtable","abgox"
"ConvertFrom-PowerShellDataFile","Supernaut"
"ConvertFrom-RegEx","hmmwhatsthisdo"
"ConvertFrom-StringTable","sietsevdschoot"
"ConvertFromMarkdown","DougFinke"
"ConvertOfficeSKU","Vikingr"
"ConvertPDFtoTXT","chixus"
"ConvertSID","rstolpe"
"ConvertStrings","apteco_fvb"
"ConvertTime","darrenjrobinson"
"convertto-breakpoint","KevinMarquette"
"ConvertTo-Hashtable","KevinAttardCompagno"
"ConvertTo-Ics","mrhvid"
"ConvertTo-JsonFromXml","CloudComputee.Com"
"ConvertTo-PEM","caddr"
"ConvertTo-ShortenedPath","okallstad"
"ConvertTo-Simnra","y-isoda"
"ConvertTo-SPOT","aammirmirza"
"ConvertTo-WebArchitect","scout249"
"ConvertTo-XLSX","royashbrook"
"ConvertToClass","DougFinke"
"ConvertToHtml","Travis"
"ConvertToSARIF","antonios.katopodis"
"ConvertToSimnra","y-isoda"
"ConvertUnixTimestamp","apteco_fvb"
"copilot-chatmodes","DougFinke"
"copilot-cli-powershell","Temm"
"CopilotHelper","rulasg"
"Copy-GitIgnore","hpcsc"
"Copy-PNPNavigation","Zeus"
"CopyBuild","JMN"
"CopyExistingADUserGroupMembership","shihan.pietersz"
"CopyGPOLinks","Martin_Binder"
"CopyScriptToClipboard","Martin_Binder"
"core","masters274"
"CoreCLI","Nate707"
"CorePosh","SpuriousTuples"
"CorkScrew","brianaddicks"
"CoronaModule","Frajcir"
"Corsinvest.ProxmoxVE.Api","franklupog"
"Corvus.Deployment","JamesDawson,endjin"
"Corvus.Deployment.Dataverse","endjin"
"cosmos-db","cmbrose"
"CosmosDB","dscottraynsford"
"CosmosDBCmdlets","CData"
"CosmosJobMonitor","aaronfo"
"CosmosLite","jformacek,JiriF"
"CostExportV2IngestData","darushah"
"CouchbaseCmdlets","CData"
"count-loc","urik"
"CountriesPS","lazywinadm"
"CoveBackupApi","Autom8r"
"coveralls","janjoris"
"cowponder","reid23"
"CowsaySharp","TerryTrent"
"cp-21ega.ExcelCoordinate","cp-21ega"
"cp-21keo.ExcelCoordinate","cp-21keo"
"cp-21lid.ExcelCoordinate","LiamDegen"
"cp-21nhi.ExcelCoordinate","cp-21nhi"
"cp-21papExcelCoordinateConversion","cp-21pap"
"cp-21sgr.ExcelCoordinate","cp-21sgr"
"cp-21trdExcelCellCoordinate","cp21trd"
"cp-21yamExcelCellCoordinate","cp-21yam"
"cp-21yamExcelCoordinate","cp-21yam"
"cp-miv.ExcelCoordinate","cp-miv"
"CPC.DeployInfra","cpc-deploy-infra"
"CPolydorou.7Z","cpolydorou"
"CPolydorou.ActiveDirectory","cpolydorou"
"CPolydorou.ActiveDirectoryLDAP","cpolydorou"
"CPolydorou.AdvancedAlgorithms","cpolydorou"
"CPolydorou.Azure.WebApp","cpolydorou"
"CPolydorou.DataStructures","cpolydorou"
"CPolydorou.Docker","cpolydorou"
"CPolydorou.Exchange","cpolydorou"
"CPolydorou.FileSystem","cpolydorou"
"CPolydorou.General","cpolydorou"
"CPolydorou.HostsFile","cpolydorou"
"CPolydorou.IIS","cpolydorou"
"CPolydorou.Link","cpolydorou"
"CPolydorou.Network","cpolydorou"
"CPolydorou.PowershellModulePath","cpolydorou"
"CPolydorou.ProxyServer","cpolydorou"
"CPolydorou.PSISE","cpolydorou"
"CPolydorou.PuTTY","cpolydorou"
"CPolydorou.Security","cpolydorou"
"CPolydorou.ShadowCopy","cpolydorou"
"CPolydorou.SystemPath","cpolydorou"
"cPowerPlan","J0F3"
"cPowerShellPackageManagement","tao.yang"
"CPR","jensgc"
"Cps.Adm","mirza"
"Cps.Base","mirza"
"Cps.Logger","mirza"
"Cps.PublicPsRepoTestOne","mirza"
"CPUAndBatteryInfo","svenvanrijen"
"CPUStressTest","Agazoth"
"CQDPowerShell","m365cxp"
"CQDTools","MartinRinas_MSFT"
"CQHttp","richardchien"
"cr-devops-rest","rphayclearesult"
"CramPOSH.PSSecret","cram42"
"cRavenDB","serbrech"
"Crayon","qbik"
"CRC","theaquamarine"
"Create-Cert","BSouch"
"Create-DevOpsProject","anselmoblopes_vh"
"Create-NewDevEnv","jzajac2"
"Createcs","iAbood69"
"CreateExoPsSession","jordanmills"
"CreateFile","balugajjala"
"CreativeMinds.DevOps","tobiaslekmancm"
"CredCraft","saikat4powershell"
"CredDrive","JustinGrote"
"CredentialLocker","MScholtes"
"CredentialManagement","MosaicMKSoftwareLLC"
"CredentialManager","davotronic5000,DaveGarnar"
"CredentialRetriever","pspete"
"CredentialsManager","iricigor"
"CredentialSpec","taylorb,taylorbrown,rpsqrd,mapalko"
"CredentialStore","fodonnel"
"CredentialStore.AzureKeyVault","fodonnel"
"CredentialUtility","hkarthik7"
"CredExtra","realslacker"
"CredMan","sergeypopov"
"CredSSPSession","theitguy107"
"cRegFile","MathieuBuisson"
"cRemoteDesktopServices","NicholasDille"
"CRemotePackage","yangxinyun"
"CretPosh","yveslaurentcreton"
"crm-ci","dhines"
"crm-datatools","dhines"
"CrmDataPackager","amervitz"
"Croze","ethanbergstrom"
"CRS.NavContainerHelperExtension","waldo"
"CRS.RemoteNAVDockerHostHelper","waldo"
"crwd-hbfw","Shadowbq"
"Crypto.AES","alan-null"
"Crypto.RSA","alan-null"
"cSABnzbd","PoshSecurity"
"cSCCM","Justin_DynamicD"
"cScom","jhp"
"CsdyPasswordGenerator","Csdy"
"cSecurityOptions","ChrisA.Walker"
"CSharp-Watch","mark-e-calder"
"CSHelper","jtuttas"
"CSLogParser","ping"
"cSNMP","fdibot"
"cSonarr","PoshSecurity"
"cSpeculationControlFixes","PoshSecurity"
"csproj","qbik"
"cSQLConfig","troyault"
"cSQLServerJDBCXA","dennypc"
"CSVCmdlets","CData"
"CsvSql","Christian.Martinez"
"CsvSqlcmd","chrissylemaire"
"CsvSqlimport","chrissylemaire"
"CSVValidator","pdearmen"
"CT-Standard","aspencer_ct"
"CT.WriteLog","CleverTwain"
"CTGlobal.Insight.Analytics","kristokruuser"
"CTGlobal.PimAdmin","JakobGSvendsen"
"CTToolkit","JakobGSvendsen,AndreasSobczyk"
"ctxal-sdk","ryancbutler"
"CTXCloudApi","smitpi"
"CTXXD-Replicate","ryancbutler"
"CType","JonNewman"
"Ctypes","jborean93"
"CUCMSidecarWorkflow","deathcat5"
"CUModule","CarmenU"
"Curl2PS","ThePoShWolf"
"Currency-Conv","Stadub"
"CurrencyConverter","markwragg"
"CursorPosition","musaugurlu"
"cUserRightsAssignment","SNikalaichyk"
"CustomizeWindows10","JanEgilRing,JaapBrasser"
"CustomizeWindows11","JaapBrasser"
"CustomPKI","lmmarsano"
"CustomPSTools","krowlandson"
"CustomSecurityAttribute","mariussm"
"cv-bConnect","Caritas-Merkens"
"cVNIC","J0F3"
"cWAP","marco.torello"
"cWAPack","bgelens"
"cWebManagementService","DarrenStarr"
"cWindowsErrorReporting","MathieuBuisson"
"cWindowsOS","Ravikanth"
"cWindowsServiceDSC","yangxinyun"
"cWINSClient","DefiantOwl"
"CWJAzureRegionIPRange","charleswj"
"CWJIPNetwork","charleswj"
"CWJMDEDeviceControl","charleswj"
"cwmanage","brianaddicks"
"cwmApi","rgg"
"cWMIPermanentEvents","Ravikanth"
"cWSMan","dscottraynsford"
"CWTimeEntry","joseph_robertson07"
"CYA","nickadam"
"CYB3RTools","cyber-rangers"
"Cyber_Profile","conio"
"CyberArk.SecretsHub","InfamousJoeG"
"CybereasonAPI","tobor"
"CyberInt.IoC","IPSecMSP-Platform"
"CyberwatchApi","fwininger"
"CyCLI","jan-tee,Cyberry"
"CygwinPS","domination"
"CygwinSetup","lucastheisen"
"CaaS","anthonypjshaw,manish.kp,jim.antill"
"d00m","d00mjaw87"
"d00mReport","d00mjaw87"
"D365-Admin","murat.vezir"
"d365bap.tools","splaxi"
"D365BCAppHelper","SimonOfHH"
"D365BCDownloadHelper","SimonOfHH"
"D365BCOnAzureDeployment","SimonOfHH"
"D365BCOnAzureHelper","SimonOfHH"
"D365BusinessCentralCmdlets","CData"
"d365ce.integrations","splaxi"
"D365FinOpCmdlets","CData"
"d365fo.integrations","splaxi,ITRasmus"
"d365fo.tools","splaxi,ITRasmus"
"D365FOIAM","darrenjrobinson"
"D365SalesCmdlets","CData"
"D365SalesIAM","darrenjrobinson"
"D4IOT","samikroy"
"DacFxed","Ed.Elliott"
"DacpacComparator","RohitBhagwani"
"dadoHelloWorld","dadone"
"Dagger","cdhunt"
"DailyBackup","jonlabelle"
"DamGauCmdlet","damgau"
"DansPSFuncs","dmurray2413"
"darkcoat","chrisbetts"
"DartagnanAutomation","snegr2022"
"DaSGit","DanStur"
"Dashimo","Przemyslaw.Klys"
"Database","chrissylemaire"
"dataBouncing","IamJakoby"
"DatabricksCmdlets","CData"
"DatabricksPS","gbrueckl"
"DataCenterBridging","dfcuomo,DFCUOMOJ,CoreNetBuilder"
"DataFrame","nightroman"
"DataGateway","gwpsgpub,dazhang,ratheja,ebramtawfik,qixiao"
"DataGateway.Profile","gwpsgpub,dazhang,ratheja,ebramtawfik"
"DataONTAP","KartikGupta,rajatw"
"DataOperations","mil0oz"
"dataops","chrissylemaire"
"DataProtectionManagerCX","JanEgilRing"
"DataSanitizer","fslef"
"DatedMail","Weishaupt"
"Daterpillar","Ackara"
"Daterpillar.Automation","Ackara"
"DateTime","PSModule.io"
"Datto-API","Largehawiian"
"Datto.DBPool.API","cksapp"
"Datto.DBPool.Refresh","cksapp"
"DattoAPI","Celerium"
"DattoRMM","aengels"
"DattoRmmApi","rgg"
"datum","gaelcolas"
"Datum.InvokeCommand","Raimund"
"Datum.ProtectedData","gaelcolas"
"DavaTools","dpazavalos"
"DavinciPS","chris.betts-dav"
"Dayforce","darrenjrobinson"
"DB2Cmdlets","CData"
"dbachecks","chrissylemaire,SQLDBAWithABeard,jpomfret"
"DbaClientX","Przemyslaw.Klys"
"dbaclone","sanderstad"
"dbadisa","chrissylemaire"
"dbareports","SQLDBAWithABeard,jstexasdba"
"dbaSecurityScan","Stuart.Moore"
"dbatools","chrissylemaire,FWN,SQLDBAWithABeard,wsmelton,jpomfret"
"dbatools.ai","chrissylemaire"
"dbatools.library","chrissylemaire"
"DbBackupControl","SaGSA"
"dbc_acc","davebrumbaugh"
"dbc_pwps","davebrumbaugh"
"DbData","codykonior"
"DBeaverCreds","Tatsh"
"dbops","nvarscar"
"dbprv.MultiMediaHelpers","dbprv"
"DbSmo","codykonior"
"DbWebApi-Client","AbelCheng"
"DCDevOpTools","davidcurd,Chris_Collins"
"Dcm","HanuDCM"
"DCManagement","FWN,Fred"
"DCOMPermissions","matherm-aboehm"
"dconf","freddie.sackur"
"DCToolbox","daniel.chronlund"
"DD.QA.Tools","clix455"
"DDD","dlenihan"
"DDO-PSTemplates","Dr_DevOps"
"Debug","n8tb1t"
"DebugPx","Poshoholic"
"DebugTools","lordmilko"
"DebugURL","TheLastHorcrux"
"DecodeSource","Schvenn"
"DeeplTranslate","diko"
"deepmind","nohwnd"
"DeepSeek","PSModule.io"
"DefaultParameter","Jaykul"
"DefaultPropertySetter","Windos"
"DefenderAPI","Fred"
"DefenderASR","sassdawe"
"DefenderAsrPreference","trondr"
"DefenderConfigAssessment","Shaun.hardneck"
"DefenderEval","jonade"
"DefenderforCloud","Kaido"
"DefenderForIdentity","Martin_Schvartzman_MSFT,dashor,eliofekmsft"
"DefenderMAPS","AlexVerboon"
"Delegate365","chwilfing,atwork,ToniPohl"
"DelegationModel","Przemyslaw.Klys"
"DeleteBinObjFolders","PrateekRM"
"DeleteSearchFolders","Jason.Parker"
"DeleteUserProfile","rstolpe"
"Dell-BIOSDriver","powershellcoder"
"Dell.AVS.Management","labbuildr"
"Dell.PowerMax","peterbouchard"
"Dell.PowerStore","peterbouchard"
"Dell.Unity","peterbouchard"
"DellBIOSProvider","NitinKathpalia,Mazahir_Ahmad_Khan"
"DellBIOSProviderARM64","Dell_Client"
"DellBIOSProviderX86","NitinKathpalia,Mazahir_Ahmad_Khan"
"DellCatalogMirror","realslacker"
"DellOpenManage","TrevorSquillario"
"DellWarranty","OneLogicalMyth"
"DellWarrantyServiceTag","SWillemen"
"demo-explore24","dstamen"
"Demogh2","FredGH"
"DemoIssue","marckassay"
"demomod","vsinghtest"
"DemoModule1","thebeier"
"DemoPresentation","FabBadDog"
"DemoPSPowerHour","mkanakos"
"DemoRequiredModule","christianacca"
"DemoRequiring2LevelModule","christianacca"
"DemoRequiringExactModule","christianacca"
"DemoRequiringModule","christianacca"
"DemosSept2015","NanaLakshmanan"
"DemoTenantIsValid","leeyosebi"
"DependencySearch","ztrhgf"
"DependsOn","loanDepotDevOps"
"Deploy-DotNet48","adbpos"
"DeployCube","drjohnt,jtnn60"
"DeployImage","EnergizedTech"
"DeployLibNorEvo","Mikael.Karlsson,erik_nordlov"
"DeploymentFramework","FabianLohauss"
"DeploymentModule","MatijaPS"
"DeploymentReadinessChecker","MathieuBuisson"
"DesktopControl","ElmarNiederkofler"
"DesktopManager","Przemyslaw.Klys"
"Detextive","brianary"
"Dev-Assist","TEREK_S"
"dev-domains","todorm85"
"Dev.Core","Yaming-Liu"
"Devart.DbForge.DevOpsAutomation.SqlServer","DbForge"
"devConstants","chadnpc"
"Devdeer.Caf","devdeer-alex"
"DeveloperTools","KUTlime"
"devenv","PhiliBob"
"DeviceInventory","SanderVerroen"
"DeviceManagement","ISESteroids"
"DeviceUptime","damien.vanrobaeys"
"devModulesDirMonitor","dmpost"
"Devolutions.Authenticode","Devolutions"
"Devolutions.Hub","Devolutions"
"Devolutions.PowerShell","Devolutions"
"Devolutions.Server","Devolutions"
"DevolutionsGateway","Devolutions"
"DevOps","Schnuderl"
"DevOps.Helper.Functions","rosen.kolev"
"DevOpsCommands","sytone"
"DevOpsFeedHelper","PeterdeWit"
"DevOpsFlex.Automation.PowerShell","djfr"
"DevOpsFlex.CRM","djfr"
"DevOpsKitDsc","BernieWhite"
"DevOpsModule","JohannesDrexler"
"DevOpsToolkit","IT.integro"
"DevOpTools","JensDll"
"devtoolbox","MichaelJolley"
"devTraceHelper","dmpost"
"DevUtils","DoCode"
"DFIR-O365RC","ANSSI-FR"
"DFSDsc","PowerShellTeam,gaelcolas,dsccommunity"
"dFunctions","SupSkiFun"
"dfv.fred","dharmatech"
"DgxInstallUtilities","snicol21,nathangiven,mwpage,khintonHC"
"dh-test-module-123","dph"
"DHCPClient","hdang,BrianP,marsun"
"DHCPClient-PS","mkht"
"DHCPMigration","Yevrag35"
"DhcpServerDsc","dsccommunity"
"Diacritic","jasonbellz"
"Diagrammer.Core","jcolonfzenpr"
"Diagrammer.Microsoft.AD","jcolonfzenpr"
"DialogBoxes","AMorris_TRIO"
"Dice","Start-Automating"
"DicewarePassword","vScripter"
"Dicom","dicom-powershell"
"DicomTools","RobHolme"
"DictionaryFile","StephanosCF"
"DIDSearcher","darrenjrobinson"
"DigitalOceanApi","dgee2"
"DigitalOceanCmdlets","CData"
"digotModule","dineshreddygots"
"diklabu","jtuttas"
"DimCryGarage","DimCry"
"DimDuplicateFiles","Dimitri"
"Dimmo","Dimitri"
"DirColors","DHowett"
"directory-stack","ACupofAir"
"DirectoryPredictor","InkJQ"
"DirectorySize","guitarrapc"
"DirectoryTree","elmersh"
"Dirk","brianaddicks"
"DirwTools","zxHunter"
"DISA_STIG","michael.haken"
"disarepotools","chrissylemaire"
"Discord","PSModule.io"
"Discord.Net.PowerShell","ThePoShWolf"
"Discordant","ThePoShWolf"
"discordrpc","chrissylemaire"
"DiscordSlashManager","RedneckCajun"
"Discovery","Start-Automating"
"DiskCleanup","JaapBrasser"
"DiskManagement","marqelme"
"DiskReportingTools","JeffHicks"
"DiskSmartInfo","seth.vs"
"DiskSpace","MechStar"
"DISMTasks","sharedstuff"
"DisplayConfig","MartinGC94"
"DisplaySettings","lust"
"Disposable","codykonior"
"DistributionGroupMigration","Gonjer"
"DJoin","jsnover"
"DLConversionV2","timmcmic"
"DLHierarchy","timmcmic"
"DLLInfo","alan-null"
"DLMAutomation","Redgate"
"DLMRetentionPackage.PowershellGalleryModule","Narendra18"
"DMapper24","jcorvo"
"Dmi3.PowerShell.FFTools","drandarov-io"
"DnnWebsiteManagement","bdukes,bdukes-engage,bdukes-engage1"
"Dns","PSModule.io"
"DnsBlockList","phbits"
"DnsClient-PS","rmbolger"
"DnsClientX","Przemyslaw.Klys"
"DNSDebugLogHandler","j.schoepp"
"DNSHealth","johnduprey"
"DNSHistory","Largehawiian"
"dnsimplePS","vidarkongsli"
"DnsManager","narzod"
"DnsServerDsc","dsccommunity"
"DnsStig","michael.haken"
"DNSSuffix","JeffHicks"
"dnstools","Talkingbytes"
"do-you-wanna-pipeline","szeraax"
"docfx-toc-generator","0xaryan"
"Dock-PS","GeeLaw"
"Docker","patto-sk"
"Docker-CI","rasmusjelsgaard"
"Docker-Ops","ZeekoZhu"
"docker-seed","xiaoyao9184"
"docker-tidy","tonymet"
"Docker.Build","rasmusjelsgaard"
"dockeraccesshelper","tobiasfenster"
"DockerColorPosh","IsWladiPS"
"DockerCompletion","matt9ucci"
"DockerComposeCompletion","matt9ucci"
"DockerDsc","bgelens"
"DockerHelpers","christianacca"
"DockerInstall","cschuchardt"
"DockerMachine","joscha"
"DockerMachineCompletion","matt9ucci"
"DockerMsftProvider","taylorb,taylorbrown,crwilhit"
"DockerMsftProviderInsider","taylorb,taylorbrown,crwilhit"
"DockerPowershell","sander.aernouts"
"DockerProvider","johnstep-docker,seemethere"
"DockerPS","bus1hero"
"DockerRegistry","NicholasDille"
"DockerStack","Guillermo.Alicea"
"DocTreeGenerator","msorens"
"Documentarian","michaeltlombardi,sewhee"
"Documentarian.MicrosoftDocs","michaeltlombardi,sewhee"
"Documentarian.ModuleAuthor","michaeltlombardi,sewhee"
"Documentarian.Vale","michaeltlombardi,sewhee"
"DocumentDB","jvanderpaal"
"Documentimo","Przemyslaw.Klys"
"DocuSignCmdlets","CData"
"DogStatsD","muratiakos"
"DokuCli","DimeOne"
"DollarEnv","lulzhipsters"
"domainAwsDSCResources","adrian.andersson"
"domainAwsPowershellTools","adrian.andersson"
"DomainHealthChecker","Tiennes"
"DomainManagement","FWN,Fred"
"DomBrosTools","DomBros"
"DominoCmdlets","CData"
"DomsFileSystemToolbox","DoreIsTheMan"
"DoneLandTools","ISESteroids"
"DontDoAnything","kosmonavtsv"
"DoPx","Poshoholic"
"DOrcDeployModule","marina.soldatkina.sefe"
"Doremy","doremy"
"dos-install-common-azure","imran.qureshi"
"dos-install-common-kube","imran.qureshi"
"DosInstallUtilities","JMilne,bmarkow-hc,mpope,nathangiven,mwpage,khintonHC"
"DosInstallUtilities.Azure","imran.qureshi"
"DosInstallUtilities.Kube","imran.qureshi"
"DosInstallUtilities.Menu","imran.qureshi"
"DosInstallUtilities.Nlp","imran.qureshi"
"DosInstallUtilities.OnPrem","imran.qureshi"
"DosInstallUtilities.Realtime","imran.qureshi"
"dotenv","stopthatastronaut"
"DotEnv-Tools","juangelos"
"DotManagement","kristocopani"
"dotnet-project-scaffolding","RustedWizard"
"dotnet.project.assets","Travis"
"DotNet.Tools","lfshrac"
"DotNetBuilder","hemisphera"
"DotNetGlobalToolProvider","brianary"
"DotnetToolInspector","hanachiru"
"DotNetVersionLister","joakimbs"
"Dots","ramblingcookiemonster"
"Dotted","volllly"
"DotupPsCore","dotup"
"DotupPsEssentials","dotup"
"DotupPsGitKit","dotup"
"DotupPsModuleGenerator","dotup"
"DotupZabbixEssentials","dotup"
"DotupZappixEssentials","dotup"
"DoubleClickCMCmdlets","CData"
"DoubleClickFPCmdlets","CData"
"Download-DSCvideos","vniklas"
"Download-Files-TubesMedia-SearchAndDownloadFilesOnWebsite","chixus"
"DownloadInfo","sangafabrice"
"DownloadSdk","nwoodmsft,madhanrajm,apluchik,pgayam,rohitjaini"
"DPT.PackageManagement","gulopez"
"Dracoon","Callidus2000,callidus2001"
"dre-add","cn_codegod"
"Dreepy","RichieBzzzt"
"Driver.Firmware.Servicing","david_brook"
"DriverTool.PowerCLI","trondr"
"Drm.Templates.Powershell","jetsetwilly"
"DroneHelper","OCram85"
"Dropbox","beefarino"
"DropboxCmdlets","CData"
"DRSRule","LucD,MattBoren"
"DRTools","D.Retzer"
"Drude","fat763"
"dry.client","bjoernf"
"dry.module.ad","bjoernf"
"dry.module.log","bjoernf"
"ds-intune","skatterbrainz"
"ds-utils","skatterbrainz"
"DSACL","SimonWahlin"
"DsbRobotOrchestration","AndreasKronstam"
"DSC_PowerCLISnapShotCheck","vinithmenon28"
"DSCAdd-one","Strike"
"DscBaseline","phbits"
"DSCBootableVHD","Dmitry_Mashkov"
"DscBuildHelpers","gaelcolas"
"DscConfig.Demo","Raimund"
"DscConfig.M365","Raimund"
"DscConfig.AADConnect","Raimund"
"DSCDriftMonitor","anwather"
"DSCEA","RalphKyttle,keihi"
"DSCHelperFunctions","Justin_DynamicD"
"DSCKickstart","RichardUlfvin"
"DscLcm","aromano"
"DSCParser","NikCharleboisPFE,YorickKuijs"
"DSCPullServerAdmin","bgelens"
"DSCPullServerLab","mikejwhat"
"DSCPullServerWeb","claudiospizzi"
"DSCR_Application","mkht"
"DSCR_AppxPackage","mkht"
"DSCR_AutoLogon","mkht"
"DSCR_FileAssoc","mkht"
"DSCR_FileContent","mkht"
"DSCR_Firefox","mkht"
"DSCR_Font","mkht"
"DSCR_IniFIle","mkht"
"DSCR_JsonFIle","mkht"
"DSCR_KeyboardLayout","mkht"
"DSCR_LogonScript","mkht"
"DSCR_MIMSettings","Deanoid"
"DSCR_MSLicense","mkht"
"DSCR_NetscapeBookmark","mkht"
"DSCR_PowerPlan","mkht"
"DSCR_PythonPackage","mkht"
"DSCR_Shortcut","mkht"
"DscResource.AnalyzerRules","dsccommunity"
"DscResource.Base","dsccommunity"
"DscResource.Common","dsccommunity"
"DscResource.DocGenerator","dsccommunity"
"DscResource.Test","dsccommunity"
"DscResourceCommonTests","PowerShellTeam"
"DSCResourceMigration","JeffHicks"
"DscResourceTestHelper","PowerShellTeam"
"DscStudio","Brian-Farnhill"
"DSCTools","dscottraynsford,dsccommunity"
"DSCToXTA","NikCharleboisPFE,kasaxena"
"DSInternals","MichaelGrafnetter"
"DSInternals.Passkeys","MichaelGrafnetter"
"Dsl.Configuration","icraftsoftware"
"DsReg","Yevrag35"
"DTSXComparator","NandanHegde"
"DTX.Cloud.Management","platformops-ce"
"DTX.Test.Module","platformops-ce"
"DTX.Tools.Installer","tkostadinov"
"Ducky","zylvae"
"DuctusDigitalWorkspace","mariotoffia"
"DumbMod","Human.Against.Machine"
"DummyModule","Kunal"
"dumPS","deadlydog"
"Duo","gavin.latham"
"DuoSecurity","johnduprey"
"DuplicateFinder","buscseik"
"DupreeFunctions","CompEngEvFan"
"DUST","DustinSchreiber"
"Dustins-PowerShell-Module","dustinprhodes"
"dxExchange.Online","dustindortch"
"dxExchange.WebServices","dustindortch"
"Dynamic","wethreetrees"
"DynamicDL.Creation","fjlee"
"DynamicParameter","Yevrag35"
"DynamicParams","PSModule.io"
"dynamics365-release-automation-tools","TheNetworg"
"Dynamics365Cmdlets","CData"
"Dynamics365Configuration","Aleks"
"DynamicsCRM-Automation","ostools"
"DynamicsCRMCmdlets","CData"
"DynamicsGPCmdlets","CData"
"DynamicsNAVCmdlets","CData"
"DynamicTitle","mdgrs-mei"
"DynamoDBCmdlets","CData"
"Dynapro.BCModules","fjolnir"
"DynatracePS","JoeyWas"
"dynpar","ISESteroids"
"Dz.Test-InternetConnection","DecimalZero"
"Dz.Write-Message","DecimalZero"
"e_powershell","simplement-e"
"EAMemoryCache","Ryan2065"
"EAMonitor","Ryan2065"
"eaRunAs","Ryan2065"
"Easit.GO.Webservice","easitanth"
"Easit.ProcessRunner.GlobalFunctions","easitanth"
"EasitGoWebservice","easitanth"
"EasitManagementFramework","easitanth"
"EasyAzureFunction","iricigor"
"EasyGraph","andlin03"
"EasyLife365.Collaboration","plamber,tto-easylife365-cloud,Bertolla"
"easypeasy","igorakkerman"
"EasyPIM","LoicMichel"
"EasyProgressBars","poshcodebear"
"EasyRun","colo9"
"EatonM2Management","Colin"
"EbayAnalyticsCmdlets","CData"
"EbayCmdlets","CData"
"EbookBuilder","FWN"
"ebooks","Archdeacon"
"EC.IntroModule","iricigor"
"EC2Remote","row-io-team"
"ecb.autopilot","j.kruse"
"ecc-obs-tool","marklindell"
"ecc-tool","marklindell"
"EcoVadis.AzureDevOps","pwujczyk"
"ECS.All","ericcsinger"
"ECS.LocalGPO","ericcsinger"
"ECS.Tools","ericcsinger"
"ECS.WindowsGeneric","ericcsinger"
"ecs.wsus","ericcsinger"
"ECSHell","labbuildr"
"EdgarOnlineCmdlets","CData"
"EdgeBackupandRestore","ALaurie"
"EDGEProfiles","michael_mardahl"
"EDiscoveryTools","FWN"
"EditModule","bcdady"
"EditorAstProvider","SeeminglyScience"
"EditorServicesCommandSuite","SeeminglyScience"
"EditorServicesProcess","SeeminglyScience"
"EFPosh","Ryan2065"
"EguibarIT","vreguibar"
"EguibarIT.Delegation","vreguibar"
"EguibarIT.DelegationPS","vreguibar"
"EguibarIT.Housekeeping","vreguibar"
"EguibarIT.HousekeepingPS","vreguibar"
"EIDHealthAgentTroubleshooter","tajaber"
"Einstein.Progress","josheinstein"
"eiSCSI","JayAreP"
"Ekrdp","Ekansh"
"Eksharedelete","Ekansh"
"Elastic.Helper","jberkers42,IPSecMSP-Platform"
"Elastico","gigi81"
"ElasticsearchCmdlets","CData"
"ElCocktail","Karnafun"
"Elements.Client","AvePoint_DevOps"
"elgato","trevor"
"Elizium.Klassy","Plastikfan"
"Elizium.Krayola","Plastikfan"
"Elizium.Loopz","Plastikfan"
"Elizium.PoShLog","Plastikfan"
"Elizium.RexFs","Plastikfan"
"Elizium.TerminalBuddy","Plastikfan"
"Elizium.Tez","Plastikfan"
"ELM-ADTools","elliottmarter"
"elm-toolbox","elliottmarter"
"ELM-WinTools","elliottmarter"
"ElmDSCResource","DougFinke"
"elmotest","elmobp"
"EloquaCmdlets","CData"
"EmailAuthChecker","aalzmaili"
"EmailAutoresponder","PatrykMilewski"
"EmailCmdlets","CData"
"Emailimo","Przemyslaw.Klys"
"eMI.FileNameExtensionProgramAssociation","eMedia-Intellect"
"EMLFileSorter","BT_AJouharyan,cjones"
"EmmExDAGModule","farismalaeb"
"Emoji","Start-Automating"
"emoji.64","IamJakoby"
"Emojis","trevor"
"EMPSSDK","david.koenig"
"emptyPkg","anamnavi"
"ems.PowerShell.Utility","enthusManagedServices"
"Enable-PSRemotingRemote","victormartinezsv"
"Enable-RemoteDesktop","pewa2303"
"EnablePython","DavidWhittingham"
"eNAuditor","nExoR"
"EncodedCommandTools","Rowan_Brooke"
"Encoding","chris.kuech,chriskuech"
"EncodingAnalyzer","ISESteroids"
"EncryptCredential","apteco_fvb"
"encryptdecrypt","pldmgg"
"EncryptionShell","PietroCiaccio"
"EncryptionUtilities","GraceSolutions"
"endecode","takeshi-katano"
"Endjin.CodeOps","endjin"
"Endjin.GitHubActions","endjin"
"Endjin.PRAutoflow","endjin"
"Endjin.RecommendedPractices.Build","endjin"
"EndOfLine","marckassay"
"EndpointCloudkit","Diagg"
"EndpointCloudkit-Alpha","Diagg"
"endpointmanager.networkusage","PaulJezek"
"endpointmanager.wingetbridge","PaulJezek"
"EndPointProtectionDSC","NikCharleboisPFE"
"eNGBL","nExoR"
"EnhancedAO.Graph.SignInLogs","A_Ollivierre"
"EnhancedBoilerPlateAO","A_Ollivierre"
"EnhancedDeviceMigrationAO","A_Ollivierre"
"EnhancedFileManagerAO","A_Ollivierre"
"EnhancedGraphAO","A_Ollivierre"
"EnhancedHTML2","DonJ"
"EnhancedHyperVAO","A_Ollivierre"
"EnhancedIntuneAO","A_Ollivierre"
"EnhancedLoggingAO","A_Ollivierre"
"EnhancedModuleStarterAO","A_Ollivierre"
"EnhancedPSADTAO","A_Ollivierre"
"EnhancedPSTools","A_Ollivierre"
"EnhancedSchedTaskAO","A_Ollivierre"
"EnhancedSecretsAO","A_Ollivierre"
"EnhancedSPOAO","A_Ollivierre"
"EnhancedVPNAO","A_Ollivierre"
"EnhancedWin32DeployerAO","A_Ollivierre"
"ENILog","JM2K69"
"eNLib","nExoR"
"enosix.SfdxUtil","enosix"
"enosix.StepsUtil","enosix"
"EnterDeveloperPowerShell","tcartwright"
"EnterpriseCommander","taalmahret"
"EnterpriseDBCmdlets","CData"
"EnterprisePolicyAsCode","anwather"
"EntraAuth","FWN,Fred"
"EntraAuth.Graph","Fred"
"EntraAuthenticationMetrics","thetolkienblackguy"
"EntraCAWhatIf","uniQuk"
"EntraDeviceAuth","FlorianSLZ"
"EntraExporter","MicrosoftAzureActiveDirectoryTeam"
"EntraFIDOFinder","Clatent"
"EntraID-TokenTools","martin-rublik"
"EntraIDInboundProvisioningHelper","mariussm"
"EntraIDPasskeyHelper","FBader"
"EntraIDTools","ManuKM"
"EntraIDUnifier","dylanm"
"EntraPIM","uniQuk"
"EntraPolicySuite","Morten_Knudsen"
"EntraRoleMigrator","Fred"
"entraYK","swjm"
"Entrinsec.Powershell.SETUP","Entrinsec"
"Env","agramakov"
"env2","trevor"
"Environment","Jaykul"
"EnvironmentCheckToolkit","swpadhi,MarketingPSGallery"
"EnvironmentModuleCore","mwalther"
"EnvironmentVariableCmdlet","jwtruher"
"EnvironmentVariableItems","a1publishing"
"EnvironmentVerificationToolkit","SwarnaKone,MarketingPSGallery"
"envman","timmbangma"
"EnvManager","marcuwynu23"
"EnvModule","Zuozishi"
"EnvPath","aaronfo"
"EnvVar","GNQG"
"EnvVarManager","SlyFox1186"
"Ephesoft.Transact","Ephesoft"
"Ephesoft.Transact.DSC","Ephesoft"
"EpiCloud","Episerver"
"EpicorERPCmdlets","CData"
"EpinovaAzureToolBucket","ovelartelius"
"EpinovaDxpToolBucket","ovelartelius"
"EposNowTools","liquori.chris"
"ePOwerShell","marranaga"
"EPR.GlobalFunctions","easitanth"
"EPS","dbroeglin,eyaswoo"
"EqualBird","DougFinke"
"Error","codykonior"
"ErrorRecord","macinally"
"ErrorView","Jaykul"
"Eryph.ClientRuntime.Configuration","eryph"
"Eryph.CommonClient","eryph"
"Eryph.ComputeClient","eryph"
"Eryph.IdentityClient","eryph"
"ESAE","michael.haken"
"ESENT","michael.haken"
"esPreSso","grey0ut"
"EstimatePS","stho32"
"EsxiInventoryTools","ewhitesides"
"eT_PS","Sung-Nguyen"
"eTaskPS","Sung-Nguyen"
"EtherAssist","EfficientEther"
"EtradeCmdlets","CData"
"EUCMonitoring","dbretty"
"EulandaConnect","dadone"
"Eventbrite","kilasuit"
"Eventful","Start-Automating"
"EventList","miriamwiesner"
"EventLogConverter","wightsci"
"EventLogTools","ewhitesides"
"eventstoredsc","tboeker"
"EventStoreUtil","tboeker"
"Evergreen","aaronparker"
"Everix-Install","exones"
"EvernoteCmdlets","CData"
"everydayPS_Systems","everydayPowerShell"
"EVTMarketing","MarketingPSGallery"
"EWS","bartekb"
"EWS-FAI","glenscales"
"ewsgui","agallego-css,DrummerViking"
"EWSMail","randorfer"
"EwsPredictors","bartekb"
"ExactOnlineCmdlets","CData"
"example","IamJakoby"
"example2","unit259"
"example3","jakoby"
"Exceedio.Exchange","jreese"
"ExcelAnt","Ninmonkey"
"ExcelBDD","MikeZhang"
"ExcelCmdlets","CData"
"Excelimo","Przemyslaw.Klys"
"ExcelOnlineCmdlets","CData"
"ExcelPSLib","AvalonZone"
"ExcelServicesCmdlets","CData"
"ExcelTools","BrentD09"
"Exch-Rest","glenscales"
"Exchange","diecknet"
"Exchange_AddIn","Mike_ONeill"
"Exchange.Connection.Manager","AndreasBode"
"ExchangeAddressListVisibilityWatcher","junecastillote"
"ExchangeAdminToolkit","DanielCaulfield"
"ExchangeAntiSpamReport","Meelis,MeelisN"
"ExchangeBuild","VictorWelasco"
"ExchangeBuildNumber","rykoma"
"ExchangeCmdlets","CData"
"ExchangeContacts","glenscales"
"ExchangeDsc","dsccommunity"
"ExchangeEssentials","Przemyslaw.Klys"
"ExchangeInboxRuleChangeMonitor","junecastillote"
"ExchangeLogs","AndiBellstedt"
"ExchangeManagement","diecknet"
"ExchangeMigration","PietroCiaccio"
"ExchangeNodeMaintenanceMode","jhochwald"
"ExchangeOnlineManagement","ExchangeManageabilityTeam"
"ExchangeOnlineManagement.SAM","Lime-TeGek"
"ExchangePowerShell","PietroCiaccio"
"ExchangeTrackingGUI","pvs"
"ExchangeUsageHelper","ThmsRynr,MrThomasRayner"
"ExchDGManagement","Chanced270"
"ExCmdReport","junecastillote"
"exDoNotUpgrade","oberg"
"exe2msi","skaiffer"
"Exec","icraftsoftware"
"Executable","cwchapma"
"ExecutechUtilities","Joe.McCall"
"Execution","DoCode"
"ExecutionSteps","birjj"
"ExePackage","Marcuzzo"
"ExeTools","ssg"
"ExifDateTime","ChrisWarwick"
"ExitProcessRequest","dailen"
"Exo.RoomsManagement","Corey_Schneider_MSFT"
"ExoDiagnose","DingMingyu"
"ExoHelper","jformacek,JiriF"
"ExoReports","conceptoria"
"ExoSuite","MasterUser007"
"EXOTools","mikeld24"
"Expand-Object","pfmc"
"Expand-ShortUrl","thomas-illiet"
"Expect","spyingwind"
"ExPerfwiz","matbyrd"
"ExplainLinuxFS","elarsson"
"ExplorerFolder","FWN"
"Export-AwsTags","aram"
"Export-AzureRoleAssignment","jason.parry"
"Export-Bitwarden","trparky"
"ExportBase64Certificate","craigg"
"ExportCertFromRawData","isshukla"
"Exporter","JessenJonas"
"ExportImportRdsDeployment","michawets"
"ExportInstalledPatchToPDFUpdated","pr_prakash78"
"ExportToPDF","pr_prakash78"
"ExtendedHistory","randriksen"
"ExtendFunction","apteco_fvb"
"ExternalCommand","choovick"
"ExTools-O365Management","PJExbabylon"
"ExTools-Supplemental","PJExbabylon"
"ExtractPDFData","AutoSysOps"
"EzFirewallMgmt","DarkSideMilk"
"EZLog","Arnaud_Petitjean_MVP"
"EZO365-Connect","danielmeridew"
"EZOut","Start-Automating"
"EzPath","BinaryTENSHi"
"EzTheme","Jaykul"
"f1DataDownload","LakshayG"
"f5-apm","kleinsmk"
"f5-deploy","kleinsmk"
"F5-LTM","jnewton37,jnewton74"
"F5-LTM-Helper","jorioux"
"F7History","tkindel"
"FabricPS","markgar1"
"FabricTools","kamil_nowinski,AzurePlayer,balabuch"
"Fabtools","Jojobit"
"FacebookAdsCmdlets","CData"
"FacebookCmdlets","CData"
"FactorioProfiles","KubaP"
"Fail2Ban","thomas-illiet"
"FailGuru","anderslaub"
"FailoverClusterDsc","dsccommunity"
"Fake-UserAgent","alan-null"
"FakeFile","stephanevg"
"FanartTvAPI","Celerium"
"FancyClearHost","mdgrs-mei"
"FAQ","Jaykul"
"FaradayCage","tobiaswright"
"FarDescription","nightroman"
"FarGit","nightroman"
"FarkVar","aurum77"
"FarLite","nightroman"
"FarMongo","nightroman"
"FarNet.Redis","nightroman"
"FarNet.Stateless","nightroman"
"Fasdr","MichaelKelley"
"FastData","Genbox"
"fastDFIR","sisyphus"
"FastFilePub","HyundongHwang"
"FastGet","FastGit"
"FastLookup","milesgratz"
"FastPing","austoonz"
"FavouriteDirectory","crowne"
"FavouritePaths","Copperazide"
"FC_Core","brandon.mcclure,bmcclure"
"FC_Data","bmcclure"
"FC_Docker","bmcclure"
"FC_Git","brandon.mcclure,bmcclure"
"FC_Log","bmcclure"
"FC_MicrosoftGraph","bmcclure"
"FC_Misc","bmcclure"
"FC_SysAdmin","bmcclure"
"FC_TFS","bmcclure"
"FCLPS","jimmclark"
"FeatureFlags","andreas_msft"
"FedExCmdlets","CData"
"FedMetadata","martin-rublik"
"Feedback.RecommendedAction","JustinGrote"
"FexTools","lsvhome"
"FFDataDL","kghj"
"ffmpeg","trevor"
"ffuf","IamJakoby"
"fifa2018","iricigor"
"Figlet","Jaykul"
"file-encoder","will_huang"
"FileAclTools","jordanmills"
"FileArchiver","dgee2"
"FileContentDsc","dscottraynsford,dsccommunity"
"FileDownloadDSC","tboeker"
"FileEncodingHelper","Aoba_xu"
"FileIngestion","iradicek"
"Filelines","Archdeacon"
"FileShareUtils","CamFlyerCH"
"FileSplitter","ISESteroids"
"FilesToFolders","elarsson"
"FileStoreAnalyzer","Norman.Mann"
"FileSystem.IO.Extensions","k.kostov"
"FileSystemDsc","dsccommunity"
"FileSystemForms","gbuktenica"
"FileSystemHelper","gogbg"
"FileSystemHelpers","austoonz"
"FileType","FWN"
"FileViewer","Schvenn"
"FinancialEdgeNXTCmdlets","CData"
"FinancialForceCmdlets","CData"
"FinancialModelingPrep","masters274"
"FinancialPackage.PowershellGalleryModule","sellison,Narendra18"
"find","Slime_V2"
"Find-CrimeUK","psdevuk"
"Find-EmailAddress","Jersi"
"Find-File","Yukami"
"Find-Geolocation","psdevuk"
"Find-Gif","psdevuk"
"Find-InFiles","lordbeazey"
"Find-LicenseName","ergautamsharma"
"Find-LocalCerts","isshukla"
"Find-SMBShare","lan-sol"
"Find-String","drmohundro"
"Find-TaskServiceUser","Voytas"
"Find.Uninstaller","danijeljw"
"FindContent","alanwei"
"FindFunctionCalls","freddie.sackur"
"FindIn","Schvenn"
"FindObsolete","KevinMarquette"
"FindOpenFile","adamdriscoll"
"FindSslCertificate","Machibuse"
"finetuna","chrissylemaire"
"finnget","FinnTheHero"
"FinOpsToolkit","finops-toolkit"
"FireBoardAPI","carl-demelo"
"FireEyeHX","daniel0x00"
"Firefly.InvokeSqlExecute","fireflycons"
"Firewall-Manager","MScholtes"
"firstmodule","kepung"
"FirstPowershell","amol.mhetre"
"firstvoucher.Client","skpi"
"Fitek","tomaspavlic"
"FixDaDatabase","JaapBrasser"
"FixEscapeJSON","VictorWelasco"
"FixLogModule","mdorantesm"
"FL","FLeven"
"FlashPlayerUpdate","Mihir"
"FlattenFolders","robgreen"
"FlaUI","lazuardinfl"
"FleetDM-PowerShell","jorgeasaurus"
"FlexaDocAPI","mmCDDev"
"FlexAnalyzer","kjennis"
"FlexdeskBlueprint","TVDKoni"
"FlexModule","rfoust"
"FlowSoft.DevOps","PascalA"
"FlowSoft.M365OfficeReportsModule","PascalA"
"FlowSoft.OfficeFormsModule","PascalA"
"FluxFuncs","FluxApex"
"Fly.Client","AvePoint_DevOps"
"fmcl","jihuayu"
"FMDevToolbox","futuremotion"
"FMFlattenFolders","futuremotion"
"Fmg-HelpDocs","NerdyMishka"
"Fmg-KeePass","NerdyMishka"
"Fmg-PrettyJson","NerdyMishka"
"Fmg-SqlDb","NerdyMishka"
"Fmg-VisualStudio","NerdyMishka"
"fmt","JayAreP"
"Focus-Window","Greg"
"FocusAdviceTech","focus-sdk"
"FogApi","DarkSideMilk"
"Foil","ethanbergstrom"
"folder_test","alerickson,anamnavi"
"FolderBookmarks","detlefs"
"FolderEncoder","Stadub"
"FolderFiles","AlainZouki"
"FolioClient","btravisebsco"
"Fonts","PSModule.io"
"FontUtilities","bus1hero"
"Foo2","cspotcode"
"FoooBarr","yomigdal"
"ForEach-DB","jsbattig"
"Forensics","darshan07"
"ForestManagement","FWN,Fred"
"Forge","dbroeglin"
"Forge.Module","dbroeglin"
"Format-Document","cdhunt"
"Format-Hyperlink","diddledani"
"Format-IRKitData","hakataminamiWS"
"Format-Markdown","chris-peterson"
"Format-OneLine","Pxtl"
"Format-Pester","equelin"
"format-phone","zpbonjour"
"Format-Splat","KevinMarquette"
"FormatColumn","loxia_01"
"FormationENI","JM2K69"
"FormatMarkdown","pcgeek86"
"FormatMarkdownTable","rykoma"
"FormatPowerShellCode","zloeber"
"FormatPx","Poshoholic"
"FormatTools","JamesTruher-MSFT,jwtruher"
"FormatWrap","PoshAJ"
"Formulaic","Start-Automating"
"fortiauth-import","spyingwind"
"FortigateManager","Callidus2000,callidus2001"
"FortigiGraph","WvandenHeijkant"
"FortigiLoggingLibary","WimvdHeijkant,WvandenHeijkant"
"FortiPoSh","vmsilvamolina"
"Fortytwo.Galaxy.Collections.Criteria","olebru"
"FoundationaLLM.Core","ciprianjichici"
"fount-pwsh","steve02081504"
"FoxHelper","BaTarrY"
"Foxit.Ea.Dts.Ps","foxit-psgallery-ea,foxit-ea-team"
"FP.SetWallpaper","federico-paolillo"
"FplDataDL","Kristan"
"FpsBcDeployment","tgosselink"
"FpsGeneral","tgosselink,rdannenberg"
"FredsIronScripter2018","FWN"
"FreeActivate","Michael-Free"
"FreeChuckNorrisJokes","ITNinja01"
"FreeDadJokes","Michael-Free"
"FreeLDAP","gbuktenica"
"FreeLog","Michael-Free"
"FreeNas","JM2K69"
"Freer.Scaffold","soulshined"
"FreshBooksCmdlets","CData"
"FreshBuild","SharpNinja"
"Freshdesk","Schnuderl"
"FreshDeskCmdlets","CData"
"FreshService.Tools","jberkers42,IPSecMSP-Platform"
"FreshservicePS","flycastdev"
"FromGitHub","Jaykul"
"FRPSUGModule","LaurentLienhard"
"FS255.AutoHotkey","felix.scholz"
"FS255.BitWarden","felix.scholz"
"FS255.Jira","felix.scholz"
"FS255.Jq","felix.scholz"
"FS255.Password","felix.scholz"
"fscps.ascii","remixod"
"fscps.lcs","remixod"
"fscps.tools","remixod"
"FSharp","JustinGrote"
"FSharp.Core","JustinGrote"
"FSLogix.PowerShell.Rules","JimMoyle"
"FSLogixDsc","iainbrighton"
"FSRMDsc","dscottraynsford,dsccommunity"
"FSWatcherEngineEvent","wgross"
"FTFLSTWD-Tools","ftflstwd"
"FTPCmdlets","CData"
"ftpslib","RobKalmar"
"FTPUpload","hophiphip"
"FU-MSAuth","dailen"
"FU.WhyAmIBlocked","AdamGrossTX"
"FudgePop","skatterbrainz"
"functional","chriskuech"
"FunctionAppDeploymentTools","Fred"
"Functions2","johnsoncheunghk06"
"FusionLogger","Greyhamwoohoo"
"futility","chris-peterson"
"FWBuddy","SlyFox1186"
"FwdCompatEventLog","taichi"
"fxdemo","lazywinadm"
"FXModuleCommonFilesDemo","lazywinadm"
"FXPSYaml","fxmbrousseau"
"Gac","LTruijens"
"Gainz-ChocolateySync","NerdyMishka"
"Gainz-HelpDocs","NerdyMishka"
"Gainz-KeePass","NerdyMishka"
"Gainz-PasswordGenerator","NerdyMishka"
"Gainz-ProtectData","NerdyMishka"
"Gainz-ResolveStache","NerdyMishka"
"Gainz-SqlDb","NerdyMishka"
"Gainz-VisualStudio","NerdyMishka"
"Gainz-Yaml","NerdyMishka"
"GalleryTest","Nillth"
"GameInfo","r-darwish"
"Gamgee","Alcha"
"Garbage-Collector","thomas-illiet"
"GartnerDanglingDomain.Automation","shanbagarajan"
"GAT","GavinEke"
"Gatekeeper","HeyItsGilbert"
"GATestingModule","SpaceCat"
"gaz-toolbox","gazm81"
"gbrueckl.Toolbox","gbrueckl"
"GBWunderlist","antonydeepak"
"GCDialog","grantcarthew"
"GCHostsFile","grantcarthew"
"GcloudTabComplete","sk82jack"
"GCTest","grantcarthew"
"GCWindowsUpdate","grantcarthew"
"GDAPRelationships","bema-jgause"
"gdscripts","doctordns"
"GeekWolf.Migration","GeekWolf"
"Genbox.FastData","Genbox"
"GeneralDiskCleanUpModule","wadeBache"
"GeneralHelperModule","Panzerbjrn"
"generate_signatures_cloud","hraj"
"generate_signatures_module","hraj"
"Generate-DockerImageVariants","theohbrothers"
"Generate-DockerImageVariantsHelpers","theohbrothers"
"GenerateRandomPassword","rstolpe"
"GenerateRandomUser","NJ_Dude"
"GenericInstall","NikCharleboisPFE"
"GenericMethods","dlwyatt"
"Genesis","ssg"
"GeneticAlgorithm","Voytas"
"GenXdev","genXdev"
"GenXdev.AI","genXdev"
"GenXdev.Console","genXdev"
"GenXdev.Data","genXdev"
"GenXdev.FileSystem","genXdev"
"GenXdev.Git","genXdev"
"GenXdev.Helpers","genXdev"
"GenXdev.Media","genXdev"
"GenXdev.Queries","genXdev"
"GenXdev.Webbrowser","genXdev"
"GenXdev.Windows","genXdev"
"Geocoding","AutoSysOps"
"GeoIP","regg00"
"Get-ActiveSession","farismalaeb"
"Get-ActiveUser","mrhvid"
"Get-ADCA","caddr"
"Get-ADFSMetadataFile","thehuntzman"
"Get-ADInfo","Bajiri"
"Get-ADObjectAttribute","CloudComputee.Com"
"Get-ADUserCertificate","MS-LUF"
"Get-ADUserLastLogon","pewa2303"
"Get-AllAzNics","Ishan34"
"Get-AllServiceEndpointSubnets","isshukla"
"Get-Amount","rafaelromao"
"Get-AntiMalwareStatus","pewa2303"
"Get-Architecture","arashnabi"
"Get-AwsTemporaryCredential","RobertBiddle"
"Get-AzCertificateThumbprint","ranavale"
"Get-AzureADAuthTokens","zechariahks"
"Get-AzureToken","gluk"
"Get-AzVMSku","ChristofferWindahl"
"Get-BcApiUrl","jhoek"
"Get-BcReleaseWaveFeature","jhoek"
"Get-CAzureRMStorageServicesAuthorizationHeader","CloudComputee.Com"
"Get-CertTransparencyInfo","MS-LUF"
"Get-Cesi","jkeppers"
"Get-ChildItemColor","joonro"
"Get-ChooseFile","johncwelch"
"Get-ChooseFileName","johncwelch"
"Get-ChooseFolder","johncwelch"
"Get-Cite","brokedarius"
"Get-DataHash","dmidlo"
"Get-DataSetFromSQL","royashbrook"
"Get-DataTableFromSQL","royashbrook"
"Get-DellWarranty","Hillworks"
"Get-DisplayDialog","johncwelch"
"Get-DMARCRecord","cybervaquero"
"Get-Duplicate","leojonathanoh"
"Get-DuplicateItem","theohbrothers"
"Get-EmailPwnage","TeeStar"
"Get-ExchangeCU","runely"
"Get-Fap","brokedarius"
"Get-FilePaths","ashatokhina"
"Get-FilesForMCTF","royashbrook"
"Get-FileVersion","bbilz346"
"Get-FolderSize","BEAH"
"Get-FreightItemsForMCTF","royashbrook"
"Get-Freq-User","nathanthegr8"
"Get-GzipContent","krymtkts"
"Get-Hello","DEBZ-DIV"
"Get-Hello-Juhi","juhi037"
"Get-IbReport","scout249"
"Get-IbTrade","scout249"
"Get-IdracLifecycleLogsREDFISH","TexRoemer"
"Get-IdracRemoteServiceApiStatusREDFISH","TexRoemer"
"Get-IdracSelLogsREDFISH","TexRoemer"
"Get-IdracServerSlotInformationREDFISH","TexRoemer"
"Get-ImportServerConfigurationProfilePreviewREDFISH","TexRoemer"
"Get-IndexedItem","jamesone"
"Get-InstalledWin32Program","CloudComputee.Com"
"Get-InternetAccessInfo","MS-LUF"
"Get-Ip","malcolm.sheridan"
"Get-IPInfo","ts1506"
"Get-JJInfo","JessenJonas"
"Get-LAPSCredential","j.schoepp"
"Get-LargeTextInput","cwmason"
"Get-LoggedUser","Vikingr"
"Get-MAC","erlwes"
"Get-MacAddressVendor","psdevuk"
"Get-MacInfo","johncwelch"
"Get-MACtoIP","OnlyHam"
"Get-Mailbox","manidurai"
"Get-MediaInfo","stax76"
"Get-Modifieddate","manoj2994"
"Get-MsolUserLicences","thomas-illiet"
"Get-MSP","dmidlo"
"Get-NetView","dfcuomo,DFCUOMOJ,tmolenh,CoreNetBuilder,sarahmoon,trhelms,alvint_msft,bkablawi"
"Get-O365SKUsInfos","MS-LUF"
"Get-OneFileFromZip","royashbrook"
"get-packageupdates","janjoris"
"Get-PartitionsReport","Stereo89"
"get-PCInfo","mikk843f"
"Get-pDisks","TeeStar"
"Get-PowerApp","gluk"
"Get-PSGoodFirstIssue","Tinker"
"Get-Quote","ChrisWarwick"
"Get-RandomPassword","mmcmd"
"Get-RDAP","RobertBiddle"
"Get-Rekt","cammyjh"
"Get-RemoteCert","isshukla"
"get-remotemappeddrive","richardwest"
"Get-ReparsePointAppInfo","asklar"
"get-sandman","CyberSamurai"
"Get-SecurePassword","psdevuk"
"Get-ServerHardwareInventoryREDFISH","TexRoemer"
"Get-ShodanAPIInfo","SimeonOnSecurity"
"Get-ShodanClientHTTPHeaders","SimeonOnSecurity"
"Get-ShodanClientIP","SimeonOnSecurity"
"Get-ShodanDNSdomain","SimeonOnSecurity"
"Get-ShodanDNSResolve","SimeonOnSecurity"
"Get-ShodanDNSReverse","SimeonOnSecurity"
"Get-ShodanExploitCount","SimeonOnSecurity"
"Get-ShodanExploitSearch","SimeonOnSecurity"
"Get-ShodanHoneyScore","SimeonOnSecurity"
"Get-ShodanHostCount","SimeonOnSecurity"
"Get-ShodanHostIP","SimeonOnSecurity"
"Get-ShodanHostSearch","SimeonOnSecurity"
"Get-ShodanHostSearchFacets","SimeonOnSecurity"
"Get-ShodanHostSearchFilters","SimeonOnSecurity"
"Get-ShodanPorts","SimeonOnSecurity"
"Get-ShodanProfile","SimeonOnSecurity"
"Get-ShodanScanID","SimeonOnSecurity"
"Get-ShodanScanProtocols","SimeonOnSecurity"
"Get-Specs","MarcApplebee"
"Get-StorageInventoryREDFISH","TexRoemer"
"Get-StringfromFiles","isshukla"
"Get-SVGL","BartSpaans"
"Get-TestResultsForMCTF","royashbrook"
"Get-Translit","Ashchin-Alexander"
"Get-TsLog","DataRoberts"
"Get-UserProcess","SebaldJ"
"Get-Vaccinated","Akash_Automation"
"Get-Version","SutterStudios"
"Get-VirusDomainReport","SimeonOnSecurity"
"Get-VirusIPReport","SimeonOnSecurity"
"Get-VirusReport","SimeonOnSecurity"
"Get-WANIPInfo","Jersi"
"Get-WebCertificate","MaxAnderson95"
"Get-WERConfig","WAftring"
"Get-WHOIS","RobertBiddle"
"Get-WifiPassword","sergepav"
"Get-WinCredential","ZaferBalkan"
"Get-WindowsVersion","SebaldJ"
"Get-WinVer","smagee"
"Get-WLANs","schmelzle"
"Get-World","DEBZ-DIV"
"get-xkcdpassword","pavelryzhkov"
"Get-Zap","SadProcessor"
"Get.URLStatusCode","danijeljw"
"GetAllMethods","ChrisCarter"
"GetAppGWCerts","isshukla"
"GetBIOS","damien.vanrobaeys"
"GetBoolChoice","toenn-vaot"
"GetClipArrayModule","TomN174"
"GetClrCallStack","SeeminglyScience"
"GetCricketCricBuzz","pr_prakash78"
"GetCVEidFromKB","pr_prakash78"
"GetDacpacDependency","RohitBhagwani"
"GetDirectory","dark-coffee"
"GetFirmwareBIOSorUEFI","ChrisWarwick"
"getFTP_new","Yves848"
"GetFullname","nkapil0669"
"GetInfoTestApp","hs-cmsl"
"GetLicenseInfo","jformacek,JiriF"
"GetMDTOdataModule","Mikael_Nystrom"
"GetModule","Poojasharma"
"GetNetStat","ISESteroids"
"GetNuGet","ClrCoder"
"GetPassword","PolyakovRoman"
"GetPathMtu","phpalagu"
"GetRandomString","ydinkov"
"GetRedirectedURL","danijeljw"
"getserverinventoryupdated","pr_prakash78"
"GetSQL","jamesone"
"GetSSLCertExpiryDate","pr_prakash78"
"GetSTFolderSize","joakimbs"
"GetSystemInfo","MosaicMKSoftwareLLC"
"GetSystemSoftware","MosaicMKSoftwareLLC"
"GetTargetChoice","toenn-vaot"
"GetTPMRecoveryInfo","doc5avage"
"GetUnlinkedGPOs","Martin_Binder"
"GetUptime","bbilz346"
"GetWindowsUpdateApi","pr_prakash78"
"GFK.Image","GordonFreemanK"
"GhCloudOps","brianwest"
"ghcman","kakkun61"
"ghcups","kakkun61"
"gibbels-algorithms","taylorgibb"
"gibbels-common","taylorgibb"
"gibbels-software","taylorgibb"
"GinShell","ArRashid"
"GistGet","nuits.jp"
"GistProvider","DougFinke"
"Git","DoCode"
"git-aliases","Illuminator"
"git-aliases-plus","codyduong"
"git-completion","kzrnm"
"Git-NumberedAdd","WouterVS"
"git-open","nhudacin"
"Git-PsRadar","vincpa"
"Git-Tool","bpannell"
"Git.Extensions","alalbers"
"GitAliases","igrep"
"GitAutomation","pshdo,webmd-health-services,DecoyJoe"
"gitbehind","benhow"
"GitBones","grolston"
"GitClean","deadlydog"
"GitCleanOrphanBranches","PrateekRM"
"Gitea","Callidus2000,callidus2001"
"GitEnv","pldmgg"
"GitHelper","af4jm"
"GitHelpers","Dejulia489"
"GitHelperUtil","MarkJohnson"
"GitHub","PSModule.io"
"github2choco","chantisnake"
"GitHubActions","ebekker-posh"
"GitHubApiTools","archmachina"
"GitHubCmdlets","CData"
"GithubCodeSearch","charliebillen"
"GithubConnect","davidobrien"
"GitHubDevelopersTrainingTeacherScripts","rulasg"
"GithubFS","weswigham"
"GitHubModuleInstaller","aidan-casey"
"GithubPRBuilder","kosmonavtsv"
"GitHubProvider","DougFinke"
"GithubPullrequestBuilder","kosmonavtsv"
"GitHubReleaseManager","craigg"
"GitHubRepository","iainbrighton"
"GithubRepoSnapshot","robgreen"
"GitHubRestModule","htekdev"
"GithubTools","kosmonavtsv"
"GitHubToolsBD","BrentD09"
"gitlab","cnsn"
"Gitlab.ProjectJobs","rfewster"
"gitlab4","mteodor"
"GitlabCli","chris-peterson"
"GitLabProvider","akamac"
"GitManagement","totkeks"
"GitModule","tulasidas"
"GitPS","eelkram,Ephesoft"
"GitPub","Start-Automating"
"GitTools","Miroslav_Mikus"
"GitUtils","JeremyTCD"
"GitViz","McLeopold"
"Glob","pshdo,webmd-health-services,DecoyJoe"
"Global_7x_Citrix_XenApp_Health_Check_Dashboard","fly2nadeem"
"GlobalDashboardPS","ChrisLynchHPE,rumart"
"GlobalFunctions","Stensitzki"
"Globalping","Przemyslaw.Klys"
"GlobalPSDefaultParamValue","Jersi"
"GlobeCruising.Common.NameingConventionConverter","Matthias-Gloerfeld"
"GlpiTools","Turboooo"
"Glaass","tburger"
"GmailCmdlets","CData"
"GmailFilterUtil","marckassay"
"GMGoogleDrive","MaxKozlov"
"GMNicRuDnsApi","MaxKozlov"
"GMPPKConverter","MaxKozlov"
"GMSACredential","Ryan2065"
"GMYandexDisk","MaxKozlov"
"go-my-posh","janjoris"
"gOAuth","kubelka"
"GoCD","NicholasDille"
"GoodEnoughRules","HeyItsGilbert"
"GoodWorkaroundHelpers","mariussm"
"google_search","eric_tush"
"GoogleAdminDirectory","michael.haken"
"GoogleAdsCmdlets","CData"
"GoogleAdsManagerCmdlets","CData"
"GoogleAdsV2Cmdlets","CData"
"GoogleAdWordsCmdlets","CData"
"GoogleAnalyticsCmdlets","CData"
"GoogleAuthenticationFactory","JiriF"
"GoogleBigQueryCmdlets","CData"
"GoogleCalendarCmdlets","CData"
"GoogleChronicle","djj"
"GoogleCloud","google_cloud_tools"
"GoogleCloudBeta","google_cloud_tools"
"GoogleCloudDNS","Largehawiian"
"GoogleCloudStorageCmdlets","CData"
"GoogleCMCmdlets","CData"
"GoogleContactsCmdlets","CData"
"GoogleDataCatalogCmdlets","CData"
"GoogleDirectoryCmdlets","CData"
"GoogleDriveCmdlets","CData"
"GoogleDynamicDNSTools","pittfurg"
"GoogleFonts","PSModule.io"
"GoogleImageSearch","KUTlime"
"GoogleMap","PrateekSingh"
"GoogleOAuth2","michael.haken"
"GoogleSearchCmdlets","CData"
"GoogleSheetsCmdlets","CData"
"GoogleSpannerCmdlets","CData"
"GoogleWorkspace","Sekers"
"GoPS","endowdly"
"Gordon","hemisphera"
"Gossh","brianaddicks"
"Goto","Remart"
"GpadTools","Nuno.Alex"
"GPOasJSON","KevinKvissberg"
"GPODoc","skatterbrainz"
"GpoToDsc","jhp"
"GPOTools","FWN"
"gpowmi","Tore.Groneng"
"GPOZaurr","Przemyslaw.Klys"
"GPRegistryPolicy","PowerShellTeam"
"GPRegistryPolicyDsc","dsccommunity"
"GPRegistryPolicyParser","PowerShellTeam,migreene"
"GPWmiFilter","FWN"
"GQL","Start-Automating"
"gradle-spring-boot-aliases","pgebert"
"GradleWrapperModule","eiselef"
"Grafana-api","nico.stylemans"
"Grafana-Ops","nico.stylemans"
"GRAND-IQ","teapotcoder"
"GraniResource","guitarrapc"
"Grant-SendAs","tofuman"
"Graph","Nik-Chikersal,Dr-Eric-Williams,Fejshell"
"graph.auth.lite","alf.lokken"
"Graph.EasyPIM","rakhesh"
"Graph.Licensing","rakhesh"
"GraphApiRequests","Aslan_Im"
"GraphAppToolkit","DrIOS"
"graphCertauth","Nic-Kozell"
"GraphCPx","NikCharleboisPFE"
"GraphEmailApp","DrIOS"
"GraphEmailSender","Aslan_Im"
"GraphEssentials","Przemyslaw.Klys"
"GraphFast","micahrowland"
"GraphFastVoleer","micahrowland"
"Graphical","PrateekSingh"
"Graphimo","Przemyslaw.Klys"
"GraphLicenseManager","timmcmic"
"GraphMailMessage","mister-dj"
"GraphQL","PSModule.io"
"GraphQLCmdlets","CData"
"GraphRunbook","AnatoliB"
"GraphTools","KevinBlumenfeld"
"GreatDismal","stib"
"GreenplumCmdlets","CData"
"GreetingModule","FernandeLucasJob"
"Greyhound","greyhound"
"GreyNoisePS","AndrewPla"
"Gridify","PrateekSingh"
"GripDevJsonSchemaValidator","lawrencegripper"
"GroceryChecklistToolkit","tiksn"
"Grok","marusyk"
"GroupMemberTTL","Xiakit"
"GroupPolicyDsc","Daniel.Snelling"
"GroupPolicyHelper","hvoges"
"GrouveeCollection","mmuffins"
"grpCompInfo","powersgrops"
"gSecret","kubelka"
"gSpanner","kubelka"
"GuardedFabricTools","GuardedFabricTeam,rpsqrd,qiangw"
"GuardiCore-config","matthew-hale"
"GuestConfigDevOpsHelper","ManuKM"
"GuestConfiguration","PowerShellTeam,katiekeim,migreene,nitingup,mbreakey"
"GuestConfigurationHelper","JelleBroekhuijsen"
"GuestConfigurationTroubleshooter","PowerShellTeam"
"GuiCompletion","nightroman,cspotcode"
"Guid","PSModule.io"
"GuidConverter.Commands","bradykelly"
"guided-setup","codedx-build"
"GUIDv7","diecknet"
"GuiMyPS","BrooksV"
"Gumby.CmdHistory","Eightbitmind"
"Gumby.Conversion","Eightbitmind"
"Gumby.Crypto","Eightbitmind"
"Gumby.Debug","Eightbitmind"
"Gumby.DirHistory","Eightbitmind"
"Gumby.DotNet","Eightbitmind"
"Gumby.File","Eightbitmind"
"Gumby.Git","Eightbitmind"
"Gumby.Input","Eightbitmind"
"Gumby.Install","Eightbitmind"
"Gumby.LaunchHelpers","Eightbitmind"
"Gumby.ListBox","Eightbitmind"
"Gumby.Log","Eightbitmind"
"Gumby.Math","Eightbitmind"
"Gumby.Navigate","Eightbitmind"
"Gumby.Object","Eightbitmind"
"Gumby.Path","Eightbitmind"
"Gumby.ScrollView","Eightbitmind"
"Gumby.Search","Eightbitmind"
"Gumby.String","Eightbitmind"
"Gumby.SysConfig","Eightbitmind"
"Gumby.Test","Eightbitmind"
"Gumby.TextBuffer","Eightbitmind"
"Gumby.TreeView","Eightbitmind"
"Gumby.Win32","Eightbitmind"
"Gumby.Window","Eightbitmind"
"gundog","jangeisbauer"
"GW2.PS","SMFX"
"GW2.PS.API","SMFX"
"GW2.PS.Cache","SMFX"
"GW2.PS.LiteDB","SMFX"
"GW2DailyAchievement","Swarfega"
"GWS.CloudDepot","xgwsgrs"
"Gz-ChocolateySync","NerdyMishka"
"Gz-Core","NerdyMishka"
"Gz-Db","NerdyMishka"
"Gz-PasswordGenerator","NerdyMishka"
"Gz-ProtectData","NerdyMishka"
"Gz-ResolveTemplate","NerdyMishka"
"Gz-VisualStudio","NerdyMishka"
"Gz-WindowsTelemetry","NerdyMishka"
"Gz-Yaml","NerdyMishka"
"GZip","PSModule.io"
"H2OAI","darrenjrobinson"
"Habitica","MallocArray"
"HackerOne","IamJakoby"
"HackF5.ProfileAlias","satnhak"
"HackSql","codykonior"
"Hafr","identitystream"
"haikunator","anwather"
"HailStoneSequence","PowerSheller"
"Haipa.ClientRuntime.Configuration","Haipa"
"HaloAPI","mspp,homotechsual"
"HamRadioLibrary","PA1REG"
"Handy.Crm.Powershell.Cmdlets","SergeyTunnik"
"Hangouts","mgeorgebrown89"
"HannelsToolBox","hhazeleyAz"
"HansenAzurePS","mihansen"
"HansKindberg.Laboratory","HansKindberg"
"HappyFinderWrapper","MichaelKelley"
"Harden-Windows-Security-Module","hotcakex"
"HardenedDSC","thomas-illiet"
"HardenedPS","thomas-illiet"
"Hardening","thomas-illiet"
"Hardensysvol","Dakhama_mehdi"
"HardwareManagement","stevelee,stevel-msft"
"HardwareReadiness","dailen"
"HarperDBCmdlets","CData"
"HARpwn","HCRitter"
"harrtron-tools","harrtron"
"HarvestForecast","brianaddicks"
"HashCopy","markwragg"
"hashdata","Tore.Groneng"
"Hashicorp.Vault.Manager","9whirls"
"HashiProd","BioSharp.net,biosharp-ou"
"Hashtable","PSModule.io"
"HashUtils","Adiitya"
"HashWebCopy","ArwynFr"
"hasteModule","aleybe"
"HaveIBeenPwned","MarkUkotic"
"HAWK","matbyrd,SemperCyber1775"
"Hay-ADKIT","hayals"
"Hay-NewComputers","hayals"
"Hay-NewFolders","hayals"
"Hay-RemoveApps","hayals"
"Hcl2PS","MertSenel"
"HCPosh","snicol21,nathangiven,mwpage,khintonHC"
"HDFS","michael.haken"
"HDFSCmdlets","CData"
"HDICloner","mabushaireh"
"HE","p5loads"
"HealthcareBot","arieschwartzman"
"HealthchecksPwsh","ptmorris"
"Heatmap","Start-Automating"
"helium","skatterbrainz"
"Hello.World","YashGupta"
"HelloPoShGallery","Nuno.Alexandre"
"HelloTechDay","DoreIsTheMan"
"HelloWorldModule","Mikael_Karlsson"
"HelpDesk","matthewjdegarmo"
"helper","JackBennett"
"HelperFunctions","hmmiller10"
"Helpers","NicholasDille"
"HelpOut","Start-Automating"
"HelpParser","jjcarrier"
"HetznerCloud","NicholasDille"
"hFunctions","SupSkiFun"
"hGrep","earthdiver1"
"HGV.Automation.Tools","pinedajhon12"
"HiddenString","iRon"
"HideWindowsExplorerDrives","dchristian3188"
"HighriseCmdlets","CData"
"HighWinds","stuartio"
"HipChat","OneLogicalMyth"
"HipChatAdmin","cofonseca"
"HistoryNinja","JCKELLEY-CYBR"
"HistoryPx","Poshoholic"
"HiveCmdlets","CData"
"HJSON","TomasBouda"
"hl7tools","RobHolme"
"HM-Monitoring","g.akel,l.peek"
"HmcAuthentication","Hysolate"
"HNS","nwoodmsft,keithmange"
"HolmesHashes","stopthatastronaut"
"Homebrew","ethanbergstrom"
"Homematic-CCU2","labbuildr"
"HomoglyphDetection","PaulHCode"
"HoNAvatarManager","semptra"
"HoNTools","semptra"
"HopexFolders","JMN"
"Hopp.Automation","dingdonglars"
"HorkerDataQuery","horker"
"HorkerTemplateEngine","horker"
"HornbillAPI","HornbillIntegration"
"HornbillHelpers","HornbillIntegration"
"Hospitable","YoannChaudet"
"HostConnectorModule","dotan2401"
"HostEnum","p5loads"
"HostFile","Dhanekula"
"HostNameUtils","christianacca"
"Hosts","patto-sk"
"HostsFile","Raimund,AutomatedLabTeam"
"HostsFileManagement","stephanevg"
"HostUtilities","michael.haken"
"HPC.ACM","RobertZhang"
"HPC.ACM.API.PS","RobertZhang"
"HPCCCmdlets","CData"
"HPCMSL","hpcmsl"
"HPDrivers","DawidProwadzisz"
"HPEAlletra6000andNimbleStoragePowerShellToolkit","HPENimblePowerShellToolkit"
"HPEBIOSCmdlets","HPE_Powershell"
"HPECOMCmdlets","lionel.jullien"
"HPEiLOCmdlets","HPE_Powershell"
"HPEMigrationAdvisoryTool","HPE_Powershell"
"HPENimblePowerShellToolkit","HPENimblePowerShellToolkit"
"HPENVDIMMCmdlets","Katy,JacobChang,BillW,BruleeLiu,ErikH"
"HPEOACmdlets","HPE_Powershell"
"HPEOneView.1000","ChrisLynchHPE"
"HPEOneView.530","ChrisLynchHPE"
"HPEOneView.540","ChrisLynchHPE"
"HPEOneView.550","ChrisLynchHPE"
"HPEOneView.600","ChrisLynchHPE"
"HPEOneView.610","ChrisLynchHPE"
"HPEOneView.620","ChrisLynchHPE"
"HPEOneView.630","ChrisLynchHPE"
"HPEOneView.660","ChrisLynchHPE"
"HPEOneView.700","ChrisLynchHPE"
"HPEOneView.710","ChrisLynchHPE"
"HPEOneView.720","ChrisLynchHPE"
"HPEOneView.800","ChrisLynchHPE"
"HPEOneView.830","ChrisLynchHPE"
"HPEOneView.840","ChrisLynchHPE"
"HPEOneView.850","ChrisLynchHPE"
"HPEOneView.860","ChrisLynchHPE"
"HPEOneView.900","ChrisLynchHPE"
"HPEOneView.910","ChrisLynchHPE"
"HPEOSProvisionCmdlets","HPE_Powershell"
"HPERedfishCmdlets","HPE_Powershell"
"HPESimpliVity","RoyAtkinsHPE"
"HPESmartArrayCmdlets","HPE_Powershell"
"HPEStoragePowerShellToolkit","harikumarr"
"HPESvtCmdlets","gnmurthy,Shanjhunaa,viswanathareddy,dshivaprakash,prabhukumarabr"
"HPESysInfoCmdlets","Katy,JacobChang,BillW,BruleeLiu,ErikH"
"HPESysInfoCmdlets.200","BillW,BruleeLiu"
"HPEVCCmdlets","HPE_Powershell"
"HPOneView.310","ChrisLynchHPE"
"HPOneView.400","ChrisLynchHPE"
"HPOneView.410","ChrisLynchHPE"
"HPOneView.420","ChrisLynchHPE"
"HPOneView.500","ChrisLynchHPE"
"HPOneView.520","ChrisLynchHPE"
"HPRESTCmdlets","HPE_Powershell"
"HPWarranty","dotps1"
"HRProvisioningTests","martin-rublik"
"hsdp-iam","marklindell"
"Hsp.Ps.UPack","hemisphera"
"HtmlHelper","gogbg"
"HtmlReport","Jaykul"
"HTMLToJson","pldmgg"
"HtmlToMarkdown","brianary"
"Httools","hiterator"
"http.server","IamJakoby"
"http.targets","IamJakoby"
"HttpListener","stevelee,stevel-msft"
"httpowershell","stuartio"
"HttpSys","alexis.coles"
"HttpUnitPS","cdhunt"
"Huawei-iBMC-Cmdlets","Qianbiao.NG,HuaweiServerPlugin,StevenWang"
"Hubot","MattHodge"
"HubSpotApi","mister-dj"
"HubSpotCmdlets","CData"
"HubSpotPS","Dejulia489"
"HuduAPI","mspp,homotechsual,johnduprey"
"hugoalh.GitHubActionsToolkit","hugoalh"
"HumanTechSolutions.PowerShell.XmlUtils","josuemb"
"HundredOneLines-PS","chris_dke"
"HVDX","it-pro-berlin.de"
"HVTools","leialm"
"HVVMReliableMigration","Fozzy"
"HybridRunbookWorkerDsc","bgelens"
"HybridWorkerToolkit","tao.yang"
"Hyper-ConvertImage","powers-hell"
"Hyper-V.Tools","conio"
"Hyper-VAdministration","michael.haken"
"Hyper-VVMTemplates","mhwexler,masonwexler"
"HyperDeploy","TomAustin"
"HyperVAlertAndMonitor","AdministratorAndAutomate"
"HyperVBackup","fhjorslev"
"HyperVClusteredEnvBuildout","AdministratorAndAutomate"
"HyperVConfigurations","Ravikanth"
"HyperVLab","Codeblack"
"HyperVReports","EntropicTech"
"HyperVTools","MajorGlory"
"IACompliance","Invoke-Automation"
"IALogging","Invoke-Automation"
"IAMClient","aurelschwitter,JoelG,ndill,benzs"
"IAUtility","Invoke-Automation"
"ib","Theo_Bodin"
"ib1","renaud.wangler"
"ib2","renaud.wangler"
"IBM.IAM.AWS.SecurityToken","johnwcarew"
"IBMCloudObjectStorageCmdlets","CData"
"IBMCloudSQLQueryCmdlets","CData"
"IBMProductMedia","dennypc"
"ibPS","TehMuffinMoo"
"IBTool","agallego-css,DrummerViking"
"Icewolf.Exchange.MAPI","ABohren"
"Icewolf.EXO.SpamAnalyze","ABohren"
"IchicraftWidgets","sanderdekoning"
"icinga-powershell-apichecks","Icinga"
"icinga-powershell-cluster","Icinga"
"icinga-powershell-framework","LordHepipud,Icinga"
"icinga-powershell-hyperv","Icinga"
"icinga-powershell-inventory","Icinga"
"icinga-powershell-mssql","Icinga"
"icinga-powershell-plugin-bw-icinga","buerowalther"
"icinga-powershell-plugins","LordHepipud,Icinga"
"icinga-powershell-restapi","Icinga"
"Icinga2Agent","plsatin"
"ICMP","DClementDawan"
"IconExport","chrissylemaire"
"IconForGUI","ChrisCarter"
"ID3","LeeHolmes"
"Idabus.Automation.Admin","prs-ocg,sal-ocg"
"Idabus.Automation.Core","prs-ocg,sal-ocg"
"IDandCollabTools","StevieLamb"
"Idempotion","briantist"
"IdentityCommand","pspete"
"IdentityCommand.DPA","pspete"
"IdentityManager","IAMSecurity"
"idf-ext","agramakov"
"IDMCmdlets","PowerShellCrack"
"IdnTools","Spiff87"
"iDRAC4Redfish","labbuildr"
"IdracRedfishSupport","TexRoemer"
"IEFavorites","boe.prox"
"IefPolicies","mrochon"
"IFTTT_Maker_PowerShell","rleonard55"
"igmPShelper","Kevin.Integrom"
"IGN","Aryxst"
"IgugaChecksumUtility","ivanmota"
"IISAdministration","iis"
"IISConfigDSC","Crombell95"
"IISConfigUnlock","christianacca"
"IISManager","Badgerati"
"IISParser","Przemyslaw.Klys"
"IISRFBaseline","phbits"
"IISSecurity","christianacca"
"IISSiteInstall","christianacca"
"IISUtil","jspaetzel"
"IIT.Powershell.PlainText","DJAndy"
"IIT.UpdateNppPlugins","DJAndy"
"ILAssembler","SeeminglyScience"
"Illallangi.ConvertDateTimeOffsetPropertyToString","illallangi"
"Illallangi.CopyFileToHash","illallangi"
"Illallangi.FlightMap","illallangi"
"Illallangi.MailFolders","illallangi"
"Illallangi.PublicTransportVictoria","illallangi"
"Illallangi.TheTvDb","illallangi"
"Illallangi.TripIt","illallangi"
"Image2Docker","Docker"
"Image2Text","psdevuk"
"ImageDataUriConverter","robgreen"
"ImageDtsCreator","datatec.studio"
"ImagePlayground","Przemyslaw.Klys"
"ImagesUtil","chris_dke"
"imagga","marco.torello"
"ImmersionTracker","jordansimsmith"
"ImpactPartnership-PS","ksims_impactpartnership,ygomez_impactpartnership"
"Impersonate","shackrack"
"ImpersonateSystem","HIGHphen"
"ImpliedReflection","SeeminglyScience"
"Import-ConfigData","cdhunt"
"import-csv2","horker"
"Import-JUnitToAzTestPlan","ByteRey"
"Import-Package","anonhostpi"
"Import-WsusUpdate","Adamj"
"import-xml","cn_codegod"
"ImportantModule","Windos"
"ImportAZSK_UtilizationModules","r.kumar.rachamalla"
"ImportCertificate","macinally"
"ImportDotEnv","CosmicDNA"
"ImportExcel","DougFinke"
"importfromURL","aspencer_ct"
"ImportIcal","CraigChamberlain"
"ImportTestScript","nohwnd"
"ImportToSQLDatabase","Clifra_Jones"
"ImportXmlToSql","arkade16"
"ImprovedConvertFromJson","LiamLeane"
"InActiveOwners","aammirmirza"
"InboxAccountingDatabaseManagement","richardhicks"
"inContact","mabster"
"Indented.Build","indented-automation"
"Indented.ChocoPackage","indented-automation"
"Indented.ComSecurity","indented-automation"
"Indented.IniFile","indented-automation"
"Indented.Net.Dns","indented-automation"
"Indented.Net.IP","indented-automation"
"Indented.ScriptAnalyzerRules","indented-automation"
"Indented.SecurityPolicy","indented-automation"
"Indented.StubCommand","indented-automation"
"inecta","Fridrik"
"Infiltrator","RichieLeeBzzzt"
"Influx","markwragg"
"InfluxDb","NicholasDille"
"InfoBlox","devblackops"
"InfobloxCmdlets","jmmurrah"
"InfobloxGrid","michael.haken"
"InfocyteHUNTAPI","cgerritz"
"InfocyteNetworkTest","cgerritz"
"InformationProtectionHarness.PowershellGalleryModule","InProductAutomation,sellison,Narendra18"
"InformationTechnologyOperationsModule","ryanprogrammer"
"InformixCmdlets","CData"
"InfrastructureFunctionsModule","Michaelq"
"IniConverter","jiannone"
"IniFileModule","cspeers"
"IniManager","JohnRoos"
"InitForAdil","seAli1880"
"InjectionHunter","PowerShellTeam"
"InlineMailAttachments","dlwyatt"
"InputOutput","cnsn"
"InsecureCipherUtils","vhcomptech"
"InstagramCmdlets","CData"
"Instal_edeiaLab","r.linhas"
"InstallAppOnRemoteComputer","pr_prakash78"
"InstallExchange","michael.haken"
"InstallGitModule","Lachlan.Wood"
"InstallHelpers","christianacca"
"InstallHubot","adambirds"
"InstallLatestModule","PowerShellCrack"
"InstallLemontreeModules","Jordy"
"InstallManager","thatexactmike"
"InstallModule","Mwge"
"InstallModuleFromGit","iricigor"
"InstallModuleFromGitHub","DougFinke"
"InstallMSIPackageOnRemoteServer","pr_prakash78"
"InstallPSModules","kberridge"
"InstallRemoteMSI","MichaelWaterman"
"InstallSourceModule","rfewster"
"installUnifi","jpoblocki"
"InStor.PowerShell","Inspurhs"
"IntacctCmdlets","CData"
"IntegrisDeploymentTool","DavidMcVicker,DavidM123151234"
"IntegrisDeploymentToolDev","DavidMcVicker"
"IntegrisPowerShell","DavidMcVicker"
"IntegrisWindowsUpdate","DavidMcVicker,DavidM123151234"
"Integrom.Library.psHelper","Kevin.Integrom"
"IntelliSearch","marcin.sikora"
"IntelliTect.ChatGpt","intellitect"
"IntelliTect.Common","intellitect"
"IntelliTect.CredentialManager","intellitect"
"IntelliTect.Google","intellitect"
"IntelliTect.PSRestore","intellitect"
"IntelliTect.PSToolbox","intellitect"
"IntelliTect.ResharperNugetSearch","intellitect"
"InteractiveApi","josiahv"
"InteractiveMenu","bibistroc"
"InteractiveSelect","LukaszPatalas"
"InternetSettings","SimonWahlin"
"Intersight.PowerShell","Cisco"
"interval-timer","digitalguy99"
"Intigua","OrSmolnikIntigua"
"IntraOffice.ContentRepository.Powershell","rderegt"
"intune_storage","hraj"
"Intune-App-Sandbox","UniverseCitiz3n"
"Intune-Management","thebeier"
"Intune.Graph","KenJohnson03"
"Intune.HV.Tools","powers-hell"
"Intune.LogMonitor.Tools","powers-hell"
"Intune.Reporting","powers-hell"
"Intune.USB.Creator","powers-hell"
"IntuneAdminRoles","JLockett,ScriptHelper"
"IntuneBackupAndRestore","jseerden"
"IntuneBackupAndRestoreSP","stevenp"
"IntuneBulkMaster","FlorianSLZ"
"IntuneCustomCompliance","JackDDavis,JDDavis"
"IntuneDebug","JonasO"
"IntuneDeviceInventory","FlorianSLZ"
"IntuneDiagnosticTools","MichalGajda"
"IntuneDocumentation","ThomasKur"
"IntuneEndpointTools","djust270"
"IntuneGraph","stan754"
"IntuneLogs","IntuneAdmin"
"IntuneMermaid","JoseS"
"IntunePSToolbox","JRezab"
"IntuneResourceLocalization","tbiesmanspersonal,stijnsoens"
"IntuneStarterKit","FlorianSLZ"
"IntuneStuff","ztrhgf"
"intunesyncdebugtool","RudyOoms"
"IntuneTT","William.H"
"IntuneWin32App","NickolajA"
"IntuneWin32Deployer","FlorianSLZ"
"IntuneWinAppUtilGUI","Gioxx"
"IntuneWinPackage","SimonBuehler"
"InvertedTrianglePSS.Scaffold","robw3lga"
"Invoke_KeyCipher","eric_tush"
"Invoke-ArgFuscator","wietze"
"Invoke-AsAdmin-Module","JS_SK"
"Invoke-AssignUnassignHotspareREDFISH","TexRoemer"
"Invoke-AtomicRedTeam","redcanary"
"Invoke-BootToNetworkIsoOsdREDFISH","TexRoemer"
"Invoke-ChangeIdracUserPasswordREDFISH","TexRoemer"
"Invoke-ChangeVirtualDiskAttributesREDFISH","TexRoemer"
"Invoke-CheckConsistencyVirtualDiskREDFISH","TexRoemer"
"Invoke-CommandAs","mkellerman"
"Invoke-ConnectExchange","thomas-illiet"
"Invoke-ConnectNetworkIsoImageREDFISH","TexRoemer"
"Invoke-CreateCustomIdracUserRoleREDFISH","TexRoemer"
"Invoke-CreateIdracUserPasswordREDFISH","TexRoemer"
"Invoke-CreateVirtualDiskREDFISH","TexRoemer"
"Invoke-CreateXauthTokenSessionREDFISH","TexRoemer"
"Invoke-DecommissionREDFISH","TexRoemer"
"Invoke-DeleteVirtualDiskREDFISH","TexRoemer"
"Invoke-Docker-PSObject","DanWard"
"Invoke-DQVTesting","jkerski"
"Invoke-EggJob","eggstoastbacon"
"Invoke-EggThread","eggstoastbacon"
"Invoke-EnableDisableBiosBootOrderDevicesREDFISH","TexRoemer"
"Invoke-ExportHwInventoryLocalREDFISH","TexRoemer"
"Invoke-ExportImportSslCertificateREDFISH","TexRoemer"
"Invoke-ExportLcLogsLocalREDFISH","TexRoemer"
"Invoke-ExportServerScreenShotREDFISH","TexRoemer"
"Invoke-ExportVideoLogREDFISH","TexRoemer"
"Invoke-FormatQuery","BEAH"
"Invoke-GenerateCsrREDFISH","TexRoemer"
"Invoke-GetIdracServerPowerInformationREDFISH","TexRoemer"
"Invoke-IdracJobQueueManagementREDFISH","TexRoemer"
"Invoke-IdracLicenseManagementREDFISH","TexRoemer"
"Invoke-IdracRemoteKvmHtmlSessionREDFISH","TexRoemer"
"Invoke-IdracSessionManagementREDFISH","TexRoemer"
"Invoke-InitializeVirtualDiskREDFISH","TexRoemer"
"Invoke-InsertEjectVirtualMediaREDFISH","TexRoemer"
"Invoke-Install","mmattes"
"Invoke-InstallFromRepositoryOemREDFISH","TexRoemer"
"Invoke-MsBuild","deadlydog"
"Invoke-Obfuscation","CaliNux.ps1"
"Invoke-OdinApi","illy"
"Invoke-PSBuild","JerryBalmer"
"Invoke-PSModuleBuild","JerryBalmer"
"Invoke-PSSession","mkellerman"
"Invoke-RemoteApp","Yukami"
"Invoke-RemoteDiagsREDFISH","TexRoemer"
"Invoke-ReplaceCertificateREDFISH","TexRoemer"
"Invoke-ResetIdracDefaultSettingsREDFISH","TexRoemer"
"Invoke-ResetIdracREDFISH","TexRoemer"
"Invoke-SecureEraseDeviceREDFISH","TexRoemer"
"Invoke-SemanticModelRefresh","jkerski"
"Invoke-ServerVirtualAcCycleREDFISH","TexRoemer"
"Invoke-SetExternalEnclosureAssetTagREDFISH","TexRoemer"
"Invoke-SqlCmd2","ramblingcookiemonster"
"Invoke-StorageChangeVdPdStateREDFISH","TexRoemer"
"Invoke-StorageConvertDiskRaidNonRaidREDFISH","TexRoemer"
"Invoke-StorageImportClearForeignConfigREDFISH","TexRoemer"
"Invoke-StorageRekeyControllerKeyREDFISH","TexRoemer"
"Invoke-StorageRemoveControllerKeyREDFISH","TexRoemer"
"Invoke-StorageRenameVdREDFISH","TexRoemer"
"Invoke-StorageResetConfigREDFISH","TexRoemer"
"Invoke-StorageSetBootVdREDFISH","TexRoemer"
"Invoke-StorageSetControllerKeyREDFISH","TexRoemer"
"Invoke-StorageVirtualDiskExpansionREDFISH","TexRoemer"
"Invoke-StringNormalization","Josua1111"
"Invoke-SupportAssistCollectionLocalREDFISH","TexRoemer"
"Invoke-SystemEraseREDFISH","TexRoemer"
"Invoke-Terraform","pearcec"
"Invoke-Threaded","bmcmcm"
"Invoke-UnpackAndAttachOsdREDFISH","TexRoemer"
"Invoke-vCloud","jonwaite"
"Invoke-VsBuild","vatsanm"
"InvokeAbilityHelpers","arnold.sikorski"
"Invokeall","santhse"
"InvokeAsAdmin","mmillar-bolis"
"InvokeAsSystem","Neptune443"
"InvokeBuild","nightroman"
"InvokeBuildExample","duffney"
"InvokeBuildHelper","claudiospizzi"
"InvokeDSC","duffney"
"InvokeHelper","rulasg"
"InvokePsExec","joakimbs"
"InvokeQuery","ctigeek"
"InvokeSomething","ydinkov"
"InvokeSpeach","MosaicMKSoftwareLLC"
"InvokeSQLiteQuery","datenteiler"
"InvokeUplift","SubPointSupport"
"InvokeWebRequestUTF8","apteco_fvb"
"io.github.ajchemist.PS.Hyper-V","emacs"
"io.github.ajchemist.PS.Utils","emacs"
"IOInfoExtensions.PowerShell","APStrickland"
"IonFar.SharePoint.PowerShell","amal_abey"
"IonMod","Jimurrito"
"IONModule","BenWeinberg"
"ip","Marli"
"IP.Tools","jberkers42,IPSecMSP-Platform"
"IPAddressHelper","JiriF"
"IPAndNetworkCalculator","juanfperezperez"
"IPAX","it-pro-berlin.de"
"IPBasicNetworking","roleyfoley"
"IPCalculator","guido.oliveira"
"iPERF2GO","True-Kalichuza"
"iPerfAutomate","adamtheautomator"
"IPGeolocation","owenmurr"
"iPilot","nuwaverob,voiceman,garmank"
"IPInfoLite","PSRyan"
"ipmgmt","Andrey.Vernigora"
"IPNetwork","JustinGrote"
"iPowerShellCpuid","iAJTin"
"iPowerShellSmbios","iAJTin"
"ipphone","shanehoey"
"IPTools","brunobritorj"
"IPv4","PSModule.io"
"IPv4Calc","Wombatzoner"
"IPv4Class","JohnForet"
"IPv4Math","brianaddicks"
"IPv4Range","DClementDawan"
"IPv4Toolbox","toups"
"IPv6Regex","ChrisWarwick"
"IPvMe","rhymeswithmogul"
"IronScripter.ActiveDirectory","IronScripter"
"Irregular","Start-Automating"
"IsamsBatchApi","CraigChamberlain"
"iSCSIDsc","dscottraynsford,dsccommunity"
"iscUtils","sup3rmark"
"ISE_Cew","kilasuit"
"ISEAddonMenu.cmdlets","pXLabs"
"ISEColorTheme.Cmdlets","pXLabs"
"ISEFontSmoothing","george.chakhidze"
"ISEGit","bartekb"
"IseHg","pcgeek86"
"IsElevated","andysvints"
"ISEModuleBrowserAddon","onescript"
"IsePackV2","Start-Automating"
"ISEPester","bartekb"
"ISEPresenter","claudiospizzi"
"ISEPSProject","cmaahs"
"ISERemoteTab","JeffHicks"
"ISEScriptAnalyzerAddOn","onescript"
"ISEScriptingGeek","JeffHicks"
"ISEScriptRunner","Achim"
"ISESteroids","ISESteroids"
"ISEThemes","trevor"
"ISHBootstrap","SDL,rshvets,ddemeyer,ivandelagemaat,davedemeyer,OlegTokar"
"ISHDeploy","SDL,rshvets,ddemeyer,ivandelagemaat,davedemeyer,OlegTokar"
"ISHDeploy.12.0","SDL,rshvets,ddemeyer,ivandelagemaat,davedemeyer"
"ISHDeploy.12.0.0","SDL,rshvets,ddemeyer,ivandelagemaat,davedemeyer"
"ISHDeploy.12.0.1","SDL,rshvets,ddemeyer,ivandelagemaat,davedemeyer"
"ISHDeploy.12.0.3","SDL,rshvets,ddemeyer,ivandelagemaat,davedemeyer"
"ISHDeploy.12.0.4","SDL,rshvets,ddemeyer,ivandelagemaat,davedemeyer"
"ISHDeploy.13.0","SDL,rshvets,ddemeyer,ivandelagemaat"
"ISHRemote","SDL,rshvets,ddemeyer,ivandelagemaat,davedemeyer,OlegTokar"
"ISHServer.12","SDL,rshvets,ddemeyer,ivandelagemaat,davedemeyer,OlegTokar"
"ISHServer.13","SDL,rshvets,ddemeyer,ivandelagemaat,davedemeyer,OlegTokar"
"ISHServer.14","SDL,rshvets,ddemeyer,ivandelagemaat,davedemeyer,OlegTokar"
"ISHServer.15","SDL"
"ISHServer.15.1","ddemeyer,davedemeyer,okuzmin"
"ISHServer.15.2","ddemeyer,davedemeyer,okuzmin"
"IsItAllowed","Techary_James"
"Isol8","PalmEmanuel"
"IsPrime","KiranKalyanthaya"
"iSpyAgentManager","NJ_Dude"
"ItemLinkManagement","theohbrothers"
"IText7Module","CashyP"
"ItGlue","wetling"
"ITGlueAPI","calebalbers,itglue,awells,luisgiraldo"
"ITGlueAPIv2","mspp"
"ITGSerialTerminalTools","sergei.s.betke"
"ItmWebService","jcravener"
"ITPS.OMCS.Tools","ThunderChain"
"IvantiPS","JoeyWas"
"J4T-PS-Generic","just4td"
"J81.ADCToolkit","J81"
"Jagabata.psm","teramako"
"jakoby-b64","IamJakoby"
"jakoby-txt2img","IamJakoby"
"JamfPSPro","Trusty"
"JapaneseStringUtils","or1ko"
"Java","Prajeesh"
"Javinizer","jvlflame,seeyabye"
"JAz.LogIngestion","JustinGrote"
"JAz.PIM","JustinGrote"
"JBUtils","thisJUSTin816"
"JCPR","jbloomfield80"
"JDKManager","knetwork.solutions"
"JeaCertificateManager","Fred"
"JeaDsc","gaelcolas,dsccommunity"
"JeaDscDatum","halbarad"
"JeaExamples","halbarad"
"JEAnalyzer","FWN,Fred,miriamwiesner"
"Jenkins","dscottraynsford"
"Jenkins-Helpers","oliverli"
"Jenkins.Api","rasmusjelsgaard"
"JhcAdoRest","jcravener"
"JhcJson","jcravener"
"JhcUtil","jcravener"
"Jie.New.Test","Jie"
"Jie.Test","Jie"
"Jira","PSModule.io"
"JIRACmdlets","CData"
"JiraHelper","glennsarti"
"JiraPS","replicaJunction,AtlassianPS"
"JiraServiceDeskCmdlets","CData"
"JiraTools","RubberDuck"
"jit-tree","rabadiw"
"JitBitPS","jgrutz"
"JMg.Files","JustinGrote"
"jnReddit","JakeNelson"
"joat-config","Seekatar"
"JobQueuing","ScriptPup"
"JobScheduler","andreaspueschel"
"Join-Object","illy"
"Join-Strings","ta11ow"
"JoinModule","iRon"
"Jojoba","codykonior"
"joshooaj.platyPS","joshooaj"
"joshooaj.PowerShellBuild","joshooaj"
"joshooaj.PSPushover","joshooaj"
"JournalCli","nick.spreitzer"
"JoursOuvrablesQuebec","ouelletf"
"jpsgit","jsnover"
"jpsider","jpsider"
"JS.OracleDatabase","Silvarion"
"JS7","andreaspueschel"
"JSDR.Configuration","jetstreamsoft"
"JSM.Insight","AllElbows"
"Json","PSModule.io"
"JSON-LD","Start-Automating"
"JsonCli","chadnpc"
"JSONCmdlets","CData"
"JsonDiff","TarunOSS"
"JsonEditorHtml","DrIOS"
"JsonFS","wgross"
"Jsonify","Ninmonkey"
"JsonMenu","erijss"
"JsonPlus","lizoc"
"JsonToPowershellClass","robgreen"
"JsonUtils","szeraax,choovick"
"JT.AppxDownloader","Johnny_Tse"
"JT.WriteLog","Johnny_Tse"
"jtAz","JeroenTrimbach"
"julia-channels","davidanthoff"
"JulianCalendar","stitze"
"Jump.Location","vors"
"JumpCloud","jworkmanjc,gweinjc"
"JumpCloud.ADMU","jworkmanjc,gweinjc"
"JumpCloud.Office365.SSO","Scottd3v,jworkmanjc"
"JumpCloud.Radius","jworkmanjc"
"JumpCloud.SDK.DirectoryInsights","jworkmanjc"
"JumpCloud.SDK.V1","jworkmanjc"
"JumpCloud.SDK.V2","jworkmanjc"
"JumperCable","GrailForge"
"Juriba.AppM","Juriba"
"Juriba.DPC","Juriba"
"Juriba.DPC.ServiceNow","Juriba"
"JustinGrote.Microsoft.Graph.Extensions","JustinGrote"
"JVCollectiveIntelligenceMay2025","JustinVerstijnen"
"JWT","PSModule.io"
"JWTDetails","darrenjrobinson"
"jwtPS","AXPP"
"JyskIT.Automation","pev_jlhosting"
"JaapsTools","MajorGlory"
"K.PSGallery.LoggingModule","1d70f"
"K2.Powershell","aeropeek"
"k8s","huajie"
"K8sCredentialSpec","evops"
"K8sOperator","Almcchesney"
"K8sShell","anonmous"
"K8sUtils","Seekatar"
"Kabompo","david.koenig09"
"KaceSMA","ArtisanByteCrafter"
"KafkaTools","kenriortega"
"Kamino","evanjd711"
"KanaUtils","mkht"
"Kanbanflow","stho32"
"KandjiAPI","cdarais"
"Kang","Shuvalov"
"Karabiner","freddie.sackur"
"KaseyaVSA","aengels"
"kbupdate","chrissylemaire"
"kbupdate-library","chrissylemaire"
"KeDo_AZTableAPI","KeDo"
"KeDo_AzureGraphAPI","KeDo"
"KeDo_CoreHelper","KeDo"
"KeDo_CosmosSQLAPI","KeDo"
"KeDo_OktaAPI","KeDo"
"Keenetic","ryzhov_al"
"KeepAlive","russellds"
"KeePassImportExport","thordreier"
"Kelverion.Atlassian.Jira","Kelverion"
"Kelverion.AutomationPortal","Kelverion"
"Kelverion.Azure.DevOps","Kelverion"
"Kelverion.Azure.Infrastructure","Kelverion"
"Kelverion.Azure.Monitor","Kelverion"
"Kelverion.BMC.Atrium","Kelverion"
"Kelverion.BMC.Helix.Itsm","Kelverion"
"Kelverion.Cherwell","Kelverion"
"Kelverion.DataManipulation","Kelverion"
"Kelverion.EasyVista","Kelverion"
"Kelverion.Freshservice","Kelverion"
"Kelverion.Oracle","Kelverion"
"Kelverion.Salesforce","Kelverion"
"Kelverion.ServiceDeskPlus","Kelverion"
"Kelverion.ServiceNow","Kelverion"
"Kelverion.Slack","Kelverion"
"Kelverion.SolarWinds.ServiceDesk","Kelverion"
"Kelverion.SqlServer","Kelverion"
"Kelverion.Vmware.Vsphere","Kelverion"
"Kelverion.WebAutomation","Kelverion"
"Kelverion.Zendesk","Kelverion"
"kenger.SQLData","kenger"
"Kernel32Dll","KatsutoshiOtogawa"
"KeycloakContainerConsole","adeveaux,IslandSpud"
"keycloakRealmManager","dd-jbonse"
"keycloakTokenManager","dd-jbonse"
"KeyControl","Fred"
"Keyops-Azure","paulvagner"
"Keystore","Chirishman"
"KFSharedPassword","kflannery"
"KFTeamsTools","kflannery"
"kFunctions","SupSkiFun"
"Kickstart","RichardUlfvin"
"KidRSA","marckassay"
"KintoneCmdlets","CData"
"KMaks.ActiveDirectoryRights","KMaks"
"KMaks.PanGPA","KMaks"
"KMaks.Prompt","KMaks"
"KMaks.Qotd","KMaks"
"KMaks.RDShadow","KMaks"
"KMaks.WindowsUpdate","KMaks"
"kmt.winget.autocomplete","KevinMarquette"
"KnowBe4","MrAlexFranco"
"KnowBe4-Partner","GreenLoopITSolutions"
"KnowBe4PS","timothymmurphy"
"KnownFolders","jberezanski"
"KovertKringle","Windos"
"KpPwpush","kamilpro"
"KQL","iricigor"
"KQLParser","mdowst"
"Kraken","dberber"
"KrakenExchange","Voytas"
"Krbtgt","FWN"
"Ks.Tools","wvanbesien"
"KSchemaPlugin","dberber"
"KSchu26ExampleModule","KSchu26"
"KsLogging","Kurticus"
"KubeBuddy","PixelRobots"
"KubeDeck","PixelRobots"
"KubePrompt","renehernandez"
"Kubernetes","patto-sk"
"KubeSnapIt","PixelRobots"
"KubeTidy","PixelRobots"
"kubetools","trevor"
"KuduCommand","RadicalDave"
"Kull.Data.Powershell","AAeerrsam"
"kurukuru-pwsh","kzrnm"
"KustoPowershell","kuzhao"
"Kva","nwoodmsft,madhanrajm,apluchik,pgayam,rohitjaini,yeonghun"
"KVBTools","KenVB"
"LabBuilder","dscottraynsford"
"Lability","iainbrighton"
"LabinaBox","troyault"
"Lably","ChrisKibble"
"LabViewHelpers","zoryatec"
"LAM-PowerShell","dynasys"
"LampSettingLib","chirag.rade,tisaneinfrastructure"
"LanguageDsc","ld0614"
"Lansweeper-PS","Marcus.Dean"
"LAPS.Nano.DSC","jformacek,JiriF"
"LapToClipboard","Jxdev"
"laragon","star2000"
"LargeFiles","Fred"
"LARSINUS","Larsinus"
"Lastpass-PS","user239fd3g4v4a"
"LatestUpdate","aaronparker"
"LatestVersionCheck","AssafMiron"
"lazy-posh-git","bergmeister"
"lazyExchangeAdmin","junecastillote"
"LazyExchangeAdmin.AdExpNotify","junecastillote"
"LazyExchangeAdmin.SkuMon","junecastillote"
"LCMInternals","NanaLakshmanan"
"LCMRebootNodeIfNeeded","amrowicki"
"Ldap","replicaJunction"
"LDAPCmdlets","CData"
"LdapTools","FWN"
"Ldbc","nightroman"
"ldx-pki","leialm"
"LDXLogging","leialm"
"LDXNetscaler","leialm"
"Leankit","steflemay"
"LearnPowerShell","jakewmorrison"
"Ledningssystem","SyrianCloud"
"LegacyData","AshdarPartners"
"LegacyNetworking","iainbrighton"
"Legislator","IISResetMe"
"LegoIdeas","Bzly"
"Lemmy-preview","mdowst"
"LemonAI","DioNomel"
"Lemontree-Module","JordyDeRooij"
"Lenovo.Client.Scripting","lenovocdrt"
"LenovoBattery","caiohamamura"
"LenovoBIOS","NJ_Dude"
"LenovoInfo","mjenne"
"Lesspass","edouard-lopez"
"LGPO","PowerShellCrack"
"Lib.Transform","rzmoz"
"Library","Archdeacon"
"LibreDevOpsHelpers","craigthackerx"
"LibSnitcher","UncleCisco"
"LicenseManager","VertigoRayUNT,VertigoRay"
"Lifx","redwyre"
"LightScript","Start-Automating"
"LimeSurvey-Xml","mdavis332"
"LimitFileSize","fredericpetit"
"LinkedIn","PSModule.io"
"LinkedInAdsCmdlets","CData"
"LinkedInCmdlets","CData"
"LINQ","josheinstein"
"linqpad-folders-powershell-module","willh"
"linuxinfo","elarsson"
"LinuxLoveWindows","cdhtlr"
"LinuxPowershellTools","Almcchesney"
"LinuxResourcesDsc","Daniel.Snelling"
"linuxtools","skatterbrainz"
"LiquidTemplate","vtsingaras_iwks"
"Liquit.Server.PowerShell","Liquit,RecastSoftware"
"List-AllAzSubnets","isshukla"
"List-AllAzVMDefaultRoutes","isshukla"
"List-AllNSGRules","isshukla"
"ListFunctions","Yevrag35"
"Lithnet.CredentialProvider.Management","ryannewington"
"LithnetMIISAutomation","ryannewington"
"LithnetRMA","ryannewington"
"LittleInfrastructureManager","Przemyslaw.Klys"
"LiveStreamValidation","sandersaares"
"LmbdUtil","chris_dke"
"loadbalancerPS","DanielCaulfield"
"localaccount","EnergizedTech"
"LocalAccountManagement","Robbiepc30"
"LocalAccounts","isazonov"
"localadmin","Slime_V2"
"LocalChocolateyPackage","MSAdministrator"
"LocalDev","randorfer"
"Locality","szeraax"
"LocalizedCompletion","Fred"
"LocalMachine","chrisred"
"LocalMDM","MTNiehaus"
"LocalModules","Human.Against.Machine"
"LocalNugetHelper","dejaypiii"
"LocalPSRepository","steelsharktech"
"LocalRepoManager","mikeld24"
"LocalSTT","chadnpc"
"LocalToUtc","gmoshe27"
"LocalUserManagement","EdWilson"
"LocalUsers","Human.Against.Machine"
"locate","chrissylemaire"
"LocationHistory","Bill_Stewart"
"LocationStack","pavel.stsefanovich"
"LockFile","ThomasNieto"
"LockingProcessKiller","DavidR"
"LockObject","dlwyatt"
"Locksmith","jakehildreth"
"LOCToolkit","tony.minz"
"LodasoftPS","Dejulia489"
"LodPx","Poshoholic"
"Log","hukdizzle"
"Log-Rotate","theohbrothers"
"Log2Chart","buscseik"
"Log4NetParse","HeyItsGilbert"
"LogAnalyticsAlerts","josecons_msft"
"LogError","agrajan"
"Logeto","Logeto"
"LogFileManager","shihan.pietersz"
"Logger","n8tb1t"
"Logging","massimo.bonvicini,rootitup-pwsh-publishing"
"LogHelper","gogbg"
"Logic.Monitor","SteveVillardi"
"Logic.Monitor.SE","SteveVillardi"
"LogicAppTemplate","jehollan,MLogdberg"
"LogicMonitor","wetling"
"LogicNowRMM","jleonard_ddc"
"logicshell","batmanama"
"LogInsight","LucD"
"Logman","JanEgilRing"
"LogModule","Bradryx"
"LogonCacheView","CollectiveSoftware"
"Logonme.Management.PowerShell","logonme"
"LogParsing","JPScripter"
"logsloth","HyundongHwang"
"LogStream","techdecline,decline"
"LogTools","jesymoen"
"LogUtils","jensgc"
"LOLBASline","magicsword-io"
"lolbins","IamJakoby"
"lolcat","andot"
"Lomtec.com.SourceCode","imrich.szolik"
"lookback","mahmodali9200"
"looklike","mahmodali9200"
"LoopbackAdapter","dscottraynsford"
"LoremIpsum","adamdriscoll"
"LoremText","atguilmette"
"Love","adamdriscoll"
"lsd-aliases","FelipeCybis"
"LSMigrationTools","ricardomo"
"LSUClient","jantari"
"LucasModule","FernandeLucasJob"
"LUM.AudioCodes","LUM"
"LUM.HelloWorld","LUM"
"LUM.PasswordTool","LUM"
"LUM.SfB","LUM"
"LumifyAzureTools","BrentD09"
"LumifyClassroomCleanup","BrentD09"
"LumifyTrainerTools","BrentD09"
"Lumos","markwragg"
"Lunchbox","Vonvyllch.Guibenscheimer"
"LWBreadcrumbs","LukeWhitelock"
"LWM.WakeOnLan","LarryWisherMan"
"LXCAPSTool","LenovoPowerShellTeam"
"LXCOPSTool","LenovoPowerShellTeam"
"M365.Report.Tools","djust270"
"M365.Toolkit","fagansc"
"M365cde.GraphMail","M365-consultant"
"M365CustomerKeyOnboarding","m365-ck"
"M365DefenderStuff","ztrhgf"
"M365Documentation","ThomasKur"
"M365DSC.CompositeResources","YorickKuijs"
"M365DSC.CRG","YorickKuijs"
"M365DSCTools","YorickKuijs"
"M365FoundationsCISReport","DrIOS"
"M365HelperFunctions","Shuvalov"
"M365Permissions","Jos"
"M365PSProfile","ABohren"
"M365Reporting","RobinDadswell"
"M365ServiceHealth","agorzelany"
"m8ITAdminBox","Norman.Mann"
"MAC-Address-Lookup-Tool","MaxAnderson95"
"MacAddress","saw-friendship"
"Macman","jihuayu"
"MacNotify","markwragg"
"macOSdefaultsCompleter","tyler"
"MACVendors","NJ_Dude"
"MAD","cythraul"
"MadMultithreading","TimCurwick"
"Maester","FBader,merill,Thomas.Naunheim"
"MagentoCmdlets","CData"
"MagicFile","VincentAnso"
"MagicPacket","AndreAHCT"
"MagicTooltips","pschaeflein"
"Mail.Protocols","DingMingyu"
"MailChimp","GijsReijn"
"MailChimpCmdlets","CData"
"MailDaemon","FWN"
"MailHelper","josecherian"
"Mailozaurr","Przemyslaw.Klys"
"MailPolicyExplainer","rhymeswithmogul"
"Main","thenecroscope"
"MaintainModule","rstolpe"
"makl.weather","MAKLs"
"malu","malu"
"MalwareBazaar","Emin"
"man-highlighting","digitalguy99"
"Manage-AdBlocksOnDNSServer","hechz"
"Manage-ADShadowGroup","MS-LUF"
"Manage-FreeIPA","MS-LUF"
"Manage-SessionKeyLogFile","Luspin"
"Manage-TrustedPublisher","MS-LUF"
"ManageBootStick","ChrisStro"
"ManagedIdentityGraphAppRoles","Zeroconf"
"ManageDotFiles","y4nn"
"ManageIssues","sewhee"
"ManagePSProject","dev.edfabre"
"ManageRoles","KKnight"
"ManageSecretVault","Wigrif"
"ManaShell","steviecoaster"
"MangaDexNotifications","ecspresso"
"ManifestSample","SK-PowerShellGallery"
"Mantis","mantis"
"MapAz","sagie"
"MapNetworkSharesRemotely","NJ_Dude"
"MapReduceFilter","lonniev"
"MarcusAurelius","DataTraveler1"
"MariaDB.DSC","Ephesoft"
"MariaDBCmdlets","CData"
"Mario_cVSS","SuperMarioo"
"MariusTestModule","MariusStorhaug"
"Markdown","PSModule.io"
"MarkdownEx","empx"
"MarkdownLinkCheck","vors"
"markdownmerge","darquewarrior"
"MarkdownPrince","Przemyslaw.Klys"
"MarkdownPS","dev1978"
"MarkdownRender","sassdawe"
"MarkdownToHtml","WetHat"
"MarketoCmdlets","CData"
"MarketplaceAPI","accezzish"
"MarkLogicCmdlets","CData"
"Marli-Browser","Marli"
"marli-Cleoni","Marli"
"marli-EndpointInUse","Marli"
"marli-net","Marli"
"Marli-OutlookReset","Marli"
"Marli-Probe","Marli"
"Marli-Smartdata","Marli"
"Marli-Sniffer","Marli"
"MarqueeModule","ryanprogrammer"
"MarsEnums","dougpuob"
"MartinsProfile","MartinSGill"
"MarvellFastlinqCmdlets","jadhavsagar_marvell_pune"
"MarvellQLogicFCPowerKit","Apps_Marvell"
"MASES.JNetPS","MASESGroupPSTeam"
"MASES.KNetPS","MASESGroupPSTeam"
"MASES.NavenPS","MASESGroupPSTeam"
"MASES.NetPDFPS","MASESGroupPSTeam"
"MASES.PLCOnNetPS","MASESGroupPSTeam"
"mashups","georgechang"
"Math","Jaykul"
"MathFunctions","scwheele"
"MathLibrary","ajinkya"
"Mattermost","cnsn"
"MattsHelloWorld","MatthewHermann"
"MavenArtifactIDLister","PatrykMilewski"
"MavenAutoCompletion","krymtkts"
"MaxOffice.TasksByMe.Azure","rajch"
"MaxOffice.TasksByMe.Entra","rajch"
"MazeRats","HeyItsGilbert"
"MB.PowerShell.Module","mbraekman_be"
"MCAS","powershellshock,POSH_Spice"
"McasExtension","Fred"
"MCCAPreview","Neha_Pandey"
"MCGraph","Michael19842"
"MCP","chadnpc"
"MCT-LabSchool","Pawel.Dremel"
"MCTDemoObject","Pawel.Dremel"
"mda","keithfleming"
"MDaemon","saw-friendship"
"mdatp-pwsh","Smalls1652"
"mdb-tools","mukunda"
"Mdbc","nightroman"
"MDCA","Fred"
"MDEAutomator","msdirtbag"
"MDSPackageComparator","NandanHegde"
"MDSTools","RickA"
"MDTApplicationTools","JohnForet"
"MDTDatabase","Adicitus"
"MDTMonitor","damien.vanrobaeys"
"ME.KMP","Kurticus"
"MeasureRows","apteco_fvb"
"MeasureScript","Neptune443"
"MeasureSize","LukaszPatalas"
"MeasureTrace","MatthewMWR"
"MeasureTrace.Database","MatthewMWR"
"MediaDuration","Ilya_Pronin"
"mediant","shanehoey"
"MediaValet.CS.Standard","jeanlozano"
"MediaValet.DAM","jeanlozano,jason.marshall"
"MediaValet.DAM.Standard","jeanlozano,jason.marshall"
"MedlemsserviceModule","jballe"
"Meekers-Modules","CHOCMeekDev"
"MeetupPS","lazywinadm"
"mega-has-Install","mega-international"
"MegaCoolServiceScritps","CoffeeApplied"
"MEInstallTools","Mwge"
"MEM-Win32App-Builder","markkerry"
"MeModule","Mwge"
"MemoryMappedFile","PSModule.io"
"MemoryTools","JeffHicks"
"MemPolicyManager","DrIOS"
"MEMPSToolkit","hcoberdalhoff"
"MenuSelect","Nillth"
"MenuShell","Start-Automating"
"MepAppsPowerTools","wesleyscaldwell"
"Meraki","DocNougat"
"Meraki-API-V1","Clifra_Jones"
"Meraki.PSCLI","bryan5989"
"MerakiPS","GavinEke"
"Merge-DscConfigData","MathieuBuisson"
"MergeCsv","joakimbs"
"MergeHashtable","apteco_fvb"
"MergePdf","sergepav"
"MergePSCustomObject","apteco_fvb"
"MessageHandling","MosaicMKSoftwareLLC"
"Metadata","Jaykul"
"MetaNull.InvokeScript","MetaNull"
"MetaNull.LaravelUtils","MetaNull"
"MetaNull.ManageMyOwnWebServerOnWindows","MetaNull"
"MetaNull.ModuleMaker","MetaNull"
"MetaNull.Queue","MetaNull"
"MetaNullPortfolio","MetaNull"
"MetaNullTechnologyReport","MetaNull"
"MetaNullUtils","MetaNull"
"MetaNullWiki","MetaNull"
"MetaProgramming","jsnover"
"MetasysRestClient","mgwelch"
"Metis","HECFLORES1993"
"Metro.AI","jodahlbo"
"MFAHelp","tlcampbell87"
"MfaOnDemand","lestoilfante"
"MfxDscResources","frama-stop"
"MgAqDetect","JustinGrote"
"MGNestedGroups","randriksen"
"MHA-IT.CommonFunctions","mha-emclean"
"MiCredentialModule","micelshima"
"MicroCloudCloudSidePS","stho32"
"Microsoft-Extractor-Suite","Invictus"
"Microsoft.ADAL.PowerShell","kenakamu"
"Microsoft.AVS.Management","etolmachev-msft,AzureVMwareSolutionTeam"
"Microsoft.AzStack.CSSTools.AppService","arudell,nimeader"
"Microsoft.Azure.ActiveDirectory.PIM.PSModule","aad-pim"
"Microsoft.AzureBlockchainService.ConsortiumManagement.PS","msftblockchainteam"
"Microsoft.AzureStack.HCI.CSSTools","arudell,JustinGrah,charlesjoy,nimeader"
"Microsoft.AzureStack.ReadinessChecker","jerskine,papplebyms"
"Microsoft.AzureStack.Util.ConvertNetwork","ebmarq"
"Microsoft.DiagnosticDataViewer","telhealth-idt"
"Microsoft.Entra","msgraph-sdk-powershell"
"Microsoft.Entra.Applications","msgraph-sdk-powershell"
"Microsoft.Entra.Authentication","msgraph-sdk-powershell"
"Microsoft.Entra.Beta","msgraph-sdk-powershell"
"Microsoft.Entra.Beta.Applications","msgraph-sdk-powershell"
"Microsoft.Entra.Beta.Authentication","msgraph-sdk-powershell"
"Microsoft.Entra.Beta.DirectoryManagement","msgraph-sdk-powershell"
"Microsoft.Entra.Beta.Governance","msgraph-sdk-powershell"
"Microsoft.Entra.Beta.Groups","msgraph-sdk-powershell"
"Microsoft.Entra.Beta.NetworkAccess","msgraph-sdk-powershell"
"Microsoft.Entra.Beta.Reports","msgraph-sdk-powershell"
"Microsoft.Entra.Beta.SignIns","msgraph-sdk-powershell"
"Microsoft.Entra.Beta.Users","msgraph-sdk-powershell"
"Microsoft.Entra.CertificateBasedAuthentication","msgraph-sdk-powershell"
"Microsoft.Entra.DirectoryManagement","msgraph-sdk-powershell"
"Microsoft.Entra.Governance","msgraph-sdk-powershell"
"Microsoft.Entra.Groups","msgraph-sdk-powershell"
"Microsoft.Entra.Reports","msgraph-sdk-powershell"
"Microsoft.Entra.SignIns","msgraph-sdk-powershell"
"Microsoft.Entra.Users","msgraph-sdk-powershell"
"Microsoft.Exchange.Management.ExoPowershellModule","jordanmills"
"Microsoft.FabricPipelineUpgrade","shghatge"
"Microsoft.FabricUpgrade","rodenkew"
"Microsoft.FactoryOrchestrator.Client","OneCore"
"Microsoft.Graph","msgraph-sdk-powershell"
"Microsoft.Graph.Applications","msgraph-sdk-powershell"
"Microsoft.Graph.Authentication","msgraph-sdk-powershell"
"Microsoft.Graph.BackupRestore","msgraph-sdk-powershell"
"Microsoft.Graph.Beta","msgraph-sdk-powershell"
"Microsoft.Graph.Beta.Applications","msgraph-sdk-powershell"
"Microsoft.Graph.Beta.BackupRestore","msgraph-sdk-powershell"
"Microsoft.Graph.Beta.Bookings","msgraph-sdk-powershell"
"Microsoft.Graph.Beta.BusinessScenario","msgraph-sdk-powershell"
"Microsoft.Graph.Beta.Calendar","msgraph-sdk-powershell"
"Microsoft.Graph.Beta.ChangeNotifications","msgraph-sdk-powershell"
"Microsoft.Graph.Beta.CloudCommunications","msgraph-sdk-powershell"
"Microsoft.Graph.Beta.Compliance","msgraph-sdk-powershell"
"Microsoft.Graph.Beta.CrossDeviceExperiences","msgraph-sdk-powershell"
"Microsoft.Graph.Beta.DeviceManagement","msgraph-sdk-powershell"
"Microsoft.Graph.Beta.DeviceManagement.Actions","msgraph-sdk-powershell"
"Microsoft.Graph.Beta.DeviceManagement.Administration","msgraph-sdk-powershell"
"Microsoft.Graph.Beta.DeviceManagement.Enrollment","msgraph-sdk-powershell"
"Microsoft.Graph.Beta.DeviceManagement.Functions","msgraph-sdk-powershell"
"Microsoft.Graph.Beta.Devices.CloudPrint","msgraph-sdk-powershell"
"Microsoft.Graph.Beta.Devices.CorporateManagement","msgraph-sdk-powershell"
"Microsoft.Graph.Beta.Devices.ServiceAnnouncement","msgraph-sdk-powershell"
"Microsoft.Graph.Beta.DirectoryObjects","msgraph-sdk-powershell"
"Microsoft.Graph.Beta.Education","msgraph-sdk-powershell"
"Microsoft.Graph.Beta.Files","msgraph-sdk-powershell"
"Microsoft.Graph.Beta.Financials","msgraph-sdk-powershell"
"Microsoft.Graph.Beta.Groups","msgraph-sdk-powershell"
"Microsoft.Graph.Beta.Identity.DirectoryManagement","msgraph-sdk-powershell"
"Microsoft.Graph.Beta.Identity.Governance","msgraph-sdk-powershell"
"Microsoft.Graph.Beta.Identity.Partner","msgraph-sdk-powershell"
"Microsoft.Graph.Beta.Identity.SignIns","msgraph-sdk-powershell"
"Microsoft.Graph.Beta.Mail","msgraph-sdk-powershell"
"Microsoft.Graph.Beta.ManagedTenants","msgraph-sdk-powershell"
"Microsoft.Graph.Beta.NetworkAccess","msgraph-sdk-powershell"
"Microsoft.Graph.Beta.Notes","msgraph-sdk-powershell"
"Microsoft.Graph.Beta.People","msgraph-sdk-powershell"
"Microsoft.Graph.Beta.PersonalContacts","msgraph-sdk-powershell"
"Microsoft.Graph.Beta.Planner","msgraph-sdk-powershell"
"Microsoft.Graph.Beta.Reports","msgraph-sdk-powershell"
"Microsoft.Graph.Beta.SchemaExtensions","msgraph-sdk-powershell"
"Microsoft.Graph.Beta.Search","msgraph-sdk-powershell"
"Microsoft.Graph.Beta.Security","msgraph-sdk-powershell"
"Microsoft.Graph.Beta.Sites","msgraph-sdk-powershell"
"Microsoft.Graph.Beta.Teams","msgraph-sdk-powershell"
"Microsoft.Graph.Beta.Users","msgraph-sdk-powershell"
"Microsoft.Graph.Beta.Users.Actions","msgraph-sdk-powershell"
"Microsoft.Graph.Beta.Users.Functions","msgraph-sdk-powershell"
"Microsoft.Graph.Beta.WindowsUpdates","msgraph-sdk-powershell"
"Microsoft.Graph.Bookings","msgraph-sdk-powershell"
"Microsoft.Graph.Calendar","msgraph-sdk-powershell"
"Microsoft.Graph.ChangeNotifications","msgraph-sdk-powershell"
"Microsoft.Graph.CloudCommunications","msgraph-sdk-powershell"
"Microsoft.Graph.Compliance","msgraph-sdk-powershell"
"Microsoft.Graph.Copilot","DanielBradley2"
"Microsoft.Graph.CrossDeviceExperiences","msgraph-sdk-powershell"
"Microsoft.Graph.DeviceManagement","msgraph-sdk-powershell"
"Microsoft.Graph.DeviceManagement.Actions","msgraph-sdk-powershell"
"Microsoft.Graph.DeviceManagement.Administration","msgraph-sdk-powershell"
"Microsoft.Graph.DeviceManagement.Enrollment","msgraph-sdk-powershell"
"Microsoft.Graph.DeviceManagement.Enrolment","msgraph-sdk-powershell"
"Microsoft.Graph.DeviceManagement.Functions","msgraph-sdk-powershell"
"Microsoft.Graph.Devices.CloudPrint","msgraph-sdk-powershell"
"Microsoft.Graph.Devices.CorporateManagement","msgraph-sdk-powershell"
"Microsoft.Graph.Devices.ServiceAnnouncement","msgraph-sdk-powershell"
"Microsoft.Graph.DirectoryObjects","msgraph-sdk-powershell"
"Microsoft.Graph.Education","msgraph-sdk-powershell"
"Microsoft.Graph.Files","msgraph-sdk-powershell"
"Microsoft.Graph.Financials","msgraph-sdk-powershell"
"Microsoft.Graph.Groups","msgraph-sdk-powershell"
"Microsoft.Graph.Identity.DirectoryManagement","msgraph-sdk-powershell"
"Microsoft.Graph.Identity.Governance","msgraph-sdk-powershell"
"Microsoft.Graph.Identity.Partner","msgraph-sdk-powershell"
"Microsoft.Graph.Identity.SignIns","msgraph-sdk-powershell"
"Microsoft.Graph.Intune","intunepsadm"
"Microsoft.Graph.Mail","msgraph-sdk-powershell"
"Microsoft.Graph.ManagedTenants","msgraph-sdk-powershell"
"Microsoft.Graph.Migration.Tool","msgraph-sdk-powershell"
"Microsoft.Graph.Notes","msgraph-sdk-powershell"
"Microsoft.Graph.People","msgraph-sdk-powershell"
"Microsoft.Graph.PersonalContacts","msgraph-sdk-powershell"
"Microsoft.Graph.Planner","msgraph-sdk-powershell"
"Microsoft.Graph.PlusPlus","jamesone"
"Microsoft.Graph.Reports","msgraph-sdk-powershell"
"Microsoft.Graph.SchemaExtensions","msgraph-sdk-powershell"
"Microsoft.Graph.Search","msgraph-sdk-powershell"
"Microsoft.Graph.Security","msgraph-sdk-powershell"
"Microsoft.Graph.Sites","msgraph-sdk-powershell"
"Microsoft.Graph.Teams","msgraph-sdk-powershell"
"Microsoft.Graph.Users","msgraph-sdk-powershell"
"Microsoft.Graph.Users.Actions","msgraph-sdk-powershell"
"Microsoft.Graph.Users.Functions","msgraph-sdk-powershell"
"Microsoft.Graph.WindowsUpdates","msgraph-sdk-powershell"
"Microsoft.Identity.Client","Fred"
"Microsoft.Ocp.Engagement","pvandorp"
"Microsoft.Online.SharePoint.PowerShell","MicrosoftSharePoint"
"Microsoft.OSConfig","simonj,rschaedler,AdTeran"
"Microsoft.PowerApps.Administration.PowerShell","Crmsdk"
"Microsoft.PowerApps.Checker.PowerShell","Crmsdk"
"Microsoft.PowerApps.PowerShell","Crmsdk"
"Microsoft.PowerBI.PowerShell","kenakamu"
"Microsoft.PowerPlatform.DevOps","Haskins242,eugenevs"
"Microsoft.PowerShell.Archive","stevelee,anmenaga,pmeinecke"
"Microsoft.PowerShell.ConsoleGuiTools","Sysmith,andschwa"
"Microsoft.PowerShell.Crescendo","JamesTruher-MSFT,stevel-msft"
"Microsoft.PowerShell.IoT","tyler"
"Microsoft.PowerShell.KubeCtl","JamesTruher-MSFT,jwtruher"
"Microsoft.PowerShell.NanoServer.SDK","dongbow"
"Microsoft.PowerShell.PlatyPS","JamesTruher-MSFT,adityapatwardhan,sewhee"
"Microsoft.PowerShell.PSAdapter","JamesTruher-MSFT,stevel-msft"
"Microsoft.PowerShell.PSResourceGet","alerickson,anamnavi"
"Microsoft.PowerShell.RemotingTools","paulhi"
"Microsoft.PowerShell.SecretManagement","PowerShellTeam,andschwa"
"Microsoft.PowerShell.SecretStore","PowerShellTeam,andschwa"
"Microsoft.PowerShell.TextUtility","JamesTruher-MSFT,stevel-msft"
"Microsoft.PowerShell.ThreadJob","paulhi,ChungJustin"
"Microsoft.PowerShell.UnixTabCompletion","JamesTruher-MSFT,stevel-msft"
"Microsoft.PowerShell.WhatsNew","sewhee,Kanjiroo,andschwa"
"Microsoft.RDInfra.RDPowershell","vladimis,doughu_MSFT,pavithir,CostinH"
"Microsoft.RdInfra.RDPowershell.Migration","sampa"
"microsoft.security.toolkit","chenxizhang"
"Microsoft.VisualStudio.DSC","VSSetup"
"Microsoft.WindowsPassportUtilities.Commands","IdentityQuality"
"Microsoft.WinGet.Client","WinGetPowerShell"
"Microsoft.WinGet.CommandNotFound","cazamor"
"Microsoft.WinGet.Configuration","WinGetPowerShell"
"Microsoft.WinGet.DSC","WinGetPowerShell"
"Microsoft.WinGet.RestSource","WinGetPowerShell"
"Microsoft.Xrm.Data.Powershell","seanmcne,kenakamu"
"Microsoft.Xrm.DevOps.Data.PowerShell","abvogel"
"Microsoft.Xrm.DevOps.Solutions.PowerShell","abvogel"
"Microsoft.Xrm.OnlineManagementAPI","Crmsdk"
"Microsoft.Xrm.Tooling.ConfigurationMigration","Crmsdk"
"Microsoft.Xrm.Tooling.CrmConnector.PowerShell","Crmsdk"
"Microsoft.Xrm.Tooling.PackageDeployment.Powershell","Crmsdk"
"Microsoft365.Toolbox","Andriy.Zarevych"
"Microsoft365DSC","NikCharleboisPFE,Microsoft365DSC_Team"
"Microsoft365ServiceStatus","nicolonsky"
"MicrosoftGraph","remcovn"
"MicrosoftGraphAPI","JakobGSvendsen"
"MicrosoftGraphPS","Morten_Knudsen"
"MicrosoftGraphSecurity","ani6gup"
"MicrosoftHealth","sstranger"
"MicrosoftMvp","JustinGrote"
"MicrosoftOnlineFever","claudiospizzi"
"MicrosoftPartnerCenterAPI","CoryDWood"
"MicrosoftPlaces","gbordacahar,aliniknejad,andlu,anyac,cmdletsAutomation,wendydu,weihuamiao,yongyusu"
"MicrosoftPlaces2","alerickson"
"MicrosoftPlannerCmdlets","CData"
"MicrosoftPowerBIMgmt","PowerBI-PowerShell"
"MicrosoftPowerBIMgmt.Admin","PowerBI-PowerShell"
"MicrosoftPowerBIMgmt.Capacities","PowerBI-PowerShell"
"MicrosoftPowerBIMgmt.Data","PowerBI-PowerShell"
"MicrosoftPowerBIMgmt.Profile","PowerBI-PowerShell"
"MicrosoftPowerBIMgmt.Reports","PowerBI-PowerShell"
"MicrosoftPowerBIMgmt.Workspaces","PowerBI-PowerShell"
"MicrosoftProjectCmdlets","CData"
"MicrosoftStaffHub","staffhubpowershell"
"MicrosoftTeams","MicrosoftTeams"
"MicrosoftTeamsCommunity","chenxizhang"
"MicrosoftTeamsRecordingPolicy","HLS-ACI,jelinga,rpaimsft"
"MigrateCitrixUPMtoFSLogix","WillyMoselhy"
"MigrateSQLVMPatchingSchedule-Module","veppala"
"MigrateSystemSetting","YashGupta"
"MigrateTo-AzureRM","StevenAyers"
"MigrationValidatorToolkit","aaalzand"
"MilestonePSTools","JHendricks,milestonesys"
"MilitaryModule","Nick8796"
"milvus","rrg92"
"MimDsc","cmart"
"MimecastPS","timothymmurphy"
"MinestarPS","lmnewey"
"MineStat","ldilley"
"MiniGraph","FWN,Fred"
"MiniLab","pldmgg"
"MiniSystemInfo","richl-dd"
"Minizinc","Andrey.Vernigora"
"MipSdkRedist","JHendricks,milestonesys"
"MIREST","tperri"
"MirrorADUserGroupMembership","TheRookieDev"
"MISP.Tools","jberkers42,IPSecMSP-Platform"
"MitelNPUMTools","smarbar"
"MiToken","DanielBradley2"
"mkcidata","caddr"
"MkUtil","Dhanekula"
"MLFlowPS","gbrueckl"
"MlkPwgen","mlk"
"mlSqlPs","Matticusau"
"mlSqlServerDSC","Matticusau"
"mlxSQL","Matticusau"
"MMADsc","jhp"
"MO_Module","Mike_ONeill"
"MOA_Module","Clifra_Jones"
"Moc","nwoodmsft,madhanrajm,apluchik,pgayam,rohitjaini,yeonghun"
"MockMyToolkit","tommy.becker"
"modem","Archdeacon"
"modern-unix-win","ncox"
"ModernActiveDirectory","Dakhama_mehdi"
"ModernMailTools","wey"
"ModernWorkplaceClientCenter","ThomasKur"
"Modrify","ThePoShWolf"
"Modrify.Fallout4","ThePoShWolf"
"Modrify.Skyrim","ThePoShWolf"
"Module.Template","illy"
"module.test","demdante"
"module25","Sysmith"
"ModuleAnalyzer","HCRitter"
"ModuleBuild","zloeber,JustinP"
"ModuleBuilder","Jaykul"
"ModuleBuildTools","JustinP"
"ModuleCreator","MarkJohnson"
"ModuleExplorer","dearingdev"
"ModuleFast","JustinGrote"
"ModuleForge","adrian.andersson"
"ModuleHelper","lazuardinfl"
"ModuleMaster","piske"
"ModuleMgmt","archmachina"
"ModulePath","JustinGrote"
"ModulePathUnifier","Fred"
"ModuleRequireLicenseAcceptance","farehamsft"
"Modules.Download.Files","V1ola1ne"
"ModuleScaffolding","qawarrior"
"ModuleTemplate","jmccor99"
"ModuleTools","belibug"
"ModuleVersion","fakerson.831"
"ModuleWithDependency","alerickson"
"MOFCompare","rdbartram"
"Mold","belibug"
"MondayCmdlets","CData"
"MondayUpdates","CMoore76"
"Mondoo.Installer","chris-rock,atomic111,Mondoo,mondoo-gary"
"MongoDBCmdlets","CData"
"MongoDbGridFsProvider","bqstony,mihe,joge"
"MonitorConfig","MartinGC94"
"MonitorFactory","msorens"
"MonitorInformation","rstolpe"
"Monitoring","FWN"
"monkey365","silverhack"
"Monocle","Badgerati"
"MontyHallProblemBurster","saw-friendship"
"Moodle","mabster"
"Moolah","cadayton"
"Moonshot365","cbeydler"
"Mortar.Templates","JustinGrote"
"MountArtifactory","andyalm"
"MountAws","andyalm"
"MountConsul","andyalm"
"MountGitlab","andyalm"
"MountVault","andyalm"
"MouseSettings","MartinGC94"
"MOVBA","rajch"
"move-deep","ghashange"
"MOVEit.MIA","tperri"
"MOVEit.MIT","tperri"
"MoveWinRE","BAZMIC"
"MovieToGif","trondr"
"mowu","Mowu"
"MozconfigWrapper","DrGoldfire"
"mpn-helper","OlivierMiossec"
"Mprise.Indigo.Nav.IACop","mprise.jhoek,mprise.rrobberse,tversluis.mprise"
"MpUtils","ricarob"
"MrACredential","wasserja"
"MrAD","mikefrobbins"
"MrANagios","wasserja"
"MrAScheduledRestartComputer","wasserja"
"MrAToolbox","wasserja"
"MrAWindowsServices","wasserja"
"MrInspector","mikefrobbins"
"MrIronScripter","mikefrobbins"
"MrModuleTools","mikefrobbins"
"MRToolbox","sojo1024"
"MrToolkit","mikefrobbins"
"MrAADAdministration","wasserja"
"MrAAppx","wasserja"
"MrAAzure","wasserja"
"MS_xVisualStudio","kirangavv"
"MS365HealthReport","junecastillote"
"MSAL.PS","jasoth,MicrosoftAzureActiveDirectoryTeam"
"MSBaseline","adamgell"
"MSBITools","bablulawrence,roshanmenon"
"MSCatalog","ryanjan"
"MSCatalogLTS","Marco-online"
"MSchauer.Gulp.PowerShell","mschauer"
"MSchauer.PnP.PowerShell","mschauer"
"MSchauer.SharePoint.PowerShell","mschauer"
"MSchauer.SPFX.PowerShell","mschauer"
"MSCloudIdAssessment","merill"
"MSCloudIdUtils","JefKaz,ramical"
"MSCloudLoginAssistant","NikCharleboisPFE,brianlala"
"MsCoManager","Kob"
"MSCommerce","tonymadkins,pstarrin,jeeshn"
"MSCommerceFixed","Lars_Svingen"
"MsDeploy","qbik"
"msdevmtl","decapent"
"MSDyn365BC.Symbols.History","RBanse"
"MSFT.Network.Diag","dfcuomo,DFCUOMOJ,CoreNetBuilder"
"MSFT.Network.Tools","dfcuomo,DFCUOMOJ,CoreNetBuilder"
"MSFT.NetworkATC.CleanupScript","DFCUOMOJ,ParamMahajan,trhelms"
"MsftErrorLookup","Conitental"
"MsftGraph","jamesone"
"MSFTLinkDownloader","PowerShellCrack"
"MsftTeams","BrettMiller_IT"
"msgDSM7Module","ufa"
"MSGraph","FWN,AndiBellstedt"
"MSGraph-ExportCalendar","glenscales"
"MSGraph-ExportCalendar_op","Oliver_Perring"
"MSGraphAPI","Ryan2065"
"MSGraphFunctions","jseerden"
"MSGraphHelper","yamautomate"
"MSGraphIntuneManagement","JanEgilRing"
"MSGraphMail","homotechsual"
"MSGraphPSEssentials","jeremytbradshaw"
"MSGraphRequest","NickolajA,JankeSkanke"
"MSGraphStuff","ztrhgf"
"MSGraphTokenLifetimePolicy","ebachert"
"MsgToEml","FWN"
"MSI","heaths"
"MSIdentityTools","merill,MicrosoftAzureActiveDirectoryTeam"
"MSIgnite2016_PSV5Unplugged","jsnover"
"MsiHandler","VertigoRayUNT,VertigoRay"
"MSIPatches","markkerry"
"MSITest","fakerson.831"
"msix","sanderdewit"
"MSLab","vlmach"
"MSOGraph","Prakash-RS"
"MSOLLicenseManagement","matbyrd"
"MSOnline","AzureADPowerShell"
"MSOnlineExt","persistent13"
"MSOnlineLW","mspp"
"msp360","AndrewAA"
"MSP365","PaulvanBoerdonk"
"MSP365.Authentication","PaulvanBoerdonk"
"MSP365.Reporting","PaulvanBoerdonk"
"MSP365.SAM","PaulvanBoerdonk"
"MSPatchTuesdayHub","DrIOS"
"MSPOffice365Tools","majorwitteman"
"MSProjectCmdlets","CData"
"MSPToolBox","JeshuaEdgar"
"MsrcSecurityUpdates","AlexanderKrawarik,phjohnso,anasepetovska-ms"
"MSSAClassTools","BrentD09"
"MSSQLManagementPowerShell","joshn-whatcomtrans.net"
"MSStore","MicrosoftStore"
"MSTeams","jijitechnologies"
"MSTeamsCmdlets","CData"
"MSTeamsCQD","LucaSain"
"MSTerminalSettings","gpduck"
"MSWindowsDefender","MadhuSunke"
"mu9f983rmfu3r","sebastiank"
"MultiChoice","Jersi"
"MultiGitPosh","moerwald"
"multipass","trevor"
"MultiPing","buscseik"
"MultisiteClusterDSC","cschuchardt"
"MultiThreadTaskRunner","chenxizhang"
"MusicPlayer","PrateekSingh"
"Mutex","FWN,Fred"
"MUtilities","mathieu_ranieri"
"MVA_DSC_2015_DAY1","jsnover"
"MVA_DSC_2015_DAY2","jsnover"
"MVP","lazywinadm"
"MVP.PSGitHub","MarkEKraus"
"MVTest","hs-cmsl"
"mwr_tools","m.Riston"
"mwr_Zabbix","m.Riston"
"MxLookup","Scottd3v"
"my","janszedc"
"my_module","anamnavi"
"My-TGTools1","TorpedoGruppe"
"My.Module","johnclayton"
"myActiveDirectory","jym972"
"MyADTools","erik.nordlov"
"MyAlbum","Jianyunt"
"MyAnimatedLamp","iuv"
"MyAPI","Subhash.PsGallery"
"MyCalendar","Mimi"
"MyDefaults","Menkalos"
"MyDemo","jackbob"
"MyDscResource","fakerson.831"
"MyEborTestModule","BrianKing"
"MyGroupMembership","Yevrag35"
"MyITProcessAPI","Celerium"
"MyJavaManager","VouDoo"
"Myjson","wctr"
"Mylmhost","JeffHicks"
"MyMod","DavidBowen"
"MyModestModule","remeric"
"MyModule137","http302"
"MyModule20231001","simonjaeger"
"MyModulePeterBurbery","PeterCullenBurbery"
"MyNewTestModule47","alerickson"
"MyNumber","JeffHicks"
"MyNumberPS","hsaito"
"MYOBCmdlets","CData"
"MyPlaatoKegJson","Atle"
"myPosh_write-log","nox309"
"MyProfile","shiliu"
"MyPublishingDebugger","joeltimothyoh"
"myreminder","JeffHicks"
"MyRemoteManager","VouDoo"
"MySQLCmdlets","CData"
"mySQLite","JeffHicks"
"MyStore","KonradW"
"MyTasks","JeffHicks"
"MyTesla","SimonWahlin"
"mytest_forIgnite2023","Sysmith"
"MyTest2","Mwge"
"mytest69","Sysmith"
"myTestModule0","alerickson"
"myTestModule2","alerickson"
"mytestpkg","Sysmith"
"MyTickle","JeffHicks"
"MyTwitter","adamtheautomator"
"MyUptime","JeffHicks"
"MZN.Common","michael.zimmerman"
"MZN.Office365","michael.zimmerman"
"MaaS360PS","malestock"
"N.TaskModule.SqlUtility","NorthernLight1"
"NabuNetManager","Atkelar"
"NamedLocation","aaronfo"
"NameIT","DougFinke,cdhunt"
"NanoServerPackage","PowerShellTeam,manikb,jayshah,jen"
"NASSyncToolPS","pmario71"
"Native","mklement0"
"NativeCommand","stevel-msft"
"NAVALExtensionFilesInfo","andreilungu"
"NAVDevEnv","Spuc"
"navi.plugin","alexis-opolka"
"NavxBuildHelper","NAV-X"
"NBiTestSuiteGenerator","TheAutomatingMrLynch"
"NCache","Alachisoft"
"NCache.OpenSource","Alachisoft"
"NCache.Professional","Alachisoft"
"ncal","atkinsroy"
"NCMohsin","mohsin"
"Ncrement","Ackara"
"NCRestAPI","znfrazier"
"NcToolBox","hmuenchberg"
"nDemos_BRK4452","NanaLakshmanan"
"nDemos_DCIM_B324","NanaLakshmanan"
"Ndimensions.Automation.NafSetup","lukash2"
"NE.Dep.Module","Nordlo.Evolve.PSGallery"
"NebPowerAutomation","flitsch"
"Nebula.Automations","Gioxx"
"Nebula.Log","Gioxx"
"Nebula.Tools","Gioxx"
"Neckross365","Neckross"
"Nectar10","klasko_nc"
"NemoVoteClient","jballe"
"Neo.vTerm","FatherOfFive"
"Neo4jCmdlets","CData"
"Neocities","Start-Automating"
"NerdFonts","PSModule.io"
"NerdioManagerPowerShell","Nerdio"
"NET_Monitor","Zayl"
"NetAccounts","Bill_Stewart"
"NetApp.CBS.AVS","sidhartha.sutar"
"NetApp.ONTAP","SapanJain,saharsh,DeepakPallai"
"netbox-rest-module","aaroneg"
"NetBoxing","thordreier"
"NetboxPS","benclaussen"
"NetCease","Emin"
"NetCmdlets","nsoftware"
"NetDebug","chris.bpalmer,ChrisPalmer"
"NetDiagTools","AArya"
"NetExtender","dailen"
"netmap","CyberSamurai"
"NetMetered","WilTaylor"
"NetopsWIFAuth","hyperacceleron"
"NetOwls.NuCommandSet","NetOwls"
"NetOwls.PSCommonFunctionSet","NetOwls"
"NetScaler","iainbrighton,devblackops"
"NetscalerNitroAPITools","BrentD09"
"NetScan","archmachina"
"NetSuiteCmdlets","CData"
"NetTrace","TheLastHorcrux"
"Network","masters274"
"Network-Performance-Visualization","tmolenh,lgonzalez"
"NetworkAnalyzer","CashDad"
"NetworkConnection","KarlGW"
"NetworkControllerServiceFabricUpdate","MSFT_KBisnett"
"NetworkingDsc","PowerShellTeam,gaelcolas,dsccommunity"
"NetworkProfile","grey0ut"
"NetworkScan","Largehawiian"
"Nevergreen","DanGough"
"New-AEScript","sdixon"
"New-ArrayFromClipboard","Jersi"
"New-Avatar","psdevuk"
"New-AzureRMRESTApiAuthenticationToken","CloudComputee.Com"
"New-BootableIsoFile","LongQT"
"New-Credential","Josua1111"
"New-DispatchThread","anonhostpi"
"New-Function","Jersi"
"New-FunctionFromPS1","Jersi"
"New-GitHubRelease","deadlydog"
"New-IotHubProperties","Stereo89"
"New-ItemContent","royashbrook"
"New-LocalCopy","royashbrook"
"New-MachineCreation","martin.nanev"
"New-Module","IamJakoby"
"New-OutputObject","it-praktyk"
"New-RandomADUser","andre.faria"
"new-robpsmodule","rob28stone"
"New-ShellWrappers","dlenihan"
"New-ShortURL","psdevuk"
"New-TeamsBackgroundImagePackage","ChrisKibble"
"New-ThreadController","anonhostpi"
"newapikeytestmodule","alerickson"
"NewAzDoServiceConnection","Ba4bes"
"NewCustomAG","troyault"
"NewJwtToken","TomasM"
"NewLabEnvironment","svenvanrijen,365Dude"
"NewPassword","SaggieHaim"
"NewRandomPassword","Yevrag35"
"newrelic","JonkyOps"
"NewRelicPS","eelkram,Ephesoft"
"NewSecureShell","autoalan"
"newTestModule","alerickson"
"newtonsoft.json","qbik"
"NexentaFusion","c.d.chapman"
"NexentaStor","c.d.chapman"
"Nextcloud","lazuardinfl"
"Nexthink-Citrix-Connector","smusy-nexthink,sbarraud,marianafarinha,FelipeT,jfiuza,bkuntze-nexthink"
"Nexthink-Omnissa-Connector","smusy-nexthink,sbarraud,bkuntze-nexthink"
"NexthinkAPI","NexthinkGuru"
"NexthinkPSUtils","joshwright10"
"nexus","cnsn"
"NexuShell","steviecoaster"
"NexusIQ","variableresistor"
"NexusManagement","pauby"
"NHLPS","swavi"
"NickDarvey.ServiceFabric.ConnectionStrings","Nick.Darvey"
"NICOTroubleshooting","Netherlander"
"nimbus","test-user-nimbus"
"NinjaOne","homotechsual"
"NinjaOneDocs","mspp"
"NinjaRmmApi","rhymeswithmogul"
"NinjaRmmCli","spyingwind"
"NISC.MDMS","MrAlexFranco"
"nl.nlsw.Document","nlsoftware"
"nl.nlsw.TestSuite","nlsoftware"
"NLogModule","zloeber"
"nmap","IamJakoby"
"Nmap2PSObject","True-Kalichuza"
"NMMAPI","AndyNolan"
"NN.Curseforge","NorskNoobing"
"NN.GameStats","NorskNoobing"
"NN.HpWarranty","NorskNoobing"
"NN.KeySMS","NorskNoobing"
"NN.MSGraph","NorskNoobing"
"NN.Notifications","NorskNoobing"
"NN.pfSense","NorskNoobing"
"NN.Pureservice","NorskNoobing"
"NN.PwshHelper","NorskNoobing"
"NN.Smarthome","NorskNoobing"
"NN.SnipeIT","NorskNoobing"
"NN.WindowsSetup","NorskNoobing"
"NN.Zisson","NorskNoobing"
"nocscienceat.vmware.ADFSOAuth","0x4b55"
"nocyg","stvnrs"
"node","IamJakoby"
"NoGit","KevinBlumenfeld"
"NonPSJob","RichardUlfvin"
"NoOp","webmd-health-services"
"NordTools","nordtools"
"NorthSystems.Logging","err-unknown-username"
"NorthSystems.SampleData","err-unknown-username"
"NorthSystems.Test","err-unknown-username"
"Notifier","Fred"
"notifier.run","asheroto"
"NotifyAsHTML","saikat4powershell"
"Notion","fasteiner,fabsteiner,subo"
"NoUselessTech.MsftIamApi","NoUselessTech"
"NoUselessTech.PowerShellHelpers","NoUselessTech"
"Noveris.AzAuto","Noveris"
"noveris.build","Noveris"
"Noveris.CertCheck","Noveris"
"Noveris.CITools","Noveris"
"Noveris.GitHubApi","Noveris"
"Noveris.Logger","Noveris"
"Noveris.ModuleMgmt","Noveris"
"Noveris.NetScan","Noveris"
"Noveris.ReleaseTools","Noveris"
"Noveris.Runner","Noveris"
"Noveris.SvcProc","Noveris"
"noveris.tasker","Noveris"
"Noveris.TrelloApi","Noveris"
"Noveris.TrelloTaskMgmt","Noveris"
"Noveris.Version","Noveris"
"Noveris.VMwareReport","Noveris"
"npm-completion","Illuminator"
"npm-tab-completion","abgo"
"npm-upgrade","Illuminator"
"NpmPS","loanDepotDevOps"
"NPMTabCompletion","DougFinke"
"nPSDesiredStateConfiguration","NanaLakshmanan"
"NPSLogFile","AndiBellstedt"
"nScriptAnalyzerRules","NanaLakshmanan"
"nServiceManager","NanaLakshmanan"
"NSFastListCompare","NormanSolutions"
"NSGetMgGraphBearer","NormanSolutions"
"NSLoggingModule","NormanSolutions"
"nslookup","mahmodali9200"
"NSTrainTime","kw75"
"NsxtRest","gazm81"
"NTFetch","PoorlyExecuted"
"NTFSPermissionMigration","adbertram"
"NTFSSecurity","Raimund"
"Ntfy","GarryGBain"
"NtfyPwsh","ptmorris"
"NTLMX","HIGHphen"
"NtObjectManager","tyranid"
"NtpTime","ChrisWarwick"
"NTS-ConfigMgrTools","mwiedmann"
"NTS.Tools","mwiedmann,SWiesner"
"NTS.Tools.Application","mwiedmann,SWiesner"
"NTS.Tools.General","mwiedmann,SWiesner"
"NTS.Tools.MSADCS","mwiedmann,SWiesner"
"NTS.Tools.MSADDS","mwiedmann,SWiesner"
"NTS.Tools.MSConfigMgr","mwiedmann,SWiesner"
"NTS.Tools.MSExchange","mwiedmann,SWiesner"
"NTS.Tools.MSHyperV","mwiedmann,SWiesner"
"NTS.Tools.MSSQL","mwiedmann,SWiesner"
"ntSystemsPSDrive","tomt"
"NTware.Ufo.PowerShell.ObjectManagement","NT-ware"
"NubusTech.CredentialStore","NubusTech"
"NuGet","jasonmorgan"
"NuGet.Powershell","CKolumbus"
"NugetHelper","dcandrade19"
"NuGetMetadata","tomasmu"
"NullKit","alan-null"
"Numbers","Tore.Groneng"
"NumMapper","Jimurrito"
"Nupkg","qbik"
"nusync","SamMartin,markwragg"
"Nutanix.Cli","nutanix-publisher"
"Nutanix.Prism.Common","nutanix-publisher"
"Nutanix.Prism.PS.Cmds","nutanix-publisher"
"Nutstone.Devops","druid4242"
"Nuttercode-PRTG","johannes.latzel"
"Nuttercode-SNMP","johannes.latzel"
"nvm","aaronpowell"
"nvm-completion","kamack38"
"nvm-tab-completion","abgo"
"NVRAppDevOps","Kine"
"NWPSRestToolKit","labbuildr"
"nx","MSFT_OSTC"
"nxComputerManagement","MSFT_OSTC"
"nxNetworking","MSFT_OSTC"
"nxtools","katiekeim,nitingup,gurrajatwal"
"NyquistTools","RickTechDocExperts"
"O365_Logon","Mike_ONeill"
"O365AppsMonitoring","Przemyslaw.Klys"
"O365CentralizedAddInDeployment","cguzman,manalam"
"O365EmailAddressPolicy","Przemyslaw.Klys"
"O365Essentials","Przemyslaw.Klys"
"o365Skus","DataTraveler1"
"O365Stuff","ztrhgf"
"O365Synchronizer","Przemyslaw.Klys"
"O365Tools","ccazes"
"O365Troubleshooters","victor.legat"
"OA_LogAnalytics","Mike_ONeill"
"OATHTokens","uniQuk"
"OAuth2PS","thordreier"
"Oauth2Toolkit","vlmach"
"Object","PSModule.io"
"ObjectGraphTools","iRon"
"ObjectHelp","JasonMArcher"
"ObjectiveGit","shmuelie"
"Objectivity.TeamcityMetarunners","ObjectivityLtd"
"OBS","Manfred"
"obs-powershell","Start-Automating"
"ObservabilityWithPowerShell","Snozzberries"
"ObserveIT","JonathanBoyko"
"obsidian","IamJakoby"
"OBSTools","OBS-JBow"
"OC-BTPS","timbrigham"
"occam","calebalbers"
"OCHAutotaskForm","bjowol"
"OCI.PSModules","oci-psmodules-grp"
"OCI.PSModules.Accessgovernancecp","oci-psmodules-grp"
"OCI.PSModules.Adm","oci-psmodules-grp"
"OCI.PSModules.Aianomalydetection","oci-psmodules-grp"
"OCI.PSModules.Aidocument","oci-psmodules-grp"
"OCI.PSModules.Ailanguage","oci-psmodules-grp"
"OCI.PSModules.Aispeech","oci-psmodules-grp"
"OCI.PSModules.Aivision","oci-psmodules-grp"
"OCI.PSModules.Analytics","oci-psmodules-grp"
"OCI.PSModules.Announcementsservice","oci-psmodules-grp"
"OCI.PSModules.Apiaccesscontrol","oci-psmodules-grp"
"OCI.PSModules.Apigateway","oci-psmodules-grp"
"OCI.PSModules.Apiplatform","oci-psmodules-grp"
"OCI.PSModules.Apmconfig","oci-psmodules-grp"
"OCI.PSModules.Apmcontrolplane","oci-psmodules-grp"
"OCI.PSModules.Apmsynthetics","oci-psmodules-grp"
"OCI.PSModules.Apmtraces","oci-psmodules-grp"
"OCI.PSModules.Applicationmigration","oci-psmodules-grp"
"OCI.PSModules.Appmgmtcontrol","oci-psmodules-grp"
"OCI.PSModules.Artifacts","oci-psmodules-grp"
"OCI.PSModules.Audit","oci-psmodules-grp"
"OCI.PSModules.Autoscaling","oci-psmodules-grp"
"OCI.PSModules.Bastion","oci-psmodules-grp"
"OCI.PSModules.Bds","oci-psmodules-grp"
"OCI.PSModules.Blockchain","oci-psmodules-grp"
"OCI.PSModules.Budget","oci-psmodules-grp"
"OCI.PSModules.Capacitymanagement","oci-psmodules-grp"
"OCI.PSModules.Certificates","oci-psmodules-grp"
"OCI.PSModules.Certificatesmanagement","oci-psmodules-grp"
"OCI.PSModules.Cims","oci-psmodules-grp"
"OCI.PSModules.Cloudbridge","oci-psmodules-grp"
"OCI.PSModules.Cloudguard","oci-psmodules-grp"
"OCI.PSModules.Cloudmigrations","oci-psmodules-grp"
"OCI.PSModules.Clusterplacementgroups","oci-psmodules-grp"
"OCI.PSModules.Common","oci-psmodules-grp"
"OCI.PSModules.Computecloudatcustomer","oci-psmodules-grp"
"OCI.PSModules.Computeinstanceagent","oci-psmodules-grp"
"OCI.PSModules.Containerengine","oci-psmodules-grp"
"OCI.PSModules.Containerinstances","oci-psmodules-grp"
"OCI.PSModules.Core","oci-psmodules-grp"
"OCI.PSModules.Dashboardservice","oci-psmodules-grp"
"OCI.PSModules.Database","oci-psmodules-grp"
"OCI.PSModules.Databasemanagement","oci-psmodules-grp"
"OCI.PSModules.Databasemigration","oci-psmodules-grp"
"OCI.PSModules.Databasetools","oci-psmodules-grp"
"OCI.PSModules.Datacatalog","oci-psmodules-grp"
"OCI.PSModules.Dataconnectivity","oci-psmodules-grp"
"OCI.PSModules.Dataflow","oci-psmodules-grp"
"OCI.PSModules.Dataintegration","oci-psmodules-grp"
"OCI.PSModules.Datalabelingservice","oci-psmodules-grp"
"OCI.PSModules.Datalabelingservicedataplane","oci-psmodules-grp"
"OCI.PSModules.Datasafe","oci-psmodules-grp"
"OCI.PSModules.Datascience","oci-psmodules-grp"
"OCI.PSModules.Dblm","oci-psmodules-grp"
"OCI.PSModules.Dbmulticloud","oci-psmodules-grp"
"OCI.PSModules.Delegateaccesscontrol","oci-psmodules-grp"
"OCI.PSModules.Demandsignal","oci-psmodules-grp"
"OCI.PSModules.Desktops","oci-psmodules-grp"
"OCI.PSModules.Devops","oci-psmodules-grp"
"OCI.PSModules.Disasterrecovery","oci-psmodules-grp"
"OCI.PSModules.Distributeddatabase","oci-psmodules-grp"
"OCI.PSModules.Dns","oci-psmodules-grp"
"OCI.PSModules.Dts","oci-psmodules-grp"
"OCI.PSModules.Email","oci-psmodules-grp"
"OCI.PSModules.Emaildataplane","oci-psmodules-grp"
"OCI.PSModules.Emwarehouse","oci-psmodules-grp"
"OCI.PSModules.Events","oci-psmodules-grp"
"OCI.PSModules.Filestorage","oci-psmodules-grp"
"OCI.PSModules.Fleetappsmanagement","oci-psmodules-grp"
"OCI.PSModules.Fleetsoftwareupdate","oci-psmodules-grp"
"OCI.PSModules.Functions","oci-psmodules-grp"
"OCI.PSModules.Fusionapps","oci-psmodules-grp"
"OCI.PSModules.Generativeai","oci-psmodules-grp"
"OCI.PSModules.Generativeaiagent","oci-psmodules-grp"
"OCI.PSModules.Generativeaiagentruntime","oci-psmodules-grp"
"OCI.PSModules.Generativeaiinference","oci-psmodules-grp"
"OCI.PSModules.Genericartifactscontent","oci-psmodules-grp"
"OCI.PSModules.Globallydistributeddatabase","oci-psmodules-grp"
"OCI.PSModules.Goldengate","oci-psmodules-grp"
"OCI.PSModules.Governancerulescontrolplane","oci-psmodules-grp"
"OCI.PSModules.Healthchecks","oci-psmodules-grp"
"OCI.PSModules.Identity","oci-psmodules-grp"
"OCI.PSModules.Identitydataplane","oci-psmodules-grp"
"OCI.PSModules.Identitydomains","oci-psmodules-grp"
"OCI.PSModules.Integration","oci-psmodules-grp"
"OCI.PSModules.Jms","oci-psmodules-grp"
"OCI.PSModules.Jmsjavadownloads","oci-psmodules-grp"
"OCI.PSModules.Keymanagement","oci-psmodules-grp"
"OCI.PSModules.Licensemanager","oci-psmodules-grp"
"OCI.PSModules.Limits","oci-psmodules-grp"
"OCI.PSModules.Loadbalancer","oci-psmodules-grp"
"OCI.PSModules.Lockbox","oci-psmodules-grp"
"OCI.PSModules.Loganalytics","oci-psmodules-grp"
"OCI.PSModules.Logging","oci-psmodules-grp"
"OCI.PSModules.Loggingingestion","oci-psmodules-grp"
"OCI.PSModules.Loggingsearch","oci-psmodules-grp"
"OCI.PSModules.Lustrefilestorage","oci-psmodules-grp"
"OCI.PSModules.Managementagent","oci-psmodules-grp"
"OCI.PSModules.Managementdashboard","oci-psmodules-grp"
"OCI.PSModules.Marketplace","oci-psmodules-grp"
"OCI.PSModules.Marketplaceprivateoffer","oci-psmodules-grp"
"OCI.PSModules.Marketplacepublisher","oci-psmodules-grp"
"OCI.PSModules.Mediaservices","oci-psmodules-grp"
"OCI.PSModules.Mngdmac","oci-psmodules-grp"
"OCI.PSModules.Modeldeployment","oci-psmodules-grp"
"OCI.PSModules.Monitoring","oci-psmodules-grp"
"OCI.PSModules.Multicloud","oci-psmodules-grp"
"OCI.PSModules.Mysql","oci-psmodules-grp"
"OCI.PSModules.Networkfirewall","oci-psmodules-grp"
"OCI.PSModules.Networkloadbalancer","oci-psmodules-grp"
"OCI.PSModules.Nosql","oci-psmodules-grp"
"OCI.PSModules.Objectstorage","oci-psmodules-grp"
"OCI.PSModules.Oce","oci-psmodules-grp"
"OCI.PSModules.Ocicontrolcenter","oci-psmodules-grp"
"OCI.PSModules.Ocvp","oci-psmodules-grp"
"OCI.PSModules.Oda","oci-psmodules-grp"
"OCI.PSModules.Onesubscription","oci-psmodules-grp"
"OCI.PSModules.Ons","oci-psmodules-grp"
"OCI.PSModules.Opa","oci-psmodules-grp"
"OCI.PSModules.Opensearch","oci-psmodules-grp"
"OCI.PSModules.Operatoraccesscontrol","oci-psmodules-grp"
"OCI.PSModules.Opsi","oci-psmodules-grp"
"OCI.PSModules.Optimizer","oci-psmodules-grp"
"OCI.PSModules.Osmanagement","oci-psmodules-grp"
"OCI.PSModules.Osmanagementhub","oci-psmodules-grp"
"OCI.PSModules.Ospgateway","oci-psmodules-grp"
"OCI.PSModules.Osubbillingschedule","oci-psmodules-grp"
"OCI.PSModules.Osuborganizationsubscription","oci-psmodules-grp"
"OCI.PSModules.Osubsubscription","oci-psmodules-grp"
"OCI.PSModules.Osubusage","oci-psmodules-grp"
"OCI.PSModules.Psql","oci-psmodules-grp"
"OCI.PSModules.Queue","oci-psmodules-grp"
"OCI.PSModules.Recovery","oci-psmodules-grp"
"OCI.PSModules.Redis","oci-psmodules-grp"
"OCI.PSModules.Resourcemanager","oci-psmodules-grp"
"OCI.PSModules.Resourcescheduler","oci-psmodules-grp"
"OCI.PSModules.Resourcesearch","oci-psmodules-grp"
"OCI.PSModules.Rover","oci-psmodules-grp"
"OCI.PSModules.Sch","oci-psmodules-grp"
"OCI.PSModules.Secrets","oci-psmodules-grp"
"OCI.PSModules.Securityattribute","oci-psmodules-grp"
"OCI.PSModules.Servicecatalog","oci-psmodules-grp"
"OCI.PSModules.Servicemanagerproxy","oci-psmodules-grp"
"OCI.PSModules.Servicemesh","oci-psmodules-grp"
"OCI.PSModules.Stackmonitoring","oci-psmodules-grp"
"OCI.PSModules.Streaming","oci-psmodules-grp"
"OCI.PSModules.Tenantmanagercontrolplane","oci-psmodules-grp"
"OCI.PSModules.Threatintelligence","oci-psmodules-grp"
"OCI.PSModules.Usage","oci-psmodules-grp"
"OCI.PSModules.Usageapi","oci-psmodules-grp"
"OCI.PSModules.Vault","oci-psmodules-grp"
"OCI.PSModules.Vbsinst","oci-psmodules-grp"
"OCI.PSModules.Visualbuilder","oci-psmodules-grp"
"OCI.PSModules.Vnmonitoring","oci-psmodules-grp"
"OCI.PSModules.Vulnerabilityscanning","oci-psmodules-grp"
"OCI.PSModules.Waf","oci-psmodules-grp"
"OCI.PSModules.Wlms","oci-psmodules-grp"
"OCI.PSModules.Workrequests","oci-psmodules-grp"
"OCI.PSModules.Waa","oci-psmodules-grp"
"OCI.PSModules.Waas","oci-psmodules-grp"
"OCI.PSModules.Zpr","oci-psmodules-grp"
"OCSItool","gionita"
"OCSItool_insiders","gionita"
"Octoposh","dalmirogranas"
"OctoPS","cperez"
"Octopus","Prajeesh"
"Octopus-Cmdlets","Swoogan"
"OctopusDeploy","macinally"
"OctopusDeployUtilities","DanWard"
"OctopusDSC","OctopusDeploy"
"OctopusEnergy-Helpers","oliverli"
"OctopusEnviroment","pswetz"
"OctopusMachines","pswetz"
"OctopusProjectsDSC","berzns"
"OctopusStepTemplateCi","paulmarsy"
"OctopusTenants","pswetz"
"OctopusVariables","pswetz"
"OctoScope","PSFoxery"
"OctoVsts","kleinux"
"OData","beefarino"
"ODataCmdlets","CData"
"OdmApi","SVC-ODM-Package.Publisher"
"OdooCmdlets","CData"
"odsc","innovara"
"oEmbed","Start-Automating"
"Office365","StevenAyers"
"Office365-Scoutnet-synk","karl_t_scouterna"
"Office365.Connect","nicomartens"
"Office365Cmdlets","CData"
"Office365Connect","Gonjer"
"Office365DnsChecker","rhymeswithmogul"
"Office365DSC","sjnscythe"
"Office365GraphAPI","chenxizhang"
"Office365MailAliases","Cloudenius"
"Office365Module","Giertz"
"Office365PowershellUtils","joshn-whatcomtrans.net"
"Office365TokenGet","junecastillote"
"Office365Toolkit","PatrickJD84"
"OfficeAddinManager","DarrenDK"
"OfficeAndAzureTools","MajorGlory"
"OfficeOnlineServerDsc","PowerShellTeam,gaelcolas,dsccommunity"
"OfficeProvider","abaker"
"OfficeRTool","chixus"
"OfflineLanguageInstaller","GijsReijn"
"OfflineNetworkInfo","Sucktravian"
"OfflinePowerShellGetDeploy","Sysmith"
"OftenOn","codykonior"
"OFXCmdlets","CData"
"OGraph","benpulido"
"oh-my-posh","janjoris"
"OHA","diko"
"ohmypower","edumarcal"
"OhMyPsh","zloeber"
"OHTools","OzThe2"
"Okta","mmcnabb"
"Okta.Core.Automation","okta,jmelberg"
"Okta.PowerShell","laura-rodriguez_okta"
"OktaAPI","gabrielsroka"
"OktaAWSToken","coffeepoweredlion"
"OktaLogin","BAD2BEEF"
"OktaPosh","Seekatar"
"OktaPS","forevanyeung"
"OleViewDotNet","tyranid"
"ollama-powershell","Start-Automating"
"Om","vog,ooks"
"Om.Azure","vog,ooks"
"Om.Azure.Management","vog,okro"
"Om.Yaml","vog,fkaw"
"OmadaSqlTroubleShooter","mvefortigi"
"OmadaWeb.PS","mvefortigi"
"Ombi-Ps-Module","boivinx7"
"OMG.PSUtilities","lakshmanachari"
"OMG.PSUtilities.ActiveDirectory","lakshmanachari"
"OMG.PSUtilities.AI","lakshmanachari"
"OMG.PSUtilities.AzureCore","lakshmanachari"
"OMG.PSUtilities.AzureDevOps","lakshmanachari"
"OMG.PSUtilities.Core","lakshmanachari"
"OMG.PSUtilities.ServiceNow","lakshmanachari"
"OMG.PSUtilities.VSphere","lakshmanachari"
"OMINOUS","soulshined"
"Omnicit","Omnicit"
"OmniPSTemplates","omniomi"
"Omnishell","Tomasz.Brasse"
"omp","Geneticscrol"
"omsAgent","bentaylor"
"OMSDataInjection","tao.yang"
"OMSIngestionAPI","jimgbritt"
"OMSSearch","stas"
"OnCommand-Insight","florianf"
"OnDemandModule","musaugurlu"
"OneAndOne","alibazlamit"
"OneDrive","Marcel"
"OneDrive-Activity","cstringham"
"Onedrive-client","PsychoData"
"OneDriveCmdlets","CData"
"OneDriveDsc","VertigoRayUNT,VertigoRay"
"onedriveShareLinkDownload","he852100"
"OneDriveShortcuts","derpenstiltskin"
"oneliners","qbik"
"OneLogin","mmcnabb"
"OneLoginApi","wetling"
"OneNoteCmdlets","CData"
"OnePowerShellProfile","alexbchong"
"OneSTools.PS.TechLog","Akpaevj"
"OneTimeSecret","craigg"
"Onne","Onne"
"OnPremisesDataGatewayHAMgmt","gwpsgpub,dazhang,ratheja,ebramtawfik"
"OnQ","Start-Automating"
"OnRamp","mikefrobbins"
"oob","IamJakoby"
"opCompleter","MJE"
"Open-File","cwmason"
"Open-GitRepo","jhavenz"
"Open-Solution","Imakermula"
"OpenAI","PSModule.io"
"OpenAIClient","chadnpc"
"OpenAICmdlet","Neroro64"
"OpenApi.Pwsh","matt9ucci"
"OpenAuthenticode","jborean93"
"OpenCloudConfig","grenade"
"OpenDriverTool","w0-cool"
"OpenExchangeRatesCmdlets","CData"
"OpenGraph","Start-Automating"
"OpenHardwareMonitor","Chirishman"
"OpenHere","KUTlime"
"openiap","cloudhack"
"OpenProviderPowershell","JeshuaEdgar"
"OpenSSL","szeidat"
"OpenVPNClient","shadofx"
"OpenWeatherMap","kamranicus"
"OperationsManager","vESNik"
"OperationsManagerFever","claudiospizzi"
"OperationValidation","devblackops"
"OpsGenie","PSModule.io"
"OpsMgrExtended","tao.yang"
"Optimize-VirtualDisk","Adamj"
"Optimize-VMDisk","EntropicTech"
"Optimized.AzAutomation","BasWijdenes"
"Optimized.Mga","BasWijdenes"
"Optimized.Mga.AzureAD","BasWijdenes"
"Optimized.Mga.Mail","BasWijdenes"
"Optimized.Mga.Report","BasWijdenes"
"Optimized.Mga.SharePoint","BasWijdenes"
"OptWin","Problemli"
"OracleEloquaCmdlets","CData"
"OracleERPCmdlets","CData"
"OracleHCMCmdlets","CData"
"OracleOciCmdlets","CData"
"OracleSalesCloudCmdlets","CData"
"OracleSCMCmdlets","CData"
"OracleServiceCloudCmdlets","CData"
"Oraculum","cisterni"
"OraPatchDownload","PowerShellSammy"
"ORCA","cammurray"
"ORCAPreview","cammurray"
"OrchestratorServiceModule","julioviana"
"OriAzBopBoostrapOriPsgallery","Jezour"
"orion.xkpasswd","oriontech"
"OriPsRepositoryBootstrap","JanVilimek"
"OriPsTest","JanVilimek"
"OrleansPSUtils","sbykov"
"OrphanedAutoPilot","timmac-qmc"
"ortsingle","Ekansh"
"OSCCPSLogging","kimoppalfens"
"OSD","Segura"
"OSD.Catalogs","Segura"
"OSD.Workspace","Segura"
"OSDBuilder","Segura"
"OSDCloud","Segura"
"OSDCloud.Michael","MichaelEscamilla"
"OSDCloudAzure","Segura"
"OSDCloudCLI","Segura"
"OSDCloudGUI","Segura"
"OSDeploy","Segura"
"OSDProgress","ChrisStro"
"OSDPShell","bytedreamer"
"OSDSoftware","Segura"
"OSDSUS","Segura"
"Osiris","josh-softpro"
"osisa.NETSetup.PowerShell","RemoOser"
"OSMGeocode","apteco_fvb"
"Osmium","PeterM17"
"osname","vimalsingh"
"Osprey","syne0"
"OSVersion","stknohg"
"OTP","ThorstenButz"
"OtpAuth","geoffodonnell"
"OuraRing","danielorelius"
"Out-SexyGridview","BartPasmans"
"OutConsolePicture","NotNotWrongUsually"
"OutlookConnector","iricigor"
"OutreachCmdlets","CData"
"OutSpeech","thatexactmike"
"Outsystems.SetupTools","pintonunes,luisalourenco"
"OutTabulatorView","DougFinke"
"Overhead","hsaito"
"OverSizeDirectory","YuumeKou"
"OVF.Active.Directory","devblackops"
"OVF.ShareFile","megamorf"
"OVF.SharePoint","PowershellNinja"
"OVF.Windows.Server","devblackops"
"oVirtPowerShell","DanielCaulfield"
"Oxygen","pauby"
"oxyplotcli","horker"
"OzdocPowershell","eblackadder"
"OZO","alievertz"
"OZOAD","alievertz"
"OZOFiles","alievertz"
"OZOLogger","alievertz"
"OZORegistry","alievertz"
"OZOStrings","alievertz"
"PackagedAppLauncher","blue-fire"
"PackageHelper","samhep"
"PackageManagement","PowerShellTeam,alerickson,NateLehman,krishnayalavarthi,anamnavi"
"PackageManagementProviderResource","PowerShellTeam"
"PackageUpdateInfo","AndiBellstedt"
"PackerBaseAMI","RobertBiddle"
"PackerFile","steelsharktech"
"Pacman-Provider","profmagija"
"pactester","theaquamarine"
"PAF","Voytas"
"PagerDutyAutomation","webmd-health-services"
"PagerDutyEventV2","DSakura207"
"PaginatedGridSelector","gtt42"
"Pagootle","steviecoaster"
"pallavi-powershell-module","Pallavi"
"PAN-Power","sjborbajr"
"PanasonicCommandBIOSSettings","PanasonicPCControlSuite"
"PanasonicCommandPCSettings","PanasonicPCControlSuite"
"PanasonicCommandUpdate","PanasonicPCControlSuite"
"Pansies","Jaykul"
"Paradox.Modding","FWN"
"Paradox.Modding.Core","FWN"
"Paradox.Modding.Stellaris","FWN"
"ParallelExecution","froman"
"ParallelExecutionHelper","k.kostov"
"ParameterCache","ISESteroids"
"Parcel","Badgerati"
"Parmis.Common","SM.Jalalian"
"Parmis.Idrac","SM.Jalalian"
"Parmis.Solarwinds","SM.Jalalian"
"Parmis.Windows","SM.Jalalian"
"ParquetCmdlets","CData"
"parsapd","parsapd"
"parse-curl","cdhunt"
"ParseJavaPropertyFiles","ssmith_1975"
"Parser","n8tb1t"
"ParseSql","codykonior"
"ParTech.SimpleInstallScripts","steviemcg"
"Particular.ServiceControl.Management","ParticularSoftware"
"PartnerCenter","iwilliams"
"PartnerCenter.NetCore","iwilliams"
"PartnerCenterLW","mspp"
"PartnerTUIToolkit","Kureq"
"Paschwords","Schvenn"
"Pash","MoLuo"
"Pasm","nekrassov01"
"PassGen","DanielCaulfield"
"PasskeyProviderAAGUIDs","darrenjrobinson"
"Passphraser","lagebj"
"Passphrases","EhrenSchlueter"
"PassPushPosh","AdamBurley"
"PasswordsGenerator","MichalGajda"
"PasswordSolution","Przemyslaw.Klys"
"PasswordState","devblackops"
"passwordstate-management","dnewsholme"
"pastel","chrissylemaire"
"PatchHelper","Maxim.Sokolov"
"Patchy","Start-Automating"
"Path","PSModule.io"
"path-switcher","kakkun61"
"PathFinder","drlsdee"
"Paths","michielvoo"
"PathUtils","qbik"
"Patron.SNMP","MartinHaller"
"Pax8-API","dkschruteBeets"
"Pax8API","mspp"
"PaylocityCmdlets","CData"
"PayPalCmdlets","CData"
"pb.Docker-Images","ateimoortagh"
"pb.Docker-Inspect","ateimoortagh"
"pb.Docker-Logs","ateimoortagh"
"pb.Docker-PS","ateimoortagh"
"pb.RestartService","ateimoortagh"
"pbench","ivan.z"
"pbiTools","bobduffyie,dgupta"
"PBIXtoPBIP_PBITConversion","NandanHegde"
"PCHardwareConfiguration","NJ_Dude"
"pChecksAD","mczerniawski"
"pcit.az.rbac","3l0l3"
"PdbSourceIndexing","MiguelBarro"
"PdfLexer","plaisted"
"PDK","thomas-illiet"
"PdqStuff","ColbyBouma"
"PDS","itmvha"
"PEMEncrypt","nferrell"
"PendingReboot","PowerSheller"
"PentaWork.Xrm.PowerShell","Geaz"
"Pentia.Assert-WebProjectConsistency","Pentia"
"Pentia.Get-ConfigurationTransformFile","Pentia"
"Pentia.Get-MSBuild","Pentia"
"Pentia.Get-RuntimeDependencyPackage","Pentia"
"Pentia.Get-WebProject","Pentia"
"Pentia.Invoke-ConfigurationTransform","Pentia"
"Pentia.Invoke-MSBuild","Pentia"
"Pentia.Publish-NuGetPackage","Pentia"
"Pentia.Publish-RuntimeDependencyPackage","Pentia"
"Pentia.Publish-WebProject","Pentia"
"Pentia.Publish-WebSolution","Pentia"
"Pentia.UserSettings","Pentia"
"PeopleHR","tomaspavlic"
"PerceptHash","JHendricks"
"Performance","codykonior"
"PerformanceBenchmark","arkade16"
"PermacultureTreeGuildsDesigner","SSchucht"
"Permission","IMJLA"
"PermissionGroups","joshn-whatcomtrans.net"
"Perry","ronnykarlsson"
"PersistenceSniper","last0x00"
"PersistentHistory","vors"
"PersonalLookup","ngSoftware"
"PersonalVault","hkarthik7"
"Pesci","erwinwerkman"
"Pester","nohwnd,fflaten"
"PesterExplorer","HeyItsGilbert"
"PesterExtensions","bus1hero"
"PesterHelpers","kilasuit"
"PesterInfrastructureTests","Przemyslaw.Klys"
"PesterLove","stephanevg"
"PesterMatchArray","stuartleeks"
"PesterMatchHashtable","stuartleeks"
"PestWatch","Ed.Elliott"
"PeterDocs","teepeoz"
"PetName","caddr"
"pewtools","KevinKvissberg"
"pf-AseemblyVersion","JohnLeyva"
"pf-assert","JohnLeyva"
"pf-async","JohnLeyva"
"pf-azFuncDeploy","JohnLeyva"
"pf-AzPipelines","JohnLeyva"
"pf-basic","JohnLeyva"
"pf-caching","JohnLeyva"
"pf-CmdKey","JohnLeyva"
"pf-csv","JohnLeyva"
"pf-dev","JohnLeyva"
"pf-email","JohnLeyva"
"pf-encoding","JohnLeyva"
"pf-encrypt","JohnLeyva"
"pf-errorhandling","JohnLeyva"
"pf-exe","JohnLeyva"
"pf-file","JohnLeyva"
"pf-Gac","JohnLeyva"
"pf-git","JohnLeyva"
"pf-HashTable","JohnLeyva"
"pf-json","JohnLeyva"
"pf-linq","JohnLeyva"
"pf-loader","JohnLeyva"
"pf-module","JohnLeyva"
"pf-object","JohnLeyva"
"pf-ProcessParent","JohnLeyva"
"pf-Pson","JohnLeyva"
"pf-script","JohnLeyva"
"pf-ShortCuts","JohnLeyva"
"pf-Smb","JohnLeyva"
"pf-Sql","JohnLeyva"
"pf-string","JohnLeyva"
"pf-trace","JohnLeyva"
"pf-var","JohnLeyva"
"pf-VM","JohnLeyva"
"pf-WinImpersionate","JohnLeyva"
"pf-WinInstaller","JohnLeyva"
"pf-WinRegistry","JohnLeyva"
"pf-WinService","JohnLeyva"
"pf-WinTaskScheduler","JohnLeyva"
"pf-WQL","JohnLeyva"
"PfaDscResource","cadkin"
"PFCore","PFITDepartment"
"PFDockerCore","PFITDepartment"
"PFE-SharePoint","NikCharleboisPFE"
"pfSense","masters274"
"pFunctions","SupSkiFun"
"pglet","appveyor"
"Photo.Shell","alan-null"
"Php","patto-sk"
"PhpConfig","ncavare"
"PhpManager","mlocati"
"PhPoshUtils","phucnguyenv"
"Picky","Ninmonkey"
"pidubeyTestModule","Piyush1107"
"Piecemeal","Start-Automating"
"PiHoleShell","piholeshell"
"Pilot","michielvoo"
"PIM.Graph","Fred"
"PIMActivation","SebastianMarkdanner"
"pimcli","starlord"
"PimRoleTools","michelbragaguimaraes"
"ping_scan","eric_tush"
"Pingdom.Management","eelkram,Ephesoft"
"PingIt","anonmous"
"PingMe","Start-Automating"
"pingsweep","CyberSamurai"
"Pinja.Azure.Alerts","savpek_pinja"
"PinManager","neurolag"
"PinnedItem","boe.prox"
"pins","sykuang"
"PinterestCmdlets","CData"
"Pinvoke","adamdriscoll"
"PInvokeHelper","jborean93"
"PIP","cdhunt"
"Pipe","MiniModules"
"PipeDream","ryanmichaeljames"
"Pipedrive","Schnuderl"
"PipedriveCmdlets","CData"
"Pipeline.Config","simonsabin,sabin.io"
"Pipeline.Sql.Deploy","sabin.io"
"Pipeline.Tools","RichieBzzzt,simonsabin,JonSeddon,sabin.io"
"PipelineDemo","BrentD09"
"Pipelines","jeffpatton1971"
"PipelinesAsCode","DuffMan"
"PipelinesAzureAgent","teapotcoder"
"PipelineTools","BrentD09"
"pipEnv","chadnpc"
"PipeScript","Start-Automating"
"Pipeworks","Start-Automating"
"Piraeus","skunklab"
"Piraeus.Module.Core","wmattlong"
"PiraeusCore","skunklab"
"PiraeusDebug","wmattlong"
"PiraeusModuleCore","skunklab"
"PIVPosh","labbuildr"
"PixooPS","spyingwind"
"PKADCleanup","pkelly808"
"PKCE","darrenjrobinson"
"PKClip","pkelly808"
"PkiExtension","Fred"
"PKIMAN","aexlm"
"PKITools","BladeFireLight"
"PKS-pwsh","labbuildr"
"PKWmfInstall","pkelly808"
"PlannerModule","sandytsang"
"PlannerOne.Deployment","flerolland"
"Plaster","Psjamesp"
"PlasterManifestDSL","dchristian3188"
"PlasterPSBR","Oechiih"
"PlasterTemplates","seth.vs"
"Platform-Info","devizer"
"platyPS","PowerShellTeam,adityapatwardhan,sewhee,Kanjiroo"
"PlayCompute","ChrisPalmer"
"PlayFabMultiplayer","ChrisPalmer,ravarna,yzhao"
"PlayFabMultiplayerApi","bport,jvalenciano"
"PlaywrightAutomation","therealkey"
"PlaywrightHelper","jensgc"
"PlcGhostBuster","naihan"
"PleasePwsh","kaspertng"
"Plex-PS-Module","boivinx7"
"plinqo","adamdriscoll"
"PListParserLibrary.Powershell.PListParser","PrateekRM"
"Plog","MichaelLevi"
"Plug-n-Copy","bishal0602"
"Pmirin","terminalPoltergeist"
"PnP.PowerShell","erwinvanhunen"
"PnP.PowerShell.Predictor","anoopt"
"PnP.Wsl2","ScoutmanPt"
"PnpAlertsExport","Sam-Larson"
"pnpm-tab-completion","abgo"
"poc1","IamJakoby"
"poc2","IamJakoby"
"poc3","IamJakoby"
"PocAssets","IamJakoby"
"poco","JasonMArcher"
"pocof","krymtkts"
"Pode","Badgerati"
"Pode.Kestrel","Badgerati"
"Pode.Web","Badgerati"
"Pode.Yaml","Badgerati"
"poke","x0n"
"PokeAPI","Celerium"
"PokeDexAPI","Celerium"
"pokemonascii","RichieBzzzt"
"PokemonTCG","Celerium"
"PokePS","revoice1"
"PokerMath","Seab4ss"
"PokerSummary","PaulHCode"
"Polaris","tyler"
"PolicyFileEditor","dlwyatt"
"PolicyReportGenerator","Sannidhya_Glodha"
"pollmodule","jtuttas"
"Polution","Constantinuous"
"PomoShell","VouDoo"
"Ponduit","OCram85"
"Poor.Backup.System","MS-LUF"
"PopImap","DingMingyu"
"Portable.CI.Cache","tomascubeek"
"PortableLcm","aromano"
"Portal","VouDoo"
"porthunter","CyberSamurai"
"portlistenPS","AXPP"
"Posh","Start-Automating"
"Posh-ACME","rmbolger"
"Posh-ACME.Deploy","rmbolger"
"Posh-ACME.net46","rmbolger"
"Posh-AdaptiveCards","PsychoData"
"posh-alias","giggio"
"Posh-AwsEasy","sbe-arg"
"posh-awsp","jonscheiding"
"posh-awsvault","jonscheiding"
"posh-azure","stuartleeks"
"posh-azurecli","stuartleeks"
"Posh-AzureDevOps","ravensorb"
"Posh-Bootstrap","zalanlevai"
"posh-Brawl","dotnVO"
"posh-cargo","Ungeziefer"
"posh-cats","kidchenko"
"posh-cd","amorphobia"
"posh-cdbookmark","takekazuomi"
"posh-cef","powershellshock"
"Posh-ChocoBear","badmishkallc"
"Posh-Cisco","Nevets82"
"posh-cli","bergmeister"
"posh-dapr","darquewarrior"
"Posh-Datadog","sbe-arg"
"posh-dcos","stuartleeks"
"posh-direnv","takekazuomi"
"posh-dnvm","stuartleeks"
"posh-docker","samneirinck"
"posh-dogs","kidchenko"
"posh-dotnet","bergmeister"
"posh-drupal","JSkinner"
"Posh-ePoAPI","Kreloc"
"Posh-FortiGate","Nevets82"
"Posh-FortiGate6","lemeper"
"posh-gist","xave"
"posh-git","LeoColomb,dahlbyk"
"posh-git-theme-bluelotus","Crocodillian"
"posh-git-workflow","roman.novitsky"
"posh-git22","kartik27"
"POSH-GitLab-Registry","MS-LUF"
"posh-gitmoji","krokofant"
"PoSh-Gogs","davidphay"
"Posh-HIBP","masters274"
"posh-HumpCompletion","stuartleeks"
"Posh-IBCLI","rmbolger"
"Posh-IBWAPI","rmbolger"
"Posh-IC","gildas"
"posh-kentico","clcrutch"
"posh-leiningen","daviwil"
"posh-maven","clijsters"
"posh-minions-managed","grenade"
"Posh-Notify","GSGBen"
"posh-p4","Zougi"
"posh-plantuml-urls","alexbestul"
"Posh-Postcodes.io","isjwuk"
"posh-proget","jmgilman"
"Posh-Prowl","rmbolger"
"Posh-Ribbon","ChrisB"
"Posh-Santiago","sbe-arg"
"Posh-SDKMan","ronnypolley"
"Posh-SecMod","cperez"
"Posh-Shodan","cperez"
"Posh-SSH","cperez"
"posh-sshell","dahlbyk,JSkinner"
"posh-statsd","ben.wiles"
"Posh-SubnetTools","PoshSecurity"
"Posh-Sumologic","sbe-arg"
"Posh-SYSLOG","PoshSecurity"
"posh-syslogger","ebmarquez"
"Posh-Sysmon","cperez"
"posh-teamviewer","BrandonPadgett"
"posh-tex","cgranade"
"Posh-Ubnt","Nevets82"
"Posh-UCS","rdbahm"
"Posh-Vault","gildas"
"Posh-VirusTotal","cperez"
"posh-vpn","gildas"
"posh-vs","olegsych"
"posh-vsdev","rbuckton"
"posh-vsts-cli","bergmeister"
"Posh-w3w","mc1903"
"posh-wakatime","Gravifer"
"posh-winget","nuits.jp"
"posh-with","janjoris"
"Posh-WriteLog","badmishkallc"
"Posh-YNAB","ConnorCG"
"Posh365","KevinBlumenfeld"
"PoshAdoTask","jeffpatton1971"
"poshaltiris","tiberriver256"
"posharm","Tore.Groneng"
"PoshArmDeployment","miguel.bernard"
"PoshberryPi","eshess"
"PoshBookmarks","neilbarnwell"
"PoshBot","devblackops"
"PoshBot.AD","vstepic"
"PoshBot.AzDos","halbarad"
"PoshBot.AzureAD","darrenjrobinson"
"Poshbot.Democracy","adrian.andersson"
"PoshBot.Dilbert","devblackops"
"Poshbot.Example","RameshD"
"PoshBot.FYI","devblackops"
"PoshBot.GChat.Backend","nferrell"
"PoshBot.Giphy","devblackops"
"PoshBot.Inspect","AndrewPla"
"PoshBot.ITGlue","linkmaster94"
"PoshBot.Joker","Windos"
"PoshBot.Karma","devblackops"
"PoshBot.LithnetMIISAutomation","darrenjrobinson"
"PoshBot.LithnetRMA","darrenjrobinson"
"PoshBot.Networking","devblackops"
"PoshBot.Rubrik","RubrikBuild,Rubrik_Build,guirava,evancheng"
"PoshBot.Sentiment","Windos"
"PoshBot.Soon","gep13,mkevenaar"
"PoshBot.Spark.Backend","andrewtchilds"
"PoshBot.TicTacToe","devblackops"
"PoshBot.TOPdesk","AndrewPla"
"poshbot.veeam","vMarkus_K"
"Poshbot.VMware","shield"
"Poshbot.vSphere","mwpreston"
"PoshBot.Wolfram","devblackops"
"PoshBot.XKCD","devblackops"
"PoshBot.ZabbixPS","joshcorr"
"PoshBotHLC","adigitalself"
"poshbox","whiggs2"
"PoshCCat","Karrakis"
"PoshChoco","Yevrag35"
"PoshCodex","rishi255"
"PoshColor","JustABearOz"
"PoshCommence","Arnovb"
"PoshCVE","DanGough"
"PoshDirTitle","turtlebasket"
"poshdog","SimNYC"
"PoshDotnetDumpAnalyzeViewerModule","En3Tho"
"PoshEmail","natescherer"
"PoShEvents","thedavecarroll"
"PoShFolderSize","Evilcat"
"PoshFunctions","riedyw"
"PoshGlia","zackmoss"
"PoshGMaps","Kreloc"
"PoshGram","jakewmorrison"
"poshgraph","adamedx"
"poshgraph-sdk","adamedx"
"PoshGremlin","Cyb3rWard0g"
"PoshGrep","MarkusAmshove"
"PoShGroupPolicy","thedavecarroll"
"PoshHodgepodge","joshn-whatcomtrans.net"
"PoshHomeAssistant","sytone"
"PoshHosts","Badgerati"
"PoshHubot","MattHodge"
"Poshhunter","whiggs2"
"PoshImgBB","Largehawiian"
"PoshInteractive","szeraax"
"PoshInternals","adamdriscoll"
"PoshIssues","joshn-whatcomtrans.net"
"PoSHive","lwsrbrts"
"PoshJsonWebToken","ArmaanMcleod"
"Poshjure","degree9"
"PoShKeePass","jkdba"
"PoshKelvin","igoravl"
"PoshLibVirt","jhp"
"PoShLog","TomasBouda"
"PoShLog.Enrichers","TomasBouda"
"PoShLog.Sinks.DataDog","cdhunt"
"PoShLog.Sinks.ElmahIo","elmah.io"
"PoShLog.Sinks.EventLog","TomasBouda"
"PoShLog.Sinks.Exceptionless","TomasBouda"
"PoShLog.Sinks.Http","TomasBouda"
"PoShLog.Sinks.Seq","TomasBouda"
"PoShLog.Sinks.Splunk","mowog74"
"PoShLog.Sinks.Syslog","Tribute"
"PoShLog.Tools","TomasBouda"
"PoshLogger","Nillth"
"POSHLogging","thomaskrampe"
"PoShLucene","DougFinke"
"PoShLumberjack","MannyP"
"PoshMacros","Start-Automating"
"PoshMailKit","poshcodebear"
"PoshModule","davidwhittaker"
"PoShMon","Hilton.Giesenow"
"PoshMongo","jeffpatton1971"
"PoshNet","Jaykul"
"PoshNetSapiens","tiktb8"
"PoshNmap","JustinGrote"
"PoshNotify","Windos,tyler,steviecoaster"
"PoshNuGet","pcgeek86"
"PoshOpenShareFile","boe.prox"
"POSHOrigin","devblackops"
"POSHOrigin_ActiveDirectoryDNS","devblackops"
"POSHOrigin_vSphere","devblackops"
"PoShPACLI","pspete"
"PoShPal","ThePoShWolf"
"PoshPctBar","Windos"
"PoshPiHole","ptmorris"
"PoShPipeline","TomasBouda"
"PoshPredictiveText","DiaAzul"
"PoshPrivilege","boe.prox"
"PoshProgressBar","tiberriver256"
"PoshProject","hkarthik7"
"PoShPRTG","AndiBellstedt"
"PoshPulseAudio","dktrotti"
"PoshQueryable","Ryan2065"
"PoshRedisViewerModule","En3Tho"
"PoshRegistry","JustinGrote"
"PoshRemoteRegistry","pashalvov"
"PoshRest","chadnpc"
"PoshRoar","jbloomfield80"
"PoshRSJob","boe.prox"
"PoshSemanticVersion","chiprunner"
"PoshSequence","asipe"
"PoshServerLess","OlivierMiossec"
"PoShSkyTap","InfamousJoeG"
"PoshSNMP","JustinGrote"
"PoshSonarr","Yevrag35"
"PoshSophos","zackmoss"
"poshspec","cdhunt,markwragg"
"PoShSQLLocalDB","jkdba"
"PoshSSDTBuildDeploy","RichieBzzzt"
"PoshSSL","cdhunt"
"Poshstache","marco.torello"
"PoshSvn","rinrab"
"Posht","lnonce"
"PoshTaskbarItem","mdgrs-mei"
"PoshTestTCPing","pashalvov"
"poshTic_Tac_Toe","MrPig91"
"PoshTime","Windos"
"POSHTML5","DearH4"
"PoshToolbox","PoshAJ"
"PoshTRMM","jbloomfield80"
"PoshTui","PoorlyExecuted"
"PoshTwit","trevor"
"PoshTypes","Yevrag35"
"PoSHue","lwsrbrts"
"PoshUnifi","zackmoss"
"PoshUnitConversion","marco.torello"
"PoshUSNJournal","boe.prox"
"PoshVault","Jadon"
"PoshVsts","FabBadDog"
"PoshwordGenerator","3vent-Horiz0n"
"PoshWPF","Ryan2065"
"PoshWSUS","boe.prox"
"PoshWUG","zackmoss"
"poshy-code-search","brucificus"
"poshy-colors","brucificus"
"poshy-coreutils-ish","brucificus"
"poshy-dir-nav","brucificus"
"poshy-ecks","brucificus"
"poshy-env-proxy","brucificus"
"poshy-env-var","brucificus"
"poshy-ls-isms","brucificus"
"poshy-lucidity","brucificus"
"poshy-multimedia","brucificus"
"poshy-net","brucificus"
"poshy-notify-send","brucificus"
"poshy-sh-isms","brucificus"
"poshy-sshconfig","brucificus"
"poshy-viewer-finder","brucificus"
"poshy-wrap-apt","brucificus"
"poshy-wrap-argcomplete","brucificus"
"poshy-wrap-brew","brucificus"
"poshy-wrap-curl","brucificus"
"poshy-wrap-dnf","brucificus"
"poshy-wrap-docker","brucificus"
"poshy-wrap-docker-compose","brucificus"
"poshy-wrap-dotnet","brucificus"
"poshy-wrap-forgit","brucificus"
"poshy-wrap-gem","brucificus"
"poshy-wrap-gh","brucificus"
"poshy-wrap-git","brucificus"
"poshy-wrap-git-flow","brucificus"
"poshy-wrap-git-lfs","brucificus"
"poshy-wrap-golang","brucificus"
"poshy-wrap-helm","brucificus"
"poshy-wrap-kubectl","brucificus"
"poshy-wrap-maven","brucificus"
"poshy-wrap-nginx","brucificus"
"poshy-wrap-nmap","brucificus"
"poshy-wrap-npm","brucificus"
"poshy-wrap-pip","brucificus"
"poshy-wrap-pipenv","brucificus"
"poshy-wrap-pyenv","brucificus"
"poshy-wrap-pylint","brucificus"
"poshy-wrap-python","brucificus"
"poshy-wrap-ruby","brucificus"
"poshy-wrap-systemctl","brucificus"
"poshy-wrap-terraform","brucificus"
"poshy-wrap-terragrunt","brucificus"
"poshy-wrap-tmux","brucificus"
"poshy-wrap-vagrant","brucificus"
"poshy-wrap-vault","brucificus"
"poshy-wrap-vscode","brucificus"
"poshy-wrap-wget","brucificus"
"poshy-wrap-wt","brucificus"
"poshy-wrap-yum","brucificus"
"poshy-wrap-zypper","brucificus"
"PoshZoom","zackmoss"
"Position-ExplorerWindow","theohbrothers"
"positronium","stuartleeks"
"PostgresCmdlets","SaGSA"
"PostgresqlCmdlets","CData"
"PostgreSqlDsc","dsccommunity"
"postgrest","weiyen.tan2"
"posubl","theaquamarine"
"potel","cdhunt"
"powdrgit","nmbell"
"Power-Ascii","zozobalogh0817"
"Power-Cbr","GraemeMeyer"
"power-nvm","brunolm"
"Power-XML","Nillth"
"power.rapt","themuzzvolta"
"PowerAD","evanjd711"
"PowerADIF","t3hn3rd"
"PowerADO.NET","HIGHphen"
"PowerAdobe","Przemyslaw.Klys"
"PowerAlto","brianaddicks"
"poweralto3","brianaddicks"
"PowerAlto4","brianaddicks"
"PowerAMT","michaelmumenthaler"
"PowerAppEnhancer","bstump"
"PowerApsis","Freakling"
"PowerArcade","Start-Automating"
"PowerArubaCL","alagoutte"
"PowerArubaCP","alagoutte"
"PowerArubaCX","alagoutte"
"PowerArubaIAP","alagoutte"
"PowerArubaMC","alagoutte"
"PowerArubaSW","alagoutte"
"PowerAtlassianCore","ender2021"
"PowerAtlassianSqlRefreshCore","ender2021"
"PowerAzPlus","jeffbrowntech"
"PowerBash","jimmehc"
"PowerBGInfo","Przemyslaw.Klys"
"PowerBI-Metadata","cporteous"
"powerbi-powershell","martinskeem"
"PowerBIAPI","sjnscythe"
"PowerBIETL","RuiRomano"
"PowerBIManager","SjoerdVN"
"PowerBIPS","RuiRomano"
"PowerBIPS.Tools","RuiRomano"
"PowerBIXMLACmdlets","CData"
"PowerBlink","Chirishman"
"PowerBOFH","rhymeswithmogul"
"PowerBot","Jaykul"
"powerbox","batmanama"
"PowerBuild","kovalikp"
"PowerCD","JustinGrote"
"PowerCds","AymericM"
"PowerCfg","KeithB0"
"PowerChart","carrvo"
"PowerChia","MayorAbandoned"
"PowerCLI.SessionManager","spyingwind"
"PowerCLIExamples","jpsider"
"PowerClippy","1RedOne"
"PowerCLITools","jon_medd"
"PowerCode","Start-Automating"
"PowerCode.PSTaglib","PowerCode"
"PowerCode.TextTools","PowerCode"
"PowerColorGit","gardebring"
"PowerColorLS","gardebring"
"PowerColorLS_GH","splitgemini"
"PowerColorTerm","SirJson"
"PowerCommander","skol,keeperwm"
"PowerConfig","JustinGrote"
"PowerConfluence","ender2021"
"PowerConfluenceFormatting","ender2021"
"PowerConfluenceSqlRefresh","ender2021"
"PowerDataOps","AymericM"
"PowerDCNM","eckdd"
"Powerdex","cheungaustin"
"PowerDexie","MayorAbandoned"
"PowerDir.GetPowerDir","raffaello.bertini"
"PowerDP","jorioux"
"PowerDuo","jayates2006"
"PowereBay","ThePoShWolf"
"PowerEmpire","cperez"
"PowerEvents","pcgeek86"
"PowerFederatedDirectory","Przemyslaw.Klys"
"PowerFGT","alagoutte"
"PowerFMG","alagoutte"
"PowerForensics","jaredatkinson"
"PowerForensicsPortable","jaredatkinson"
"PowerForensicsv2","jaredatkinson"
"PowerGit","felixfbecker"
"PowerGlue","brianaddicks"
"PowerGPT","ouromoros"
"PowerGrafana","javiermarasco"
"PowerGraph365","Hilton.Giesenow"
"PowerGRR","Karneades"
"PowerHistory","Start-Automating"
"PowerHive","pez863"
"PowerHTML","JustinGrote"
"PowerInfoblox","Przemyslaw.Klys"
"PowerJamf","Przemyslaw.Klys"
"PowerJira","ender2021"
"PowerJiraSqlRefresh","ender2021"
"PowerKube","dwsr"
"PowerLFM","camusicjunkie"
"PowerLine","Jaykul"
"powerlogger","Darkbat91"
"PowerLumber","jpsider"
"PowerMist","ThatDamnOwl"
"PowerML","WSas"
"PowerNets","nitje"
"PowerNix","Start-Automating"
"PowerNSX","nmbradford,dcoghlan"
"PowerOPC","Chirishman"
"PowerOpCon","bstump"
"PowerOps","daltondhcp,jodahlbo"
"PowerOrion","Micheal100"
"PowerPAN","jurbanek"
"PowerPlan","Tore.Groneng"
"PowerPlanTools","GraceSolutions"
"PowerplanUtils","Bmo1992"
"PowerPlatform.CLI.PowerShell.Predictor","anoopt"
"PowerPlatformCLIAutoComplete","rajyraman"
"PowerPlug","Manup"
"PowerPoopizer","shortarrow"
"PowerProcess","LuizMonad"
"PowerPUG","jakehildreth"
"PowerQualys","Przemyslaw.Klys"
"PowerQuest","franck.soubieres"
"PowerRails","mistergf"
"PowerRelay","9whirls"
"PowerRemoteDesktop_Server","DarkCoderSc"
"PowerRemoteDesktop_Viewer","DarkCoderSc"
"PowerRestCLI","jpsider"
"powerrti","fgeisler"
"PowerRunAs","DarkCoderSc"
"PowerRunAsSystem","DarkCoderSc"
"PowerRvB","evanjd711"
"PowerSage","MayorAbandoned"
"powerSAS","stuart.malcolm"
"PowerSearch","Pedro-Alp"
"powershai","rrg92"
"powershell_scaffolder","majorziploc"
"powershell_utilities","onofrio.comes_netrumble"
"powershell-az","adweigert"
"PowerShell-Beautifier","DanWard"
"Powershell-BigNum","GregoireLD"
"powershell-cli-menu-helpers","nc_dev"
"PowerShell-Core-Compatibility-Alias","KevinMarquette"
"powershell-designer","brandoncomputer"
"powershell-devops","adweigert"
"PowerShell-Docs-CommunityModule","elarsson"
"powershell-flash","WangYan"
"PowerShell-GitOps","bcedar"
"powershell-google-stt","jmbeach"
"powershell-google-tts","jmbeach"
"powershell-jwt","Uplink"
"PowerShell-Lightning","tasnimzotder"
"powershell-logging","timkrehan"
"powershell-module-test","AlexHedley"
"powershell-pulp","harbottle"
"Powershell-QrCodeGenerator","GregoireLD"
"PowerShell-Spells","vmsilvamolina"
"powershell-steamhelper","randomtoy"
"PowerShell-Toolmaking","DonJ"
"powershell-windows-autoproxy","HuaDeity"
"powershell-wix","harbottle"
"powershell-yaml","cloudbase"
"PowerShell.Azure.Data.Explorer","Chendrayan-Venkatesan"
"PowerShell.AzureDevOps","BHH"
"Powershell.Base64","cybervaquero"
"PowerShell.BRE","MilkyWare"
"PowerShell.BTDF","MilkyWare"
"Powershell.CheckoutClient","rfewster"
"Powershell.Chunks","mazzy"
"PowerShell.Commands.True.Deal.EnvironmentVariable","KatsutoshiOtogawa"
"PowerShell.DynamicBatch","BHH"
"PowerShell.FileTransformations","BHH"
"PowerShell.GitLab.Utility","Chendrayan-Venkatesan"
"Powershell.Helper.Extension","BretKnoll"
"PowerShell.MCP","ytsuda"
"PowerShell.PowerLibrary.Automation","ahmad.ousman"
"PowerShell.PowerLibrary.Core","ahmad.ousman"
"PowerShell.PowerLibrary.DataBinder","ahmad.ousman"
"PowerShell.PowerLibrary.Encryption","ahmad.ousman"
"PowerShell.PowerLibrary.ExtendedWebAdministration","ahmad.ousman"
"PowerShell.PowerLibrary.IncrementalUpdate","ahmad.ousman"
"PowerShell.PowerLibrary.Mail","ahmad.ousman"
"PowerShell.PowerLibrary.MSBuildUtilizer","ahmad.ousman"
"PowerShell.PowerLibrary.RoboCopyExtension","ahmad.ousman"
"PowerShell.PowerLibrary.SqlDatabaseMaintenance","ahmad.ousman"
"PowerShell.PowerLibrary.SqlScripter","ahmad.ousman"
"PowerShell.ReleasesAPI","Smalls1652"
"PowerShell.Selenium","ciyasta"
"PowerShell.SqlServer","BHH"
"PowerShell.Wiz.Utility","Chendrayan-Venkatesan"
"PowerShell.X509Certificate.Utility","RyenTang"
"PowerShellAstSearch","DougFinke"
"PowerShellAzureFunctions","DougFinke"
"PowershellBGInfo","itamartz"
"PowerShellBooks","Andreas.Nick"
"PowerShellBuddy","eolith"
"PowerShellBuild","devblackops,psake,HeyItsGilbert"
"PowerShellBuild5_1","LarryWisherMan"
"PowerShellCookbook","LeeHolmes"
"PowerShellDataFile","PSModule.io"
"PowerShellExplorer","adamdriscoll"
"powershellextension","chenxizhang"
"PowerShellForFOD","kevinalee"
"PowerShellForGitHub","PowerShellTeam,PowerShellForGitHubTeam"
"PowerShellForGitHub.Content","Fred"
"PowerShellForSSC","kevinalee"
"PowerShellForWebInspect","kevinalee"
"PowerShellFrame","sytone"
"PowershellFunctions","PeterCullenBurbery"
"PowershellFunctions005","PeterCullenBurbery"
"PowershellFunctions007","PeterCullenBurbery"
"PowerShellGallery","PSModule.io"
"PowerShellGet","PowerShellTeam,alerickson,anamnavi"
"PowerShellGet-Test-Binary-Module","mmaitre314"
"PowerShellGetCompat","alerickson"
"PowerShellGetGUI","sapientech"
"PowershellGraphSDK","John_Sun"
"PowerShellGuard","StevenMurawski"
"PowerShellGuide","Start-Automating"
"PowerShellHttpModule","carrvo"
"PowerShellHumanizer","DougFinke"
"PowershellInvokeRust","KatsutoshiOtogawa"
"PowerShellISEModule","EdWilson"
"PowerShellJsonObject","DougFinke"
"PowerShellKeePass","My-Random-Thoughts"
"PowerShellKusto","santisq"
"PowershellLambdaTesting","mcasperson"
"PowerShellLogging","Jaykul,dlwyatt"
"PowerShellManager","Przemyslaw.Klys"
"PowerShellMenus","kory_olson"
"PowerShellModule","davidobrien"
"PowerShellModuleManifest","MattQuickenden"
"PowerShellModuleSkeleton","masmontanas"
"PowerShellModuleTools","thordreier"
"PowerShellNotebook","DougFinke"
"PowershellOctopusClient","mcasperson"
"PowershellOctopusClientPS","pswetz"
"PowerShellPivot","DougFinke"
"PowerShellProtect","adamdriscoll"
"PowerShellProTools","adamdriscoll"
"PowerShellPushOver","PoshSecurity"
"PowerShellRest","fireflycons"
"PowershellRetry","mcasperson"
"PowerShellRun","mdgrs-mei"
"PowershellSeq","mcasperson"
"powershellSwitcher","giblinDevelopments"
"PowershellTools","Almcchesney"
"PowerShellTutor","eolith"
"PowerShellUDPModule","carrvo"
"PowerShellUniversal.ActiveDirectory.Scripts","adamdriscoll"
"PowerShellUniversal.API.CIM","adamdriscoll"
"PowerShellUniversal.API.dbatools","adamdriscoll"
"PowerShellUniversal.API.Monitoring","adamdriscoll"
"PowerShellUniversal.API.PSResourceGet","adamdriscoll"
"PowerShellUniversal.API.System","adamdriscoll"
"PowerShellUniversal.Apps.ActiveDirectory","adamdriscoll"
"PowerShellUniversal.Apps.AutomatedLab","steviecoaster"
"PowerShellUniversal.Apps.Earthquakes","adamdriscoll"
"PowerShellUniversal.Apps.Excel","adamdriscoll"
"PowerShellUniversal.Apps.NetworkUtilities","adamdriscoll"
"PowerShellUniversal.Apps.Pester","adamdriscoll"
"PowerShellUniversal.Apps.Random","adamdriscoll"
"PowerShellUniversal.Apps.Services","adamdriscoll"
"PowerShellUniversal.Apps.TaskManager","adamdriscoll"
"PowerShellUniversal.Apps.ThemeBuilder","adamdriscoll"
"PowerShellUniversal.Apps.Tools","adamdriscoll"
"PowerShellUniversal.Bluesky","adamdriscoll"
"PowerShellUniversal.HealthCheck.ExcessiveRunspaces","adamdriscoll"
"PowerShellUniversal.HealthCheck.InternetAccess","adamdriscoll"
"PowerShellUniversal.Logging.ElasticSearch","adamdriscoll"
"PowerShellUniversal.Roles.ActiveDirectory","adamdriscoll"
"PowerShellUniversal.Scripts","adamdriscoll"
"PowerShellUniversal.Triggers.BurntToast","adamdriscoll"
"PowerShellUniversal.Triggers.Discord","adamdriscoll"
"PowerShellUniversal.Triggers.Email","adamdriscoll"
"PowerShellUniversal.Triggers.MSTeams","adamdriscoll"
"PowerShellUniversal.Triggers.Slack","adamdriscoll"
"PowerShellUniversal.Weather.Apps","adamdriscoll"
"PowerShellUtilities","DoreIsTheMan"
"powershellYK","virot"
"PowerShim","adamdriscoll"
"PowerSign","aris.green"
"PowerSNOW","bstump"
"PowerSponse","Karneades"
"PowerSSH","patto-sk"
"PowerSSH-Legacy","patto-sk"
"PowerSteph","Problemli"
"PowerSTIG","PowerSheller,adamhay,rgibson,JasonW"
"PowerStigMofToChecklist","noyard"
"PowerStigScan","Matt.Preston"
"PowerSugar","TravisCLaGrone"
"PowerSwitch","brianaddicks"
"PowerSysAdmin","bstump"
"PowerTab","JasonMArcher"
"PowerTibetSwap","MayorAbandoned"
"PowerTools","StefanGreve"
"PowerTree","BartSpaans"
"PowerTrello","adamtheautomator"
"PowerTribeloo","Przemyslaw.Klys"
"PowerType","PeterAndersson"
"PowerUp","janikvonrotz"
"PowerUpSQL","ScottSutherland"
"PowerValidatedSolutions","VMware,GaryJBlake"
"PowerVAO","vMarkus_K"
"PowerVault","cdhunt"
"PowerVCAV","jonwaite"
"PowerVCF","VMware,brianoconnell,GaryJBlake"
"PowervLCM","vklinden"
"PowerVMDSC","HeathReynolds"
"PowervRA","jon_medd,craigg"
"PowervRACloud","munishpalmakhija"
"PowervRLICloud","mmakhija"
"PowervRNI","smitmartijn"
"PowervRO","jon_medd,craigg"
"PowervAA","stevio54"
"PowerWall","brianaddicks"
"PowerWamp","jpsider"
"powerwcf","OB1"
"PowerWeb","Dellahware"
"powerworks","RobertCGouge"
"powerzabbix","rrg92"
"PowRoku","Start-Automating"
"PPDD-pwsh","labbuildr"
"PPDM-pwsh","labbuildr"
"PPL.AzUtils","ppl-alan"
"PPM-Package-Tools","mjuan"
"ppmnottheunit","Hedzer"
"PPOSDBuilder","PackerPhil"
"pposhadmintools","PPoshGroup"
"PPoShDemo","PPoshGroup"
"PPoShSqlTools","PPoshGroup"
"PPoShTools","PPoshGroup"
"PPS","thordreier"
"PPSLogModule","kade.hampson"
"PreferenceVariables","dlwyatt"
"Prelude","jhwohlgemuth"
"PremiumFriday","hsaito"
"PrependLicense","marckassay"
"PrereleaseTest","JustinGrote"
"Press","JustinGrote"
"PrestoCmdlets","CData"
"Pretendpoint","brianary"
"PrettyLs","Menthol"
"PrettyPrint","JMN"
"Principal","FWN"
"Print-HelloWorld2","pompiBell"
"PrintHA.DSC","Petr.Dolezal.GreyCorbel.com"
"PrintManagementDsc","limiteddenial"
"PrintMessage","cfircoo"
"PrintNightmareMitigations","rhymeswithmogul"
"Prism","webmd-health-services"
"PrismShell","nyanhp"
"PrivateCloud.DiagnosticInfo","danlo,tayloh,phliu"
"PrivateDNSZones","TheLastHorcrux"
"ProActive.PowerShell.PackageManagement","fsl,NielsBrinch_ProActive,jbc_proactive"
"Process","qbik"
"ProcessEx","jborean93"
"ProcessInspector","sangafabrice"
"ProcessMitigations","ProcessMitigations"
"ProcessPriority","trevor"
"ProcessTree","BaldCat"
"ProcessTuner","jsoliveir"
"ProcessTunerCLI","jsoliveir"
"procmap","CyberSamurai"
"ProCrm.Xrm.PowerShell","christophmaeder"
"ProCrm.Xrm.PowerShell.Admin","christophmaeder"
"ProCrm.Xrm.PowerShell.Connect","christophmaeder"
"ProCrm.Xrm.PowerShell.Deployment","christophmaeder"
"ProCrm.Xrm.PowerShell.Helpers","christophmaeder"
"ProCrm.Xrm.PowerShell.MetaData","christophmaeder"
"ProductFromRegistry","pr_prakash78"
"ProductivityTools.AzureAutomation","pwujczyk"
"ProductivityTools.Backup","pwujczyk"
"ProductivityTools.BackupBitlockerKeys","pwujczyk"
"ProductivityTools.BackupBookmarksChrome","pwujczyk"
"ProductivityTools.BackupBookmarksIE","pwujczyk"
"ProductivityTools.Bank.Inteligo","pwujczyk"
"ProductivityTools.Bitcoin","pwujczyk"
"ProductivityTools.CloneGithubRepositories","pwujczyk"
"ProductivityTools.CloneGitRepositories","pwujczyk"
"ProductivityTools.CloudItems","pwujczyk"
"ProductivityTools.ConvertDocuments","pwujczyk"
"ProductivityTools.ConvertTcx2Gpx","pwujczyk"
"ProductivityTools.CopyItemDirectoryRepeatable","pwujczyk"
"ProductivityTools.DirectoryReverseOrder","pwujczyk"
"ProductivityTools.DisableFileSyncNGSC","pwujczyk"
"ProductivityTools.DisplayPosition","pwujczyk"
"ProductivityTools.Feedback","pwujczyk"
"ProductivityTools.FindPhotographDuplicates","pwujczyk"
"ProductivityTools.FindPictures","pwujczyk"
"ProductivityTools.Flickr","pwujczyk"
"ProductivityTools.GetBinaryModuleFileList","pwujczyk"
"ProductivityTools.GetCurrentWifiPassword","pwujczyk"
"ProductivityTools.GetDateName","pwujczyk"
"ProductivityTools.GetDayInGivenWeek","pwujczyk"
"ProductivityTools.GetExternalIP","pwujczyk"
"ProductivityTools.GetOneDriveDirectory","pwujczyk"
"ProductivityTools.GetServiceDescription","pwujczyk"
"ProductivityTools.GetTask3","pwujczyk"
"ProductivityTools.IIS","pwujczyk"
"ProductivityTools.ImportExcelToSQL","pwujczyk"
"ProductivityTools.ImportModulesFromDirectory","pwujczyk"
"ProductivityTools.InstallModuleIfMissing","pwujczyk"
"ProductivityTools.InstallService","pwujczyk"
"ProductivityTools.InvokeInConEmu","pwujczyk"
"ProductivityTools.ManageGitRepositories","pwujczyk"
"ProductivityTools.MasterConfiguration","pwujczyk"
"ProductivityTools.NewAliasSafe","pwujczyk"
"ProductivityTools.NewTemporaryDirectory","pwujczyk"
"ProductivityTools.PSDbUp","pwujczyk"
"ProductivityTools.PSStartApplication","pwujczyk"
"ProductivityTools.PublishModuleTo","pwujczyk"
"ProductivityTools.PublishModuleToPowershellGallery","pwujczyk"
"ProductivityTools.PublishNugetToGallery","pwujczyk"
"ProductivityTools.PublishReadmeToWordpress","pwujczyk"
"ProductivityTools.RemoveEmptyDirectories","pwujczyk"
"ProductivityTools.RemoveModules","pwujczyk"
"ProductivityTools.SaveLoginAndPasswordForFortiClient","pwujczyk"
"ProductivityTools.SelectSQLView","pwujczyk"
"ProductivityTools.SetLockDisplayTimeout","pwujczyk"
"ProductivityTools.SetLockScreen","pwujczyk"
"ProductivityTools.SetMonitorOff","pwujczyk"
"ProductivityTools.SetPhotographNameAsDateTimeTaken","pwujczyk"
"ProductivityTools.SportsTracker","pwujczyk"
"ProductivityTools.SQLCommands","pwujczyk"
"ProductivityTools.SQLServerColumnDescription","pwujczyk"
"ProductivityTools.TCX2GPXConverter","pwujczyk"
"ProductivityTools.TeamManagement","pwujczyk"
"ProductivityTools.TestCommandExists","pwujczyk"
"ProductivityTools.TestIfAdmin","pwujczyk"
"ProductivityTools.TrainingLog.Endomondo","pwujczyk"
"ProductivityTools.Transfers","pwujczyk"
"ProfileAsync","freddie.sackur"
"ProfileFever","claudiospizzi"
"ProfilePal","bcdady"
"Profiler","nohwnd"
"profileupdater","chadnpc"
"ProfileXMLBuilder.PS","KzAkeley"
"ProGetAutomation","pshdo,webmd-health-services,DecoyJoe"
"Progistics.AMPManagement","gcarr-cs"
"ProgramManagement","pldmgg"
"ProjectHelper","rulasg"
"ProjectOxford","PrateekSingh"
"ProjectTools","Kazaamjt"
"ProjectWise.WebAPI.PS","Bentley-Systems"
"projexx","mahmodali8200"
"Prometheus","greg.gu"
"PrometheusExporter","jobec"
"PrometheusExporter_Fork","dennisl68"
"PromptEd","jimmehc"
"PromptForChoice","platinum"
"PromptHelper","Sambardo"
"ProtectedData","dlwyatt,Raimund,gaelcolas,dsccommunity"
"ProtectStrings","grey0ut"
"ProvAgentTroubleshooter","tajaber"
"Provance.Azure","ProvanceAutomation"
"Provance.CloudConnector","ProvanceAutomation"
"Provance.Dyn365","ProvanceAutomation"
"ProvisioningAgentLogCollector","tajaber"
"ProvisioningTools","DavidHaymond"
"proxmox-rest-module","aaroneg"
"ProxmoxPVE","eldobam"
"ProxsysGraph","remcovn"
"Proxx.SNMP","Proxx"
"Proxx.SQLite","Proxx"
"Proxy","michielvoo"
"Proxy.Dotnet","michielvoo"
"Proxy.Git","michielvoo"
"ProxyCommand","horker"
"PrtgAPI","lordmilko"
"PRTGResultSet","JustinGrote"
"prtgshell","brianaddicks"
"PrtgXml","lordmilko"
"ps_Module_ActiveDirectoryTools","MartinV"
"ps_Module_CiscoVManage","MartinV"
"ps_Module_CommonScriptFunctions","MartinV"
"ps_Module_MsGraph","MartinV"
"ps-adcompleters","jleechpe"
"ps-arch-wsl","scottmckendry"
"PS-AutoApi","Almcchesney"
"ps-autoenv","ncox"
"PS-AutomationHelper","gfa"
"ps-azure-container-registry","lukas-kuch"
"ps-AzureFaceAPI","mLauper"
"ps-color-scripts","scottmckendry"
"ps-copyid","MathesonStep"
"PS-CryptoStudio","TeeStar"
"PS-CryptoStudioToolKit","TeeStar"
"PS-DetectionMethod","BEAH"
"ps-direnv","ohuu"
"PS-Generate-Thumbnails","krokofant"
"PS-Markdown","Invertee"
"ps-menu","chrisseroka"
"PS-NCentral","AdriaanSluis"
"PS-NCentral-RESTAPI","eagle00789"
"PS-Populi","sqone2"
"ps-prettifier","scottmckendry"
"PS-PwUtils","davidshomelab"
"PS-RiskSense","ConnorCG"
"PS-SentinelOne","chrisstone"
"ps-snipetransfer","something_amusing"
"PS-StoreOnce","vMarkus_K"
"PS-Sudoku","DavisHenckel"
"PS-SyncHr","sqone2"
"PS-Terraform-Cloud","satak"
"PS-Tools","KadragonTech"
"ps-vmware-az-assessment","satak"
"PS-WindowsInstaller","chrisstone"
"PS-Zabbix-Host","satak"
"PS.B2","persistent13"
"PS.BitBucket","itsmeshankar1"
"ps.checkModuleUpdates","yubu"
"PS.Config","StudioDelta-121"
"PS.CredentialManager","GraemeMeyer"
"PS.Git","druid4242"
"PS.GPO.TOOLS","SaggieHaim"
"PS.HealthChecks","persistent13"
"ps.ipam","Arnike"
"PS.JfrogArtifactory","artyom-krot"
"PS.M365UsageReport","junecastillote"
"PS.MTA-STS","jklotzsche-msft"
"PS.Octopus","druid4242"
"PS.Password.File","t0rsten"
"PS.Reporting","druid4242"
"PS.Selenium","druid4242"
"ps.slack","yubu"
"PS.Teamwork","EmileM,Teamwork_Vik"
"ps.testPassword","yubu"
"PS.Utilities","druid4242"
"ps12exe","steve02081504"
"PS1C","Romero126"
"PS1EAE","MKoster"
"PS1ToEXE","damien.vanrobaeys"
"Ps1xmlGen","igoravl"
"PS2BAT","evilbytecode"
"ps2exe","MScholtes"
"PS2EXE.Core","FabienTschanz"
"PS2EXE2ps12exe","steve02081504"
"PS2Fas","cpnxp"
"PS3D","Start-Automating"
"PS3stepFunctions","rekan"
"Ps4XdtConfigTransform","vlariono"
"PS7Zip","GavinEke"
"PSA","Start-Automating"
"PSAbuseIPDB","dotpwsh"
"PSAccessToken","jborean93"
"psACL","phillip.marshall"
"PSAction1","GeneMoody-Action1,KirillKorshunov-Action1"
"PSActiveDirectoryReports","Michael-Free"
"PSAD","zloeber"
"PSAdaptiveCard","erlwes"
"PSAdaptiveCards","MichalGajda"
"PSADAudit","minio"
"PSAdbHelper","Tuncle"
"PsAdbScreenCap","HyundongHwang"
"PSADCSToolkit","nurfed1"
"PSADHealth","mkanakos"
"PSAdoNet","pimbrouwers"
"PSADSync","adamtheautomator"
"PSAdSyncTool","pscoursedemos"
"PsAdToolkit","zimbeo"
"PSADTree","santisq"
"PSADUserSession","nihalprasad"
"PSAdvancedJsonCmdlet","mkht"
"PSAdvancedShortcut","crookm"
"PSAdvantage","DougFinke"
"PSAdx","scott-epperly"
"PSAES","MichalGajda"
"PSAgentGraphQL","RamyaDhanushkodi"
"PSAI","DougFinke"
"PSAIAgent","DougFinke"
"PSAircall","RomainTiennot"
"PSAirTable","adamtheautomator"
"PSAISuite","DougFinke"
"psake","dlwyatt,devblackops,psake,gep13,HeyItsGilbert"
"PSAksDeployment","MathieuBuisson"
"PSAlphaFS","KReddy"
"PSAlternativeRemoting","thomas-illiet"
"psansible.inventory","stephanevg"
"PSAnsibleCmdline","freddie.sackur"
"PSAnsibleControlNode","claudiospizzi"
"PSAnsibleHelperFunctions4Linux","weiyen.tan"
"PSAOAI","Voytas"
"PSApi","NotNotWrongUsually"
"PSAPIClient","Tommy"
"PSAPify","HarrisonA"
"PSApigeeEdge","DPChiesa"
"PSAppDeployToolkit","sintaxasn"
"PSAppDeployToolkit.WinGet","mjr4077au"
"PSAppInsights","Jos.Verlinde"
"PSAppInsightsFix","asikorski"
"PSApprendaApi","npitt"
"PSAppVeyor","dotps1"
"PSAppwrite_client","WeHasInternet"
"psaptgetupdate","iricigor"
"PSArangoDB","mojoaar"
"PSArchiveItemByDate","kumarstack55"
"PsArchTools","abbgrade"
"PSArtifactory","rhysjtevans"
"PSaru.Management","big-data-for-humans"
"PSaru.Security","big-data-for-humans"
"PsAsbUtils","vlariono"
"psAsciiArt","psdevuk"
"PSAsigraDSClient","McGlovin"
"PSAtera","davejlong"
"PSAttck","joshswimlane"
"PSAudio","Jaykul"
"PSAuth","dscottraynsford"
"PSAuthClient","alf.lokken"
"PSAuthoring","PineNeedles"
"PSAutoLab","JeffHicks"
"PSAutomaiSuite","ljeffries_automai"
"PSAutomator","Przemyslaw.Klys"
"PSAvalonia","adamdriscoll"
"psaws","davidobrien"
"PSAYX","FlorianCarrier"
"psAzD","hkarthik7"
"psazdevtestlabs","adamtheautomator"
"PSAzureAppConfiguration","michielthai"
"PsAzureCli","DougBW"
"PSAzureDatabricks","drew.furgiuele"
"PsAzureDevOps","mmanela"
"PSAzureMigrationAdvisor","Fred"
"PSAzurePipelinesCITemplate","jborean93"
"PSAzureQueue","trevor"
"PSAzureSecurityAssessment","spaelling"
"PSAzureSignTool","danswolfe"
"PSAzureToolkit","RupertBenrook"
"PSAzureUtils","jhodges8"
"PSAzureVirtualDesktop","LaurentVanAcker"
"PSBackup","thbarratt"
"PsBackupUtil","ZarehD"
"PsBamboo","muratiakos"
"psbanky","RodCordeiro"
"PSBanner","stknohg"
"PSBashCompletions","tillig"
"PSBasicInfo","vlariono"
"psbbix","yubu"
"PSBG","ryanjan"
"PSBicepApiManagement","DANIFRAN"
"PSBicepGraph","Andrey.Vernigora"
"PSBicepParser","DANIFRAN"
"PSBingSearch","pwasonga"
"psBlackberryUEM","phillip.marshall"
"PSBlackboard","jacks3m"
"PSBlackListChecker","Przemyslaw.Klys"
"PSBlogger","bryanbcook"
"PSBlueSky","JeffHicks"
"PSBoinc","chausner"
"PSBolts","maoizm"
"PSBookmark","Ravikanth"
"psboot","jpsider"
"PsBootstrapCss","IMJLA"
"PSBow","TYamanaka"
"PSBoxCLI","cloudhal"
"PSBrewerwall","dotps1"
"PSBrowserBookmarks","it-pro-berlin.de"
"PSBuild","gogbg"
"PSBuilder","finarfin"
"PSBuildkite","felixfbecker"
"PSBuildModule","Adicitus"
"PSBuildSecrets","synax"
"PsBuildTasks","abbgrade"
"PSBusinessPlusERP","zbirge"
"PSBusinessTime","codaamok"
"PSc.CloudDNS","joshwright10"
"PSc8y","reuben.d.miller"
"PSCache","IISResetMe"
"PSCal","i.edrisian"
"psCalc","earthdiver1"
"PSCalendar","JeffHicks"
"PSCalendarific","Ravikanth"
"psCallEmAll","joshn-whatcomtrans.net"
"PSCallTrace","Romero126"
"psCandy","Yves848"
"PSCCMClient","CodyMathis123"
"pscdp","Andrey.Vernigora"
"PSCertificateEnrollment","UweGradenegger"
"PSCerts","syntax-tm"
"PSCertUtils","DimeOne"
"PSChart","PowerCode"
"PsChat","boeegh"
"PSChatBot","MichalGajda"
"psCheckPoint","tkoopman"
"PSChia","MrPig91"
"PSChiaPlotter","MrPig91"
"PSChickfilA","matthewjdegarmo"
"PSChipotle","matthewjdegarmo"
"PSChocoConfig","steviecoaster"
"PSChristmas","JeffHicks"
"PSChromeCli","JhonnyBravo"
"PSChromeExtension","nihalprasad"
"PSChromeProfile","gordonbondon"
"PSCI","ObjectivityLtd"
"PSCircuit","E3k"
"PSCiscoMeraki","BanterBoy"
"PSCiscoSMA","brice"
"PSCiscoSupportAPIs","ralish"
"PSCitrix","eswaras"
"PSCitrixLicensing","eswaras"
"PSCitrixPowerBi","eswaras"
"PSClass","Badgerati"
"PSClassToolsBD09","BrentD09"
"PSClassUtils","stephanevg"
"PSClearHost","jimbrig"
"PSClip","ecsousa"
"PSClock","JeffHicks"
"PSCloudberryAPI","techinaflash"
"PSCloudConnect","KevinBlumenfeld"
"PSCloudFlare","zloeber"
"PSCloudFormation","fireflycons"
"PSCloudFormation.netcore","fireflycons"
"PSCloudinairy","adamtheautomator"
"PSCloudPC","SDingemanse,NielsKok"
"PSCloudScanner","nazg"
"PSCMake","MarkTSchofield"
"PSCMContentMgmt","codaamok"
"PSCmdManager","adrian1703"
"PSCMSnowflakePatching","codaamok"
"PSCMWin10Language","codaamok"
"PSCO2Signal","RoderickBant"
"PSCode","wtjones"
"PSCodeAgent","DougFinke"
"pscodebeamer","KrzysztofBrandowski"
"PSCodeCovIo","felixfbecker"
"PSCodeDemo","PowerCode"
"PSCodeHealth","MathieuBuisson"
"pscognitiveservice","PrateekSingh"
"PsCoinMarketCap","jorgeasaurus"
"PSColor","Davlind"
"PSColorizer","2CHEVSKII"
"PSColors","ecsousa"
"PSColorText","MartinSGill"
"PSComData","FingerhutAsCode"
"PsCommandDiscovery","ISESteroids"
"PSCommander","adamdriscoll"
"PSCommander.Extensions","adamdriscoll"
"PSCommonCore","Freezal"
"PSCommonFunction","pkparsard"
"PSCommonSql","gpduck"
"PSCommonSql.Sqlite","gpduck"
"PSCompareHash","True-Kalichuza"
"PsComplete","aciq"
"PSCompletions","abgox"
"PSCompliance","KevinBlumenfeld"
"PSCompressArchiveWithPassword","kumarstack55"
"PSCompression","santisq"
"PSComputerManagementZp","Little-Train"
"PSConcurrent","sharpjs"
"PSConfDrive","Ravikanth"
"PSConfEU","SQLDBAWithABeard"
"PSConfEUDemo","Ba4bes"
"PSConfig","platta"
"PSConfig.Crescendo","dennisl68,PwrKjll"
"PSConfigFile","smitpi"
"PsConfluence","lipkau"
"PSConfTris","AndreasNick,Andreas.Nick"
"psConjur","InfamousJoeG"
"psConnecttoExchange","phillip.marshall"
"PSConsoleTheme","mmims"
"PSConsumerPipeline","JonathanMacCollum"
"PSCopilot","pranjalsaxena"
"PSCopyFileEx","LordBubbles"
"PSCoreAppInsights","tommagumma"
"PSCoreApplicationInsights","Leon_Boers"
"PSCoreUpdate","stknohg"
"PSCoreWindowsCompat","MarkEKraus"
"PSCortex","lahell"
"PsCosmos","abbgrade"
"PSCouchDB","MatteoGuadrini"
"PSCoverage","OCram85"
"PSCoveralls","Badgerati"
"PSCOVID-19","ephos"
"PSCovid19Stats","BanterBoy"
"PsCraft","chadnpc"
"PSCreateADForest","Michael-Free"
"pscred","Seab4ss"
"PSCredential","PSModule.io"
"pscredentialmanager","adamtheautomator"
"PSCredentialStore","OCram85"
"PSCredentialTools","MikeLacher"
"PSCredMan","MichalGajda"
"PSCreds","gg-chrisd"
"PSCredVault","chisho21"
"PScribo","iainbrighton"
"PScriboCharts","iainbrighton"
"PSCSharpInvoker","jborean93"
"PSCsvUtil","santisq"
"PSCUCM","CorBob"
"PSCustomDrives","ecsousa"
"PSCustomObject","PSModule.io"
"PSCVSS","MSAdministrator"
"Pscx","r_keith_hill,x0n"
"PsDac","abbgrade"
"PSDaikin","hannespalmquist"
"PSDarktraceMail","brice"
"PSDashSearch","tyler"
"PSData.ImportUtility","PoorlyExecuted"
"PSDatabaseClone","sanderstad"
"PSDataConduIT","erwindevreugd"
"PsDataFactory","abbgrade"
"PSDataKit","asikorski"
"PSDataSet","hannespalmquist"
"PSDataverse","Rezanid"
"psDateFunctions","MadCrabCyder"
"PSDateManagement","LaurentLienhard"
"PSDates","mdowst"
"PsDaVinci","fstueber"
"PSDB","hkarthik7"
"PSDecode","PrateekSingh"
"PSDefaults","felixfbecker"
"PSDefenderEndpoint","MichalGajda"
"PSDepend","ramblingcookiemonster"
"PSDepend2","Matt2005"
"PSDependHelper","abbgrade"
"PSDeploy","ramblingcookiemonster"
"PSDesiredStateConfiguration","anmenaga,alerickson"
"PSDetour","jborean93"
"PSDev","hannespalmquist"
"PSDeviceVerification","rootitup-pwsh-publishing"
"PSDevOps","Start-Automating"
"PSDevOpsBackup","MichalGajda"
"PSDevSummary","Przemyslaw.Klys"
"PSDevtools","gsej"
"PsDfs","IMJLA"
"PSDiagramGenerator","conny"
"PSDify","kurokobo"
"PSDigitalOcean","itamartz"
"PSDirectoryStack","tayjaybabee"
"PSDirectoryTree","Vikansys"
"PSDirectus","t3hn3rd"
"PSDirTag","wtjones"
"PSDiscord","Przemyslaw.Klys"
"PSDiscordWebHook","ExpendaBubble"
"PSDiscoveryProtocol","lahell"
"PsDiscUtils","jhp"
"PSDiskPart","ramblingcookiemonster"
"PsdKit","nightroman"
"PSDllCompiler","UltraAlex0"
"PSDNSDumpsterAPI","JustinP"
"PSDNStoRoute53","alecompte"
"PSDocBuilder","jborean93"
"psdocker","abbgrade"
"psdockerhub","beatcracker"
"PsDockerMermaid","abbgrade"
"PSDocs","BernieWhite"
"PSDocs.Azure","BernieWhite"
"PSDocs.Dsc","BernieWhite"
"PSDocsGenerator","akotu"
"PSDODownloader","pl4nty"
"PSDoFramework","andy192700"
"PSDokuWiki","AndyDLP"
"PsDos.OktaSDK","tyler.cline"
"PSDotEnv","tinnguyen121221"
"PSDotFiles","ralish"
"PSDotLiquid","colin_xia"
"PsDownload","DanGough"
"PSDownloader","LordBubbles"
"PSDownr","MightyB"
"PSDPA","TheTechRunner"
"PSDracoon","Philip_Lorenz_LearningIT"
"PsDrawIO","Lime-TeGek"
"PSDSC","GijsReijn"
"PSDscResources","PowerShellTeam"
"PSDsHook","gngrNinja"
"PSDT.App","codecraft.team"
"PSDT.AppVeyor","codecraft.team"
"PSDT.Http","codecraft.team"
"PSDT.Location","codecraft.team"
"PSDT.Tfs","codecraft.team"
"PSDT.VisualStudio","codecraft.team"
"PSDtx","rhysjtevans"
"PSDuckDB","DougFinke"
"PSDummy","equelin"
"PSDuo","rcfmartin"
"PSDupes","psdevuk"
"PSDurableFunctions","tommagumma"
"PSDxExpeditions","PA1REG"
"PSDynamicSecurityGroups","JustinP"
"PSDynamoDB","ThePoShWolf"
"PSEasy.Module","o-o00o-o"
"PSEasy.Utility","o-o00o-o"
"PSEasyLog","mnadobnik"
"PSEasyOpenSSH","Michael-Free"
"PSEcho","BHH"
"PSEdgeKeywords","jimbrig"
"psedit","adamdriscoll"
"PSElastic","inammathe"
"pselasticsearch","WeHasInternet"
"PSelect","cdhunt"
"PSElection","TheLazyAdministrator"
"PSElectricityMaps","RoderickBant"
"PSElvUI","gngrNinja"
"PSEmailRep","arnydo"
"PSEmby","ThePoShWolf"
"PSEmoji","felipesix"
"PsEnbrea","fstueber"
"PSEncrypt","Fred"
"psengine.azure.tables","OzThe2"
"psengine.file.management","OzThe2"
"psengine.graphapi.management","OzThe2"
"psengine.module.management","OzThe2"
"psengine.registry.management","OzThe2"
"psengine.scheduledtask.management","OzThe2"
"psengine.shortcut.management","OzThe2"
"PSEnvironment","MartinSGill"
"PSEpoch","griff.systems"
"PSessionize","PalmEmanuel"
"PSEtw","jborean93"
"psetwquery","Andrey.Vernigora"
"PSeudo","jfhbrook"
"PSEventViewer","Przemyslaw.Klys"
"PSEverything","PowerCode"
"PSEWS.Api","MichalGajda"
"PSExcel","ramblingcookiemonster"
"psexec","replicaJunction"
"PSExpandLine","nmbell"
"PSExporter","hektop"
"PSF","danstis"
"PSFabricTools","jpomfret"
"PSFalcon","bkremian"
"PsFCIV","CryptoGuy,Crypt32"
"PSFeedHandler","Voytas"
"psFifteen","psFifteen"
"PSFileId","samueldc"
"PSFilelist","bahaula"
"psFilesCli","victormaso"
"PSFileTransfer","Raimund,AutomatedLabTeam"
"PSFirebird","fdcastel"
"PSFirefoxCli","JhonnyBravo"
"psFitb1t","CollinChaffin"
"psFitbit","CollinChaffin"
"PSFits","sebgod"
"PSFive9Admin","sqone2"
"PSFlexPool","MrPig91"
"PSFlowChart","LxLeChat"
"PSFlurl","vercellone"
"PSFolderSize","gngrNinja"
"PSFormatDeepString","kimbirkelund"
"PSFPL","sk82jack"
"PSFPLInfo","CWilkinson"
"PSFramework","FWN"
"PSFramework.NuGet","FWN"
"PSFrameworkDsc","Fred"
"PSFRedirect","dennisl68"
"PSFront","codaamok"
"PSFSTools","MatteoGuadrini"
"PSFTP","MichalGajda"
"PSFunctionExplorer","LxLeChat"
"PSFunctionInfo","JeffHicks"
"PSFunctionTools","JeffHicks"
"PSFusionSuite","LaurentLienhard"
"PSFuzzySearch","DougFinke"
"PSFzf","MichaelKelley"
"PSFzfHistory","kachick"
"PSGallery-Test","vMarkus_K"
"PSGalleryDemo","jeffbrowntech"
"PSGalleryExplorer","jakewmorrison"
"PSGalleryModule","LxLeChat"
"PSGalleryStats","andysvints"
"PSGameOfLife","krymtkts"
"PSGC","Callidus2000,callidus2001"
"PSGdriveManager","JhonnyBravo"
"PSGELF","73challenger"
"PSGemini","rhymeswithmogul"
"PSGerickeUtil","SGericke"
"PSGetInternal","HaagP"
"PSGhost","adamtheautomator"
"PSGhostWriter","UweGradenegger"
"psgigr","PSGIIGR"
"PSGISP","psgisp"
"PSGISP.ActiveDirectory","psgisp"
"PSGISP.MicrosoftGraph","psgisp"
"PSGISP.Tools","psgisp"
"PSGist","dotps1"
"PSGistIT","DougFinke"
"PSGistManager","piggah"
"PSGit","Jaykul"
"PSGitAlias","Tuncle"
"PSGitAliases","Joaquin6"
"PSGitChangeLog","michielthai"
"PSGitCompletions","PowerCode"
"PSGitDotfiles","ajoberstar"
"PSGitflow.Workflow","artyom-krot"
"PSGitHub","pcgeek86,trevor,felixfbecker"
"PSGitHubChat","DougFinke"
"PSGitHubGist","mnadobnik"
"PsGitHubOrgMap","PeterVandivier"
"PSGithubSearch","MathieuBuisson"
"PSGitHubStats","stevelee"
"PSGithubUtils","rootitup-pwsh-publishing"
"psgitio","Ravikanth"
"PSGitLab","ngetchell"
"PsGitScript","redcoreit"
"PsGitShortcuts","DaveSenn"
"PSGitUtils","capdiem"
"PSGlaryManager","JhonnyBravo"
"PSGlimpsMalware","brice"
"PSGlobalEntry","TheLazyAdministrator"
"PSGnuwin32","ecsousa"
"PsGoogle","gordy"
"PSGopher","rhymeswithmogul"
"PSGPPreferences","exchange12rocks"
"psgpt","evgreg"
"PSGradleManager","JhonnyBravo"
"PSGrafana","steviecoaster"
"PSGraph","KevinMarquette"
"PSGraphite","stefanes,stefanes-powershell"
"psgraphitemetrics","adrian.andersson"
"PSGraphPlus","KevinMarquette"
"PSGraphQL","anthonyg-1"
"PSGraylog","AlexAsplund"
"PSGremlin","jasonchester"
"PSGridCoin","MrPig91"
"PSGSuite","nferrell,jgeron-suhsd"
"PSGuard","mlisbao"
"PSGubbins","philccarney"
"PSGUI","David_das_Neves"
"PSGUIHelper","Gaspack"
"PSGumshoe","cperez"
"PSGzip","Fei1Yang"
"psh","pmattheew"
"PSHacktoberFest","Przemyslaw.Klys"
"PSHangMan","elarsson"
"PSHardwareMonitor","Tommy"
"PSHash","trevor"
"PshConfigMan","jscarrott"
"PSHDHomeRun","RobertBiddle"
"PSHealthchecksIO","Deosrc"
"PSHealthZ","devblackops"
"PShell-AI","DougFinke"
"PShellLogging","Freezal"
"PSHelloID","roeleverink"
"PSHelp.Copilot","chrissylemaire"
"PSHelper","gogbg"
"PSHelperTools","KevinHoltkamp"
"PSHelpFunctions","rekan"
"PsHg","pshdo"
"PSHipChat","markwragg"
"PSHistory","cezarypiatek"
"pshonolulu","KevinMarquette"
"PsHosts","richardszalay"
"PSHTML","stephanevg"
"pshtmltable","ramblingcookiemonster"
"PSHTMLTools","Martin9700"
"PSHuntress","joshuabennett"
"PSHVTag","SasStu"
"PSHyperVTemplate","DawidProwadzisz"
"PSHyperVTools","JeffHicks"
"psidoit","Backbone2k"
"PSIdoitNG","Danubie"
"psievm","camalot"
"PSIGEL","falkheiland"
"PSIISCrypto","BanterBoy"
"PSIISHelper","matthewjdegarmo"
"PSImageToText","DougFinke"
"PSImmich","hannespalmquist"
"PsImport","chadnpc"
"PSInfernal","Fred"
"PsIni","lipkau"
"psInlineProgress","okallstad"
"PSInsight","AllElbows,Damaged.Dingo"
"PSInstall","pdremel"
"PSInstallDependencies","eduardomourar"
"PSInstapush","ChrisCarter"
"PSIntegrity","jborean93"
"PSInternetConnectionSharing","loxia_01"
"psIntune","skatterbrainz"
"PSIntuneAppWin","dylanm"
"PSIntuneAuth","NickolajA"
"PsIoT-HT16K33","Tinker"
"PSIoTDevice","Agazoth"
"psipnet","qxsch"
"PsiPS.AzureAutomation","PsiBit"
"PSISDevToolkit","tayjaybabee"
"PSISE_Addons","kilasuit"
"PsISEProjectExplorer","mgr32"
"PSISEToggleOutliningAddon","Matticusau"
"PSItems","Eizedev"
"PSItSupport","LaurentLienhard"
"psjamf","chisho21"
"PSJekyll","Start-Automating"
"PSJet","yveslaurentcreton"
"PSJira","replicaJunction"
"PSJiraAPI","MichalGajda"
"PSJobCanAttendance","krymtkts"
"PSJobLogger","neflyte"
"PSJotForm","adamtheautomator"
"PSJsonCredential","JeffHicks"
"PsJsonQuery","andrewopem"
"PSJsonWebToken","anthonyg-1"
"PSJukebox","FWN"
"PSJumpStart","jgo"
"PSJunction","Mattias_Cedervall"
"PSJwt","sstranger"
"PSJWTToken","MichalGajda"
"psk8s","cdhunt"
"pskafka","dm3ll3n,fresh2dev"
"PSKantan","Decimation"
"PSKB4","rcfmartin"
"PSKeepAChangeLog","rdbartram"
"psKeePass","leorzz"
"PSKerb","wiaftrin"
"PSKindleWatch","mdjx"
"PSKit","DougFinke"
"PSKoans","ta11ow"
"PsKrane","stephanevg"
"pskube","jrich523"
"PSKubeContext","ptrstpp950"
"PSKubectl","felixfbecker"
"PSKubectlCompletion","mziyabo"
"PSKubeCtx","Brant"
"PSKubernetesSecretsManagement","anthonyg-1"
"PSLambda","SeeminglyScience"
"PsLANDesk","Kreloc"
"PSLANScan","mdjx"
"PSLansweeper","Przemyslaw.Klys"
"PSLastPass","ScottEvtuch"
"PSLauncher","smitpi"
"PSLDAPQueryLogging","ramblingcookiemonster"
"PSLeanKit","SamMartin"
"PSLeap","szeraax"
"PSLegoEV3WindowsPowerShell","JakobGSvendsen"
"PSLibPhoneNumber","chr1sn3al"
"PSLicense","KevinBlumenfeld"
"PSlickPSlack","mgeorgebrown89"
"pslint","dreadytofat"
"PSLinux","eswaras"
"PSLinuxUtils","NanaLakshmanan"
"PSLiteDB","KReddy"
"PSLive-DL","Still"
"PSLLM","rmnjng"
"PSLoadModule","BenniLPedersen"
"PSLocalGallery","thbarratt"
"PSLocationHistory","tahir-hassan"
"PSLocationTrigger","RobertoRojas"
"PSLockScreenSlideShow","Flittermelint"
"PSLog","Raimund,AutomatedLabTeam"
"psLogAnalytics","skatterbrainz"
"PSLogAnalyticsWriter","MichalGajda"
"PsLogFormater","aleresche"
"Pslogg","OneEyedSi"
"PSLogger","bcdady"
"PSLogging","9to5IT"
"PSLoggingFunctions","rekan"
"PsLogicAppExtractor","splaxi"
"PSLoginEnterprise","lvsi-leeej84"
"PsLogLite","leojackson"
"PsLogMessage","IMJLA"
"PSLogParser","psdevuk"
"PSLogs","hannespalmquist"
"PSLoki","stefanes,stefanes-powershell"
"PSM365Security","MichalGajda"
"PSmacmon","falkheiland"
"PSmacOS","charlieschmidt"
"psmagauthorkit","Ravikanth"
"PSMaintenanceMode","StefanRoth"
"PSMake","38ES"
"PSManageService","Przemyslaw.Klys"
"PSMarkdig","gogbg"
"PSMarkdown","ishu3101"
"PSMarvel","vmsilvamolina"
"PSMatcher","DougFinke"
"psmath","horker"
"PSMCP","DougFinke"
"PSMD","bateskevin"
"Psmd.Bootstrap","Fred"
"PSMD.OpenAI","Fred"
"PSMDATP","AlexVerboon"
"PSMDE","janhenrik"
"PSMekBuilder","MarkEKraus"
"PSMemory","wonderboy"
"PSMenu","Sebazzz"
"PSMeraki","sanderkl"
"PSMermaid","gogbg"
"PsMermaidTools","abbgrade"
"PSMetrics","Start-Automating"
"PSMetrolink","philccarney"
"PSMFAttendance","krymtkts"
"PSMimecast","MrPig91"
"PSMimeTypes","t3hn3rd"
"PSMindMeister","adamtheautomator"
"PSMinifier","Start-Automating"
"PSMinIO","GraceSolutions"
"PSMISP","MichalGajda"
"PSMitrend","equelin"
"PSMockModule","theohbrothers"
"PSModule","trevor"
"PsModuleBase","chadnpc"
"PSModuleBuild","Martin9700"
"PSModuleBuilder","trey_hayden"
"PSModuleBuildHelper","pauby"
"PSModuleDevelopment","FWN"
"PSModuleDevTool","empyrealtear"
"PsModuleManagement","Morten_Knudsen"
"PSModuleManager","mnadobnik"
"PSModuleOverview","halbarad"
"PSModulePublisher","theohbrothers"
"PSModuleSample","lazywinadm"
"PSModulesDsc","kingsleyck"
"PSModuleTemplate","atorrest"
"PSModuleUtils","thisJUSTin816"
"psmoneto","RodCordeiro"
"PSMotd","HeyItsGilbert"
"PSMountvol","mrmonaghan"
"psmovihd","jan.wroblewski"
"PSMPSession","pspete"
"PSMPyTools","Flittermelint"
"PSMQTT","hannespalmquist"
"PSmRemoteNG","realslacker"
"PSMSAL","MichalGajda"
"PSMSALNet","ScomNewbie"
"PSMSBuildHelper","Scordo"
"psmsgraph","MarkEKraus"
"PSMSI","adamdriscoll"
"PSMSOAuth","vinod"
"PSMultiLog","platta"
"PSMultiLogPlus","dougpuob"
"PSMultipartFormData","t3hn3rd"
"PSMustache","SaPl"
"PSMWUpdater","CXuesong"
"PSMyClaims","MichalGajda"
"PSMyPassword","Przemyslaw.Klys"
"psNakivo","we-mi"
"PSNamedPipe","MSAdministrator"
"PSNative","Fred"
"PSNativeCmdDevKit","dsccommunity"
"PSNavigation","thbarratt"
"PSNba","milner16"
"PSNeo4j","ramblingcookiemonster"
"PSNetAddressing","mdjx"
"psNetBox","LoganRan"
"PSNetboxFunctions","rekan"
"PsNetSapiens","Lime-TeGek"
"PSNetScanners","santisq"
"psNetSpell","psdevuk"
"PsNetTools","tinuwalther"
"PSNetworking","i.edrisian"
"PSNewRelic","nferrell"
"psNewsHeadlines","psdevuk"
"PSNexosisClient","m0nty"
"psNGENposh","CollinChaffin"
"PSNHLHockey","afink"
"PSNimbus","DocNougat"
"PSNixOS","griff.systems"
"PSNLog","MKoster"
"PSnmap","joakimbs"
"PSNodeJSManager","JhonnyBravo"
"psnotebook","horker"
"PSNotes","mdowst"
"psnotification","splaxi"
"PSNotify","apteco_fvb"
"PSNotifySend","tyler"
"PSNotion","PoshlandPRO"
"PSNovusTools","acj1971"
"PSNow","JMcCraeUS"
"PsNSwagCodeGenerationCSharp","colin_xia"
"psNSXT","alagoutte"
"PsNtfs","IMJLA"
"PSNVIDIA.DLS","erikgraa"
"PSNVIDIA.NLS","erikgraa"
"PSoAuth","apteco_fvb"
"PSOAuthExplorer","m1ntax"
"PSOAuthHelper","splaxi"
"PSObjectifier","matt.hamende"
"PSObjectInspector","DollarD"
"PSObjectTools","wethreetrees"
"PsOcr","ISESteroids"
"PSOD","antonyoni"
"PsoDownloader","ISESteroids"
"PSOfflineFOD","altCipher"
"PSOkta","adrwh"
"PSOM","heilfeli"
"PSOME","JustinGrote"
"PsOmsa","JustinGrote"
"PSOnebyte","SimonBuckner"
"PSOnePassword-SDK","StevieKnight"
"PSOneTools","ISESteroids"
"PSOpen","felixfbecker"
"PSOpenAD","jborean93"
"PSOpenAI","mkht"
"PSOpenAPITools","wing328"
"PSOpenEdge115","MightyB"
"PSOpenEdge117","MightyB"
"PSOpenEdge121","MightyB"
"PSOpenFiles","YannickGagne"
"PSOpenVAS","jamesfed"
"PsoProgressButton","ISESteroids"
"PSOracleQuery","paddycull"
"PSOraenv","lkfowler"
"PSOutLog","towhereim"
"PSOverheidIO","jeffreytigch"
"PSP-AzureInventory","powershellpr0mpt"
"PSP-Inventory","powershellpr0mpt"
"PSP-MSGraph","powershellpr0mpt"
"PSP-Office365","powershellpr0mpt"
"PSPackage","dylanm"
"PSPackageMan","smitpi"
"PSPackageProject","Travis,TravisEz13-MSFT"
"PSPagerDuty","ramblingcookiemonster"
"PSParallel","PowerCode"
"PSParallelPipeline","santisq"
"PSparklines","endowdly"
"PSParquet","Agazoth"
"PSParseHTML","Przemyslaw.Klys"
"psparseini","PowerPCFan"
"psPAS","pspete"
"PsPassManager","Kob"
"PSPassPhrase","mc1903"
"PSPasswordExpiryNotifications","Przemyslaw.Klys"
"PSPasswordGen","telitas"
"PSPasswordGenerator","rhymeswithmogul"
"PSPasswordly","dotpwsh"
"PSPasswordWolf","BanterBoy"
"PSPatchManager","Pimzino"
"PSPath","ecsousa"
"PSPathfinder","falkheiland"
"pspda","RodCordeiro"
"PsPdf","davidshomelab"
"PSPDFGen","ThePoShWolf"
"PSPDQ","CalebBartle"
"PSPersianCalendar","i.edrisian"
"PSPersonio","AndiBellstedt"
"PSPesterTest","tao.yang"
"pspestertesthelpers","pauby"
"PSPetstoreDemo","wing328"
"PSPGP","Przemyslaw.Klys"
"PSPHPIPAM","yoke88"
"PSPhrase","grey0ut"
"PSPipe","WilTaylor"
"PSPivotTable","JeffHicks"
"PSPKI","CryptoGuy,Crypt32"
"psplaceholders","gogbg"
"PSPleasant","roeleverink"
"PSPlex","robinmalik"
"PSPlus","r12f"
"PSPlus.Tfs","r12f"
"pspm","mkht"
"PSPMP","josephmcevoy"
"PSPocs","wbrandenburger"
"PSPodcast","JeffHicks"
"PSPolly","adamdriscoll"
"PSPortainer","hannespalmquist"
"PSPoshDad","PSTanner"
"PSPostgres","chrissylemaire"
"pspostman","adamtheautomator"
"PSPowerAdminTasks","LaurentLienhard"
"PsPowerBi","abbgrade"
"PSPowerBITools","sanderstad"
"PSPowercfg","Jersi"
"psPowerPlan","skatterbrainz"
"PSPredictor","wangkanai"
"PSPrefix","sharpjs"
"PSPrettifier","Start-Automating"
"PSPreworkout","SamErde"
"PSPrimusQuery","Petri"
"psprivilege","jborean93"
"PSProductivityTools","JanEgilRing,StaleHansen"
"PSProfile","nferrell"
"PSProfile-Tools","mbeCloud"
"PSProfileManager","True-Kalichuza"
"PSProfileMigrationAssistant","eswaras"
"PSProfiler","IISResetMe"
"PSProfileSauce","villasv"
"PSProgress","DanielPotter"
"PsProgressTimer","12ToneTech"
"psProjectGenerator","hkarthik7"
"PSProjectStatus","JeffHicks"
"PSPromFile","stephanevg"
"PSPrompt","fatherjack"
"PSProofpoint","Midnigh7"
"PSProse","DougFinke"
"PSProxmox","GraceSolutions"
"psprtg","SamMartin,markwragg"
"PSPsat","regg00"
"pspubg","mgjohansen"
"PSPublicAPI","Ravikanth"
"PSPublishHelper","MarkEKraus"
"PSPublishModule","Przemyslaw.Klys"
"pspublishmusabii","musabii"
"PSPulsewayManager","Przemyslaw.Klys"
"PSPulumi","DougFinke"
"pspulumiyaml","Worxspace"
"pspulumiyaml.azurenative","Worxspace"
"pspulumiyaml.azurenative.addons","Worxspace"
"pspulumiyaml.azurenative.advisor","Worxspace"
"pspulumiyaml.azurenative.agfoodplatform","Worxspace"
"pspulumiyaml.azurenative.alertsmanagement","Worxspace"
"pspulumiyaml.azurenative.analysisservices","Worxspace"
"pspulumiyaml.azurenative.apimanagement","Worxspace"
"pspulumiyaml.azurenative.app","Worxspace"
"pspulumiyaml.azurenative.appconfiguration","Worxspace"
"pspulumiyaml.azurenative.appplatform","Worxspace"
"pspulumiyaml.azurenative.attestation","Worxspace"
"pspulumiyaml.azurenative.authorization","Worxspace"
"pspulumiyaml.azurenative.automanage","Worxspace"
"pspulumiyaml.azurenative.automation","Worxspace"
"pspulumiyaml.azurenative.autonomousdevelopmentplatform","Worxspace"
"pspulumiyaml.azurenative.avs","Worxspace"
"pspulumiyaml.azurenative.azureactivedirectory","Worxspace"
"pspulumiyaml.azurenative.azurearcdata","Worxspace"
"pspulumiyaml.azurenative.azuredata","Worxspace"
"pspulumiyaml.azurenative.azurestack","Worxspace"
"pspulumiyaml.azurenative.azurestackhci","Worxspace"
"pspulumiyaml.azurenative.batch","Worxspace"
"pspulumiyaml.azurenative.billing","Worxspace"
"pspulumiyaml.azurenative.blockchain","Worxspace"
"pspulumiyaml.azurenative.blueprint","Worxspace"
"pspulumiyaml.azurenative.botservice","Worxspace"
"pspulumiyaml.azurenative.cache","Worxspace"
"pspulumiyaml.azurenative.cdn","Worxspace"
"pspulumiyaml.azurenative.certificateregistration","Worxspace"
"pspulumiyaml.azurenative.changeanalysis","Worxspace"
"pspulumiyaml.azurenative.chaos","Worxspace"
"pspulumiyaml.azurenative.cognitiveservices","Worxspace"
"pspulumiyaml.azurenative.communication","Worxspace"
"pspulumiyaml.azurenative.compute","Worxspace"
"pspulumiyaml.azurenative.confidentialledger","Worxspace"
"pspulumiyaml.azurenative.confluent","Worxspace"
"pspulumiyaml.azurenative.connectedvmwarevsphere","Worxspace"
"pspulumiyaml.azurenative.consumption","Worxspace"
"pspulumiyaml.azurenative.containerinstance","Worxspace"
"pspulumiyaml.azurenative.containerregistry","Worxspace"
"pspulumiyaml.azurenative.containerservice","Worxspace"
"pspulumiyaml.azurenative.costmanagement","Worxspace"
"pspulumiyaml.azurenative.customproviders","Worxspace"
"pspulumiyaml.azurenative.dashboard","Worxspace"
"pspulumiyaml.azurenative.databox","Worxspace"
"pspulumiyaml.azurenative.databoxedge","Worxspace"
"pspulumiyaml.azurenative.databricks","Worxspace"
"pspulumiyaml.azurenative.datacatalog","Worxspace"
"pspulumiyaml.azurenative.datadog","Worxspace"
"pspulumiyaml.azurenative.datafactory","Worxspace"
"pspulumiyaml.azurenative.datalakeanalytics","Worxspace"
"pspulumiyaml.azurenative.datalakestore","Worxspace"
"pspulumiyaml.azurenative.datamigration","Worxspace"
"pspulumiyaml.azurenative.dataprotection","Worxspace"
"pspulumiyaml.azurenative.datashare","Worxspace"
"pspulumiyaml.azurenative.dbformariadb","Worxspace"
"pspulumiyaml.azurenative.dbformysql","Worxspace"
"pspulumiyaml.azurenative.dbforpostgresql","Worxspace"
"pspulumiyaml.azurenative.delegatednetwork","Worxspace"
"pspulumiyaml.azurenative.deploymentmanager","Worxspace"
"pspulumiyaml.azurenative.desktopvirtualization","Worxspace"
"pspulumiyaml.azurenative.devhub","Worxspace"
"pspulumiyaml.azurenative.deviceupdate","Worxspace"
"pspulumiyaml.azurenative.devops","Worxspace"
"pspulumiyaml.azurenative.devspaces","Worxspace"
"pspulumiyaml.azurenative.devtestlab","Worxspace"
"pspulumiyaml.azurenative.digitaltwins","Worxspace"
"pspulumiyaml.azurenative.documentdb","Worxspace"
"pspulumiyaml.azurenative.domainregistration","Worxspace"
"pspulumiyaml.azurenative.dynamics365fraudprotection","Worxspace"
"pspulumiyaml.azurenative.edgeorder","Worxspace"
"pspulumiyaml.azurenative.education","Worxspace"
"pspulumiyaml.azurenative.elastic","Worxspace"
"pspulumiyaml.azurenative.elasticsan","Worxspace"
"pspulumiyaml.azurenative.engagementfabric","Worxspace"
"pspulumiyaml.azurenative.enterpriseknowledgegraph","Worxspace"
"pspulumiyaml.azurenative.eventgrid","Worxspace"
"pspulumiyaml.azurenative.eventhub","Worxspace"
"pspulumiyaml.azurenative.extendedlocation","Worxspace"
"pspulumiyaml.azurenative.features","Worxspace"
"pspulumiyaml.azurenative.fluidrelay","Worxspace"
"pspulumiyaml.azurenative.guestconfiguration","Worxspace"
"pspulumiyaml.azurenative.hanaonazure","Worxspace"
"pspulumiyaml.azurenative.hardwaresecuritymodules","Worxspace"
"pspulumiyaml.azurenative.hdinsight","Worxspace"
"pspulumiyaml.azurenative.healthbot","Worxspace"
"pspulumiyaml.azurenative.healthcareapis","Worxspace"
"pspulumiyaml.azurenative.hybridcompute","Worxspace"
"pspulumiyaml.azurenative.hybridconnectivity","Worxspace"
"pspulumiyaml.azurenative.hybriddata","Worxspace"
"pspulumiyaml.azurenative.hybridnetwork","Worxspace"
"pspulumiyaml.azurenative.importexport","Worxspace"
"pspulumiyaml.azurenative.insights","Worxspace"
"pspulumiyaml.azurenative.intune","Worxspace"
"pspulumiyaml.azurenative.iotcentral","Worxspace"
"pspulumiyaml.azurenative.iotsecurity","Worxspace"
"pspulumiyaml.azurenative.keyvault","Worxspace"
"pspulumiyaml.azurenative.kubernetes","Worxspace"
"pspulumiyaml.azurenative.kubernetesconfiguration","Worxspace"
"pspulumiyaml.azurenative.kusto","Worxspace"
"pspulumiyaml.azurenative.labservices","Worxspace"
"pspulumiyaml.azurenative.loadtestservice","Worxspace"
"pspulumiyaml.azurenative.logic","Worxspace"
"pspulumiyaml.azurenative.logz","Worxspace"
"pspulumiyaml.azurenative.m365securityandcompliance","Worxspace"
"pspulumiyaml.azurenative.machinelearning","Worxspace"
"pspulumiyaml.azurenative.machinelearningcompute","Worxspace"
"pspulumiyaml.azurenative.machinelearningexperimentation","Worxspace"
"pspulumiyaml.azurenative.machinelearningservices","Worxspace"
"pspulumiyaml.azurenative.maintenance","Worxspace"
"pspulumiyaml.azurenative.managedidentity","Worxspace"
"pspulumiyaml.azurenative.managednetwork","Worxspace"
"pspulumiyaml.azurenative.managedservices","Worxspace"
"pspulumiyaml.azurenative.management","Worxspace"
"pspulumiyaml.azurenative.managementpartner","Worxspace"
"pspulumiyaml.azurenative.maps","Worxspace"
"pspulumiyaml.azurenative.marketplace","Worxspace"
"pspulumiyaml.azurenative.media","Worxspace"
"pspulumiyaml.azurenative.migrate","Worxspace"
"pspulumiyaml.azurenative.mixedreality","Worxspace"
"pspulumiyaml.azurenative.mobilenetwork","Worxspace"
"pspulumiyaml.azurenative.netapp","Worxspace"
"pspulumiyaml.azurenative.network","Worxspace"
"pspulumiyaml.azurenative.networkfunction","Worxspace"
"pspulumiyaml.azurenative.notificationhubs","Worxspace"
"pspulumiyaml.azurenative.offazure","Worxspace"
"pspulumiyaml.azurenative.openenergyplatform","Worxspace"
"pspulumiyaml.azurenative.operationalinsights","Worxspace"
"pspulumiyaml.azurenative.operationsmanagement","Worxspace"
"pspulumiyaml.azurenative.orbital","Worxspace"
"pspulumiyaml.azurenative.policyinsights","Worxspace"
"pspulumiyaml.azurenative.portal","Worxspace"
"pspulumiyaml.azurenative.powerbi","Worxspace"
"pspulumiyaml.azurenative.powerbidedicated","Worxspace"
"pspulumiyaml.azurenative.powerplatform","Worxspace"
"pspulumiyaml.azurenative.providerhub","Worxspace"
"pspulumiyaml.azurenative.purview","Worxspace"
"pspulumiyaml.azurenative.quantum","Worxspace"
"pspulumiyaml.azurenative.recommendationsservice","Worxspace"
"pspulumiyaml.azurenative.recoveryservices","Worxspace"
"pspulumiyaml.azurenative.redhatopenshift","Worxspace"
"pspulumiyaml.azurenative.relay","Worxspace"
"pspulumiyaml.azurenative.resourceconnector","Worxspace"
"pspulumiyaml.azurenative.resourcegraph","Worxspace"
"pspulumiyaml.azurenative.resources","Worxspace"
"pspulumiyaml.azurenative.scheduler","Worxspace"
"pspulumiyaml.azurenative.scvmm","Worxspace"
"pspulumiyaml.azurenative.search","Worxspace"
"pspulumiyaml.azurenative.security","Worxspace"
"pspulumiyaml.azurenative.securityandcompliance","Worxspace"
"pspulumiyaml.azurenative.securityinsights","Worxspace"
"pspulumiyaml.azurenative.serialconsole","Worxspace"
"pspulumiyaml.azurenative.servicebus","Worxspace"
"pspulumiyaml.azurenative.servicefabric","Worxspace"
"pspulumiyaml.azurenative.servicefabricmesh","Worxspace"
"pspulumiyaml.azurenative.servicelinker","Worxspace"
"pspulumiyaml.azurenative.signalrservice","Worxspace"
"pspulumiyaml.azurenative.softwareplan","Worxspace"
"pspulumiyaml.azurenative.solutions","Worxspace"
"pspulumiyaml.azurenative.sql","Worxspace"
"pspulumiyaml.azurenative.sqlvirtualmachine","Worxspace"
"pspulumiyaml.azurenative.storagecache","Worxspace"
"pspulumiyaml.azurenative.storagepool","Worxspace"
"pspulumiyaml.azurenative.storagesync","Worxspace"
"pspulumiyaml.azurenative.storsimple","Worxspace"
"pspulumiyaml.azurenative.streamanalytics","Worxspace"
"pspulumiyaml.azurenative.subscription","Worxspace"
"pspulumiyaml.azurenative.synapse","Worxspace"
"pspulumiyaml.azurenative.saas","Worxspace"
"pspulumiyaml.azurenative.testbase","Worxspace"
"pspulumiyaml.azurenative.timeseriesinsights","Worxspace"
"pspulumiyaml.azurenative.videoanalyzer","Worxspace"
"pspulumiyaml.azurenative.videoindexer","Worxspace"
"pspulumiyaml.azurenative.virtualmachineimages","Worxspace"
"pspulumiyaml.azurenative.visualstudio","Worxspace"
"pspulumiyaml.azurenative.vmwarecloudsimple","Worxspace"
"pspulumiyaml.azurenative.web","Worxspace"
"pspulumiyaml.azurenative.webpubsub","Worxspace"
"pspulumiyaml.azurenative.windowsesu","Worxspace"
"pspulumiyaml.azurenative.windowsiot","Worxspace"
"pspulumiyaml.azurenative.workloads","Worxspace"
"pspulumiyaml.azurenative.aad","Worxspace"
"pspulumiyaml.azurenative.aadiam","Worxspace"
"PSPuppetDB","ramblingcookiemonster"
"PSPuppetOrchestrator","joeypiccola"
"PSPushover","ngetchell"
"PSPuTTY","trevor"
"PSPuTTYCfg","ralish"
"PSPx","DougFinke"
"PSql","sharpjs"
"PSQualityCheck","andrewrdavidson"
"PSQualityTools","andrewrdavidson"
"PSQueue","hannespalmquist"
"PSQuickGraph","Andrey.Vernigora"
"PSQuizMaster","JeffHicks"
"PSQuotes","MartinPugh"
"PSRabbitMq","ramblingcookiemonster,gpduck"
"PSRabbitMq.Consumer","mrhockeymonkey"
"PSRadarr","robinmalik"
"PSRandomPassword","tofuman"
"PSRandomText","udubnate"
"PSRandomUser","BanterBoy"
"psrAPId","adrian.andersson"
"PSRavenMinerPool","MrPig91"
"PSRAW","MarkEKraus"
"PSReadablePassphrase","MDomansky"
"PSReadExif","nmbell"
"PSReadLine","PowerShellTeam,lzybkr,dongbow"
"PSReadlineHelper","JeffHicks"
"PSReadlineHistory","realslacker"
"PSReadLineVIExtension","Karrakis"
"psrebootnotify","WeHasInternet"
"PSRechenzentrum","PeterM17"
"PSReddit","LukeEvansTech"
"PsRedis","Badgerati"
"PSRedSeal","davidski"
"PSRedstone","VertigoRay"
"PSReEnrollment","MichalGajda"
"PSReflect-Functions","jaredatkinson"
"PSRegistry","MartinGC94"
"PSRelativityAPI","jk-ediscovery-sucks"
"PSReleaser","qawarrior"
"PSReleaseTools","JeffHicks"
"PSReminderLite","JeffHicks"
"PSRemoteDesktop","JeB94"
"PSRemotely","DexterPOSH"
"PSRemoteOperations","JeffHicks"
"PSRequiredModules","JDMSFT"
"PSResourceGet.Bootstrap","JohanLjunggren"
"PSRetry","krowlandson"
"PSRhapsody","AndySimmons"
"PSRiskIQ","bkremian"
"PSRocketLaunch","AndySQ"
"psrod","RodCordeiro"
"PSRotateLog","vlariono"
"PSRouterOS","rcfmartin"
"PSRP","FlorianCarrier"
"PSRT","ramblingcookiemonster"
"PSRTools","abbgrade"
"PSRule","BernieWhite"
"PSRule.Monitor","BernieWhite"
"PSRule.Rules.Azure","BernieWhite"
"PSRule.Rules.AzureDevOps","RoderickBant"
"PSRule.Rules.CAF","BernieWhite"
"PSRule.Rules.GitHub","BernieWhite"
"PSRule.Rules.Kubernetes","BernieWhite"
"PSRule.Rules.MSFT.OSS","BernieWhite"
"PsRunspace","IMJLA"
"PSRunspacedDelegate","tahir-hassan"
"PSRuntimeEnviromentModule","MichalGajda"
"PSRWODBC","pdub103"
"PSRyver","tlindsay42"
"PSSA-PSCustomUseLiteralPath","jborean93"
"PSSailpoint","SailPoint"
"PSSailpoint.Beta","SailPoint"
"PSSailpoint.V2024","SailPoint"
"PSSailpoint.V2025","SailPoint"
"PSSailpoint.V3","SailPoint"
"PSSakuraManager","JhonnyBravo"
"PSSaltApi","mmcelreath"
"PSSaltStackConfig","mmcelreath"
"PSSAToJunit","deadrobot"
"PSScaffold","KarlGWRedeploy"
"psscreenfetch","sstranger"
"psScreenRecorder","adrian.andersson"
"PSScreenshot","BWoodson"
"PSScriptAnalyzer","PowerShellTeam,JamesTruher-MSFT,andschwa"
"PSScriptConfig","AndreasBode"
"PSScriptInfo","hannespalmquist"
"PSScriptlogging","BenniLPedersen"
"PSScriptMenuGui","weebsnore"
"PSScriptMinifier","crypt0lith"
"PSScriptTools","JeffHicks"
"PSSDPAPI","MichalGajda"
"PsSearch","gordy"
"PSSecret","KReddy"
"PSSecretScanner","bjompen"
"PSSelfExtractor","qawarrior"
"PSSemanticVersion","qawarrior"
"PSSemaphore","robinmalik"
"PSSemVer","PSModule.io"
"PSSendGrid","Ba4bes"
"PSSensu","ramblingcookiemonster"
"PSSentinelOneAPI","MichalGajda"
"PSSEPCloud","Doudz"
"PSServerCollectionTools","coateds"
"PSServiceBus","tommagumma"
"PSServiceBusMessenger","MichalGajda"
"PSServiceComm","sebastian.zolg"
"PSServicePrincipal","DaveGoldman"
"PSServU","mraming"
"PSShamir","Conitental"
"PSSharedGoods","Przemyslaw.Klys"
"PSShareFile","adamtheautomator"
"PSShareTru","szeraax"
"PSSharp.PowerShell.FSharpCore","Stroniax"
"PSSharprompt","skint007"
"PSSherpaDesk","ThePoShWolf"
"PSShlink","codaamok"
"PSShortcut","adamtheautomator"
"PSShowFunctions","Yevrag35"
"PSSIM","erijss"
"PSsimpleLogfile","t0rsten"
"PSSimpleLogging","danswolfe"
"PSSimpleUI","motoJinC25"
"PSSiteScraper","theohbrothers"
"PsSkuMon365","junecastillote"
"PSSlack","ramblingcookiemonster"
"PSSlack.BDA","dbprv"
"PSSmartsheet","skywayskase"
"PSSmb","ChrisCarter"
"PsSmo","abbgrade"
"PSSmorgasbord","dfranciscus81"
"PSSNMPAgent","McGlovin"
"PSSnow","Tompiechota"
"PSSodium","tyler"
"PSSoftware","adamtheautomator"
"PSSoltra","bkremian"
"PSSolutions","ClrCoder"
"PSSonarCloud","jon_medd"
"PSSonarr","robinmalik"
"PSSonicWall","mmeseguer"
"PSSophos","rcfmartin"
"PSSort","hannespalmquist"
"PSSourcegraph","felixfbecker"
"PSSourceQuery","startersclan"
"PSSpamTitan","rcfmartin"
"PSSpark","andrewtchilds"
"PSSpeak","DougFinke"
"PSSpecialFolder","BaldCat"
"PSSpeech","tomt"
"PSSpeedTest","mcbobke"
"PSSPI","jborean93"
"PSSplinterlands","MrPig91"
"PSSplunkSearch","MartinPugh"
"PSSpotify","rdbartram"
"PSSpotlight","sassdawe"
"PSSQLBulkCopy","neko3cs"
"PsSqlClient","abbgrade"
"PSSQLConn","jmaccollum-liv"
"PSSQLite","ramblingcookiemonster"
"PsSqlLegacy","abbgrade"
"PsSqlLocalDb","abbgrade"
"PsSqlMermaid","abbgrade"
"PsSqlTestServer","abbgrade"
"PSSQLTools","gwhitson"
"PSSQT","frodesi"
"PSSryliusWrite","selcukcukur"
"PSSSH","SaintSatan69"
"PSSslLookup","Conitental"
"Psst","Cobster"
"Psst.Example","Cobster"
"PSST.Wsp","codecraft.team"
"PSStackExchange","ramblingcookiemonster"
"psstan","horker"
"PSStartUp","jerky676"
"PSStoredCredentials","mmckinnon"
"PSStow","tahir-hassan"
"PSStreamLogger","romandres"
"PSStringScanner","DougFinke"
"PSStringTemplate","SeeminglyScience"
"PSStringToQRCode","erlwes"
"PSStucco","jimbrig"
"PSStyle","sewhee"
"PSSubnetCarver","ChrisMartin"
"PSSubnetCarver.Core","ChrisMartin"
"PSSubnetCarver.WindowsPowerShell","ChrisMartin"
"PSSubnetScan","MichalGajda"
"PSSubnetScanCore","MichalGajda"
"PSSudo","ecsousa"
"PSSummary","PrateekSingh"
"PSSummitDemo","ephos"
"PSSushiBar","stknohg"
"PSSVG","Start-Automating"
"PSSvnBranch","rinrab"
"PSSwagger","PowerShellTeam,manikb,brywang-msft"
"PSSwaggerUtility","PowerShellTeam,manikb,brywang-msft"
"PSSWAPI","ephos"
"PSSymantec","CalebBartle"
"PSSymantecCloud","Doudz"
"PSSymantecSEPM","Doudz"
"PSSympa","jamesfed"
"PSSynergySIS","jdstanberry"
"PSSYSAdm","LaurentLienhard"
"PSSysAdminToolkit","steviecoaster"
"PSSysinfo","Valdearg"
"PsSysPassAPI","Sudman1"
"PSSystemProperties","PSPS"
"PSSysTray","smitpi"
"psTablacus","CollinChaffin"
"PSTableauFiles","asluzh"
"PSTableauREST","asluzh"
"PSTalk","damien.vanrobaeys"
"PSTANSS","AndiBellstedt"
"PSTcpIp","anthonyg-1"
"PSTeable","GraceSolutions"
"PSTeachingTools","JeffHicks"
"PSTeamcity-BuildLog","Rychard"
"PSTeams","Przemyslaw.Klys"
"PSTeamSeas","MrPig91"
"PSTeamViewer","Marcuzzo"
"PSTechReports","albddnbn"
"PSTelegramAPI","mkellerman"
"PSTello","Oechiih"
"PSTemperatureMonitor","ISESteroids"
"PSTemplate","GSGBen"
"PSTemplateEngine","ChrisMagnuson,TervisIT"
"PSTemplateMaker","NJ_Dude"
"PSTemplating","tosoikea"
"PSTemplatizer","MarkJohnson"
"PSTerminal","emhasy"
"PSTerminalServices","Shwaan"
"PSTerraform","synax"
"PSTerraformEnv","druonysus"
"PSTerraformLike","kgkzworld2"
"PSTerraformParser","rdbartram"
"PSTesco","Swarfega"
"PSTestLib","Jimurrito"
"pstestwiniblez","jborean93"
"PSTibber","stefanes,stefanes-powershell"
"PSTimers","JeffHicks"
"PSTimeSheets","shaneis"
"PSTinder","jhill1ingr"
"PSTK","FlorianCarrier"
"PsTodoTxt","pauby"
"PSToggl","clijsters"
"PsTokens","dennypc"
"PSToml","jborean93"
"PSToolbox","carloc"
"pstools","gregzakharov"
"pstools.daikin","hannespalmquist"
"pstools.dataset","hannespalmquist"
"PSTools.File","Cody.K"
"PSTools.Pdf","Cody.K"
"pstools.psscriptinfo","hannespalmquist"
"pstools.queue","hannespalmquist"
"pstools.sortlibrary","hannespalmquist"
"PSTools.Sql","Cody.K"
"PSTools.Utilities","Cody.K"
"PSTopdeskFunctions","rekan"
"PSTouch","tayjaybabee"
"PSTranslate","jhp"
"PSTravis","felixfbecker"
"PSTree","santisq"
"PSTriggerIfttt","DAXaholic"
"psTroubleshootWinRM","phillip.marshall"
"PSTrueCrypt","marckassay"
"PSTruePool","MrPig91"
"PSTruPortal","erwindevreugd"
"psTrustedHosts","JasonBoyd"
"PSTS","1V14713,1V14713_6"
"PSTSM","73challenger"
"PStSQLtTestGenerator","sanderstad"
"PSTwitter","CollinChaffin"
"PSTwitterAPI","mkellerman"
"PSTypeExtensionTools","JeffHicks"
"PSudo","the-mentor"
"PSUnidecode","tosoikea"
"PSUnifi","Przemyslaw.Klys"
"PSUnlock-OfficeProtection","AndrewWayLCA"
"PsUntis","fstueber"
"PSUptimeRobot","nstohlmann"
"PSURLhaus","AlexVerboon"
"PSUrlScanio","sysgoblin"
"PSUsing","santisq"
"PSUtil","FWN"
"PSUtilities","racarb"
"PsUWI","callmepk"
"PSVagrant","pauby"
"PSVagrantCloud","deyjcode"
"PSVault","thordreier"
"PSVBAInternationalize","telitas"
"PSvCloud","adamrushuk"
"PSVersion","JanEgilRing"
"PSVersionCompare","JanEgilRing"
"PSVesmir","russiansmack"
"PSVirtualEnv","wbrandenburger"
"PSVirusTotal","MichalGajda"
"PSVisualCron","Evilcat"
"PSvLIMessage","vMarkus_K"
"PSVMware","CarlosDZRZ"
"PSVmwToolbox","bensiegit"
"PSVSEnv","ecsousa"
"PsVsSolution","abbgrade"
"PSVulnCheck","cmadole"
"PSVVX","zloeber"
"PSWakeOnLAN","NJ_Dude"
"PSWarranty","Lime-TeGek"
"PSWattTime","RoderickBant"
"PSWCMA","ITS-Unibas"
"PsWeather","scottrudy"
"PSWeave","DougFinke"
"PSWeaviateNET","cisterni"
"PSWeb","stephanevg"
"PSWebAccessAuthorization","JeffHicks"
"PSWebConfig","muratiakos"
"PSWebCrawler","Voytas"
"pswebdeploy","adamtheautomator"
"PSWebDriver","qawarrior"
"PsWebexTeams","CalebBartle,MinisculeGirraffe"
"psWeblogic","leorzz"
"PSWebSearch","JMOrbegoso"
"PSWebToolbox","Przemyslaw.Klys"
"PSWebTools","yuusakuri"
"PSWecutil","dotps1"
"PSWF","FlorianCarrier"
"PSWikiClient","CXuesong"
"PSWildFire","brice"
"PSWinBGP","webalex"
"PSWinDocumentation","Przemyslaw.Klys"
"PSWinDocumentation.AD","Przemyslaw.Klys"
"PSWinDocumentation.AWS","Przemyslaw.Klys"
"PSWinDocumentation.AzureHealthService","Przemyslaw.Klys"
"PSWinDocumentation.DNS","Przemyslaw.Klys"
"PSWinDocumentation.Exchange","Przemyslaw.Klys"
"PSWinDocumentation.O365","Przemyslaw.Klys"
"PSWinDocumentation.O365HealthService","Przemyslaw.Klys"
"PSWindowsAdminCenter","Ravikanth"
"PSWindowsDotfiles","JMOrbegoso"
"PSWindowsTerminal","kvprasoon"
"PSWindowsTroubleshooters","jimbrig"
"PSWindowsUpdate","MichalGajda"
"PSWindowSwitcherTool","tulasidas"
"PSWindowUI","eolith"
"PSWinGet","MichalGajda"
"PSWinGlue","ralish"
"PSWinRAR","KevinHoltkamp"
"PSWinReporting","Przemyslaw.Klys"
"PSWinReportingV2","Przemyslaw.Klys"
"pswinsearch","horker"
"PSWinTerminal","sassdawe"
"PSWinUpdate","adamtheautomator"
"PSWinUtil","yuusakuri"
"PSWinVitals","ralish"
"PSWMIRegistry","it-pro-berlin.de"
"pswmitoolkit","IoanPopovici"
"pswms","bhaezlr"
"PSWoL","grey0ut"
"PSWoolworthsRewards","pl4nty"
"PSWord","guido.oliveira"
"PSWordCloud","ta11ow"
"PSWordle","TheLazyAdministrator"
"PSWordModule","KoekeBE"
"PSWordPress","Przemyslaw.Klys"
"PSWordXml","brianaddicks"
"PSWorkItem","JeffHicks"
"PSWorkspaceOneAccess","sdewulf"
"PSWriteColor","Przemyslaw.Klys"
"PSWriteExcel","Przemyslaw.Klys"
"PSWriteHTML","Przemyslaw.Klys"
"psWriteInformationColor","CollinChaffin"
"PSWriteLog","VertigoRay"
"PSWriteOffice","Przemyslaw.Klys"
"PSWritePDF","Przemyslaw.Klys"
"PSWriteWord","Przemyslaw.Klys"
"PSWsl","TylerLeonhardt"
"pswslmanage","david.koenig09"
"PSWSMan","jborean93"
"PSWSUSMigration","reikei"
"PSWsusSpringClean","ralish"
"PSWttr.in","FreeTheWhat"
"PSWunderlist","bahaula"
"Psx","icraftsoftware"
"PSx360Recover","dklynsma-LT"
"PsXdtConfigTransform","vlariono"
"PsXisfReader","JonathanMacCollum"
"PSXLDevTools","jimbrig"
"PSXml","JohanLjunggren"
"PsXmla","abbgrade"
"PSXmlRpcClient","3gbywork"
"PSYahooFinance","daniel0x00"
"PSYamahaMusicCast","mnadobnik"
"PSYamlQuery","DougFinke"
"psyml","bitrut94"
"PSYT","blindpete"
"psyubaba","shortarrow"
"PSZabbix","marcanpilami"
"PSZabbix7","bhaezlr"
"PSZoom","josephmcevoy"
"PTAG","JasonMArcher"
"PubCompletion","vmarcso"
"PublicInstanceTools","TomasBouda"
"PublicIP","PSModule.io"
"PublicIPAddress","jlehto"
"Publish-GitlabPipelines","tskiba"
"Publish.Extensions","alalbers"
"PublishCloudPrinter","mziller,AlperS,iesmat"
"PublishDacPac","drjohnt,jtnn60"
"publishmap","qbik"
"PublishModule","sunnysirohi"
"PublishTestResults","Redgate"
"pubmod","vsingh"
"Pubxml","qbik"
"PUDAdminCenterPrototype","pldmgg"
"Punycode","isudzumi"
"Puppet.Dsc","michaeltlombardi,craigg,jordanbreen28,Puppet.Dsc"
"PuppetBolt","Puppet.Dsc"
"PuppetPowerShell","ShoddyGuard,Brownserve-AutomatedBuild"
"PuppyFriendlySpeculationControl","Chirishman"
"pure-pwsh","ncox"
"PureFBModule","kiwistorageguy"
"PureInvoke","webmd-health-services"
"PureStorage.AzureNative.Tools","hesham,etyukayev,ruzhang"
"PureStorage.CBS.AVS","hesham,jpodlesak_purestorage,ychebanova_purestorage,pturcaj"
"PureStorage.FlashArray.Backup","q-purestorage"
"PureStorage.FlashArray.VMware","codyhosterman"
"PureStorage.FlashArray.VMware.Configuration","codyhosterman"
"PureStorage.FlashArray.VMware.Pure1","codyhosterman"
"PureStorage.FlashArray.VMware.RDM","codyhosterman"
"PureStorage.FlashArray.VMware.Software","codyhosterman"
"PureStorage.FlashArray.VMware.VCF","codyhosterman"
"PureStorage.FlashArray.VMware.VMFS","codyhosterman"
"PureStorage.FlashArray.VMware.VVol","codyhosterman"
"PureStorage.FlashArray.VMware.VVol.Replication","codyhosterman"
"PureStorage.FlashArray.VMware.VVol.SPBM","codyhosterman"
"PureStorage.Pure1","codyhosterman"
"PureStorage.RunCommandWrapper","hesham,jpodlesak_purestorage,pturcaj"
"PureStorage.RunCommandWrapperDebug","hesham"
"PureStorageDbaTools","cadkin"
"PureStoragePowerShellSDK","mnelson-pure,q-purestorage,hesham,amazmy"
"PureStoragePowerShellSDK2","mnelson-pure,q-purestorage,hesham,jpodlesak_purestorage,ychebanova_purestorage,pturcaj"
"PureStoragePowerShellToolkit","mnelson-pure,mikenelsonio,q-purestorage,hesham,amazmy"
"PureStoragePowerShellToolkit.Core","barkz,mnelson-pure"
"PureStoragePowerShellToolkit.DatabaseTools","barkz,mnelson-pure"
"PureStoragePowerShellToolkit.Exchange","barkz,mnelson-pure"
"PureStoragePowerShellToolkit.FlashArray","barkz,mnelson-pure"
"PureStoragePowerShellToolkit.WindowsAdministration","barkz,mnelson-pure"
"Push-Module","mkellerman"
"Pushalot","tiksn"
"PushBullet","itamartz"
"PushOverAndOver","dz3jar"
"PushoverForPS","ChrisCarter"
"PushTeamsMessageUsingIncomingWebhook","pr_prakash78"
"Putty","Prajeesh"
"pwdtasks","jpoehls"
"PWExpireNotification","dpcarroll04"
"PwnedPassCheck","rmbolger"
"PwPoSh","pgarm"
"pwps_cdot","adrian_crowfoot_bentley,Bentley-Systems"
"pwps_dab","Bentley-Systems"
"pwps_dab_remoting","Bentley-Systems"
"pwps_expimpandreports","davebrumbaugh"
"PWPS_PWDM","ZFK"
"PWPS_WSG","ZFK"
"PwrDev","Oscar-Calvo"
"PwrPatch","Oscar-Calvo"
"PwrRazzle","Oscar-Calvo"
"PwrSudo","Oscar-Calvo,OscarCalvo"
"Pws","Partitio"
"pwsh","pmattheew"
"Pwsh-CreateSplatConfigs","Smalls1652"
"pwsh-dotenv","kamiyonanayo"
"pwsh-download-songs","nt4f04uNd"
"pwsh-environment","kamiyonanayo"
"pwsh-GC","matthew-hale"
"pwsh-git-completion","rehnarama"
"pwsh-httpcodes","Tr4p"
"Pwsh-IpScanner","v38armageddon"
"pwsh-neofetch","Sriram-PR"
"Pwsh-Profile","SpringComp"
"Pwsh-Profile-Kamdzy","Kamdzy"
"pwsh-transpiler","cspotcode"
"pwsh.frontmatter","powers-hell"
"PwSh.Fw.Archive","cadegennes"
"PwSh.Fw.BuildHelpers","cadegennes"
"PwSh.Fw.Core","cadegennes"
"PwSh.Fw.Iso","cadegennes"
"PwSh.Fw.Log","cadegennes"
"PwSh.Fw.Network.DHCPv4","cadegennes"
"PwSh.Fw.OS","cadegennes"
"PwSh.Fw.Security","cadegennes"
"PwSh.Fw.Web","cadegennes"
"pwsh51","RichieBzzzt"
"pwshai","NicoAvanzDev"
"pwshake","wild-devops"
"PwshAzContainer","Cyb3rWard0g"
"PwshAzCosmosDB","Cyb3rWard0g"
"pwshBedrock","jakewmorrison"
"pwshCloudCommands","jakewmorrison"
"PwshCode","Norlunn"
"PwshComplete","artiga033"
"pwshEmojiExplorer","jakewmorrison"
"PwshIDandCollabTools","StevieLamb"
"PwshImproveCmd-Basic","Hansong"
"PwshLinkding","kylebavis"
"pwshmisp","Infernux"
"PWSHModule","smitpi"
"PwshPaint","ShaunLawrie"
"PwshPDBSniffer","kkent030315"
"PwshPEChecker","kkent030315"
"pwshPlaces","jakewmorrison"
"pwshrun","lukas.angerer"
"PWSHSchool","bateskevin"
"PwshSpectreConsole","ShaunLawrie"
"PwshSQLiteCmd-Basic","Hansong"
"PwshSyntaxHighlight","ShaunLawrie"
"PwshTyper","ShaunLawrie"
"PwshUnifi","rcfmartin"
"pwshuploadindicatorsapi","Infernux"
"PwshUtils.CheatSheets","gvnadir"
"PwshWebSocketClient","zinhart"
"PxGet","webmd-health-services"
"pXLabs.WindowsUpdateTool","pXLabs"
"py-ps","pyranja"
"pykick","kaminou"
"python-tab-completion","abgo"
"Python3","philip-s"
"PythonPowershellUtilities","max.taggart"
"PythonSelect","mvromer"
"PythonTools","davidwallace80"
"Q-InvokeMg","QuintenDoty"
"Q3Rcon","onyx_online"
"QADHealthcheck","Freezal"
"QAModule","nakulbhargava"
"Qatam-CLI","AnasAlhwid"
"QAToolModule","nakulbhargava"
"qbo4.Infrastructure","quandiscto,KevinFoley"
"QConvergeConsolePowerKit","apps_qlogic"
"QCT-Update-Management","Jim.Lin"
"Qlik-Cli","adamhaydonqlik"
"Qlik-Tools","steveoams"
"QlikNPrinting-CLI","Nillth"
"QlikResources","adamhaydonqlik"
"QlikSenseCLI","Nillth"
"QlikServiceControl","tonikautto"
"QlikView-CLI","Nillth"
"QLogicFastLinQPowerKit","apps_qlogic"
"QlogicInternal","dharmeshpitroda"
"QRCodeGenerator","ISESteroids"
"QrCodes","gpduck"
"QRCodeSt","Markus"
"Qualys.SSLLabs","RyenTang"
"Quamotion.Cloud","qmfrederik,bartsaintgermain"
"Quamotion.PowerShell","qmfrederik,bartsaintgermain"
"QuandlCmdlets","CData"
"QuantaStor.PowerShell","osnexus"
"Quantification","Jasony00"
"Quantum.DMS.PowerShell","SharePointRadi"
"QueryExcel","maxleung"
"QuestADTools","Freezal"
"QuestSoftware.Internal.ODMAD.Dev","binarytreepackagepublisherquest"
"quibble","tiksn"
"QuickAccess","June-10-cloudy"
"QuickArray","MaxAnderson95"
"QuickBaseCmdlets","CData"
"QuickBooksCmdlets","CData"
"QuickBooksOnlineCmdlets","CData"
"QuickBooksPOSCmdlets","CData"
"QuickFixITT","QuickFixITT"
"QuickForms","PinkInk"
"QuickModuleCLI","EdLichtman"
"QuickPasswordGenerator","NJ_Dude"
"quickpath","visschers.m"
"QuickSDN","sbgms"
"QuickSoft","AutomateSilent"
"QuiteShortAliases","binochoi"
"Quixifi","Mimi"
"Qumulo","BeratUlualan"
"Quser.Crescendo","MichielTi"
"QuserObject","VertigoRayUNT,VertigoRay"
"RabbitMQTools","ramblingcookiemonster"
"RackspaceCloudOffice","mlk,paul.trampert.rackspace"
"RadioTagger","Dubois"
"Raindrop.API","alan-null"
"RaiserEdgeNXTCmdlets","CData"
"Raj.AppMonitor","rajrang"
"RallyQuickToolsCli","inTEGraTOR"
"Rancher","NicholasDille"
"RancherOnboarding","cschuchardt"
"RancherPS","cschuchardt"
"RandomData","joakimbs"
"RandomPasswordGenerator","andreilungu"
"RandomUser","Scottd3v"
"Rapid7Nexpose","My-Random-Thoughts"
"RapidClone","wfaguy"
"RapidID","TechLee"
"RAps","CyberArk-Eng"
"Ravello","LucD"
"RavenPowerShell","vtsingaras"
"RCGLoadModule","RCG"
"RCPSGallery","PowerHansO"
"RDCMan","guido.oliveira"
"RdcManager","BrettMiller_IT"
"RDExSessionInfo","it-pro-berlin.de"
"RDG.Deployment.Utils","svanmark"
"RDPCertificate","Yevrag35"
"RdpSession","AndreAHCT"
"RdpToolkit","rhymeswithmogul"
"RdRAI.Powershell","LuisJuarez"
"RdsGw","bgelens"
"RDWebClientManagement","Remote_Desktop_web_client"
"ReachRolloutModules","AttitudePebbles"
"Read-Choice","bdukes,bdukes-engage,bdukes-engage1"
"Read-DbaXEFile","rrobash"
"Read-DHCPLogFiles","drlsdee"
"Read-ExcelFile","Alcapsulator"
"Read-HostTimeout","evanminton"
"Read-OleDbData","royashbrook"
"Read-ValidInput","GSGBen"
"ReadLineWithHistory","andria-dev"
"ReadMsgFile","datenteiler"
"ReadPDF","psdevuk"
"realax-powershell","amellenthin"
"realax-powershell-v7","amellenthin"
"ReallySimpleDatabase","ISESteroids"
"RealmJoin.RunbookHelper","jan.berdel"
"RealTimeKql","namitaprakash,RBiles"
"RealVnc","JustinGrote"
"ReCheck","causer"
"ReckonAccountsHostedCmdlets","CData"
"ReckonCmdlets","CData"
"ReCrutch.Build","s.kabylkin"
"ReCrutch.GitLab","s.kabylkin"
"ReCrutch.Tools","s.kabylkin"
"RED-SharePoint","rcormier_msft"
"RedirectConsoleAppOutput","drlsdee"
"RedisCmdlets","CData"
"RedKite","Redkite"
"redkiteps","simondmorias"
"Redmine.Graph","JonatanRek"
"RedshiftCmdlets","CData"
"Refactor","FWN"
"ReflectCmdlet","aberus"
"Reflection","Jaykul"
"RegardsCitoyenPS","stephanevg"
"RegCli","sangafabrice"
"Regex-Filter","True-Kalichuza"
"Regex-Finder","True-Kalichuza"
"regexComparisonModule","kooties"
"RegionOrebroLan.IO","HansKindberg"
"RegionOrebroLan.Transforming","HansKindberg"
"Register-Completion","aliu"
"Register-WindowsAutopilotDevices","efab9c6f2b4c49578f8e619e27f6b3fb"
"RegistryWizard","Graphixa"
"RejuvenateIT","alexlthornton"
"RelateIT_BC","DEF_RELATEIT,kfc-relateit,KAU_RelateIT"
"RelativeWorkspaceManager-Advance","Hansong"
"RelativeWorkspaceManager-Basic","Hansong"
"RelaxedIT","josy1024"
"RelaxedIT.3rdParty","josy1024"
"RelaxedIT.AzLog","josy1024"
"RelaxedIT.EnergySaver","josy1024"
"RelaxedIT.Tools","josy1024"
"RelaxedIT.Update","josy1024"
"ReleaseIt","LowerKees"
"remANapp","wdatmean"
"Remedy","markwragg"
"Remote_PSRemoting","pcgeek86"
"RemoteAdmins","moizhussain"
"RemoteArchiveDSC","frama-stop"
"RemoteCimRegistry","AlexSidorov"
"RemoteDeployer","muthuk"
"RemoteDesktop","JaapBrasser"
"RemoteDesktopManager","Devolutions"
"RemoteDesktopTools","JaapBrasser"
"RemoteFileManagement","shihan.pietersz"
"RemoteGroup","LuisCarrillo"
"RemoteLocalGroups","LuisCarrillo"
"RemotePro","codypaternostro"
"RemoteScheduledTasks","scam"
"Remoting","qbik"
"Remove-AzVMDisksNICsPIPs","Ishan34"
"Remove-DockerNoneImages","ghashange"
"Remove-FromArchive","detlefs"
"Remove-iCloudPhotosShortcut","joeltimothyoh"
"Remove-Securelink","laszlo462"
"RemoveFileZ","zoicware"
"RemoveGhostNetAdapter","Sucktravian"
"RemoveGitBranches","axelkjonsberg"
"RemoveOldFiles","joakimbs"
"RemoveTempFiles","PrateekRM"
"Rename-Console","SutterStudios"
"Rename-GitBranch","PrateekRM"
"Repair-AzVM","prprabh"
"Repair-MSAuth","dailen"
"Repair-VSSWriter","C-Blais"
"RepairFileFormat","axelkjonsberg"
"RepairWindows","SlyFox1186"
"Repo2md","chadnpc"
"ReportCardPS","jpsider"
"ReportHTML","MattQuickenden"
"ReportHTMLCRB","cbeydler"
"ReportHTMLHelpers","MattQuickenden"
"ReportHTMLV2.0.1","munch671"
"ReportHTMLWHIDE","munch671"
"ReportingHelper","gogbg"
"ReportingServicesTools","jtarquino,reportingservices"
"ReportingServicesTools.2022","mperdeck2"
"ReportPortal","claudiospizzi"
"ReportRunner","archmachina"
"require","qbik"
"RequiredModule1","anamnavi"
"RequiredModule2","anamnavi"
"RequiredModule3","anamnavi"
"RequiredModule4","anamnavi"
"RequiredModule5","anamnavi"
"RequiredModules","Jaykul"
"Requirements","chris.kuech,ZachChilders,chriskuech"
"RescueTime","daz96050"
"Reset-Session","SutterStudios"
"ResilioConnect","kubofrut,powershell_Resilio"
"ResizeImageModule","RonildoSouza"
"Resolve-DnsName","IamJakoby"
"Resolve-DnsNameCrossPlatform","rhymeswithmogul"
"Resolve-DNSNameOverHTTP","MS-LUF"
"ResolveAlias","Jaykul"
"ResolveEntraID","HaagP"
"ResolveString","FWN"
"RESONEAutomation","iainbrighton"
"RESONEServiceStore","iainbrighton"
"RESONEWorkspace","iainbrighton"
"Resource.Manifest","icraftsoftware"
"ResourceControllerDSC","macoller"
"ResourceLocker","Fozzy"
"Restart-ExchangeServices","asheroto"
"RestartableSession","mdgrs-mei"
"RestartManager","heaths"
"RESTBase","shayne55434"
"RestConnect","Fred"
"restore","adamdriscoll"
"Restore-Git","sindre"
"RestPS","jpsider"
"RestrictiveACL","fredericpetit"
"RestSetAcls","mkjaer"
"RetroSheetModule","jeffpatton1971"
"Retry","PSModule.io"
"RetryPS","sebastian.kozuchowicz"
"Retype","psdevuk"
"Reuse","anpur"
"ReverseDSC","NikCharleboisPFE"
"ReversePowerShell","tobor"
"Revo.Az","kal3pt"
"Revo.MSPartner","kal3pt"
"Revo.Tools","kal3pt"
"Revoke-Obfuscation","danielbohannon"
"rg-ps-alias","RamblingGeekUK"
"rhubarb-geek-nz.AspNetForPowerShell","rhubarb-geek-nz"
"rhubarb-geek-nz.AssemblyMetadata","rhubarb-geek-nz"
"rhubarb-geek-nz.AuthenticodeSignature","rhubarb-geek-nz"
"rhubarb-geek-nz.Base64","rhubarb-geek-nz"
"rhubarb-geek-nz.Base64String","rhubarb-geek-nz"
"rhubarb-geek-nz.CancellationTokenEvent","rhubarb-geek-nz"
"rhubarb-geek-nz.CiscoT7","rhubarb-geek-nz"
"rhubarb-geek-nz.Console","rhubarb-geek-nz"
"rhubarb-geek-nz.DbDataAdapter","rhubarb-geek-nz"
"rhubarb-geek-nz.Forever","rhubarb-geek-nz"
"rhubarb-geek-nz.Guido","rhubarb-geek-nz"
"rhubarb-geek-nz.GZip","rhubarb-geek-nz"
"rhubarb-geek-nz.Joinery","rhubarb-geek-nz"
"rhubarb-geek-nz.LocalSecurityAuthority","rhubarb-geek-nz"
"rhubarb-geek-nz.mkdir","rhubarb-geek-nz"
"rhubarb-geek-nz.MySqlConnection","rhubarb-geek-nz"
"rhubarb-geek-nz.NpgsqlConnection","rhubarb-geek-nz"
"rhubarb-geek-nz.NuGetPackage","rhubarb-geek-nz"
"rhubarb-geek-nz.OnReflection","rhubarb-geek-nz"
"rhubarb-geek-nz.OracleConnection","rhubarb-geek-nz"
"rhubarb-geek-nz.OracleConnection.Core","rhubarb-geek-nz"
"rhubarb-geek-nz.PipelineBroadcast","rhubarb-geek-nz"
"rhubarb-geek-nz.PowerShellDataFile","rhubarb-geek-nz"
"rhubarb-geek-nz.PSCPreProcessor","rhubarb-geek-nz"
"rhubarb-geek-nz.PSStyle","rhubarb-geek-nz"
"rhubarb-geek-nz.PSWriteLine","rhubarb-geek-nz"
"rhubarb-geek-nz.RuntimeIdentifier","rhubarb-geek-nz"
"rhubarb-geek-nz.ScriptBlock","rhubarb-geek-nz"
"rhubarb-geek-nz.SinceYouAsk","rhubarb-geek-nz"
"rhubarb-geek-nz.SmartCardReader","rhubarb-geek-nz"
"rhubarb-geek-nz.Sparsely","rhubarb-geek-nz"
"rhubarb-geek-nz.SplitContent","rhubarb-geek-nz"
"rhubarb-geek-nz.SqlConnection","rhubarb-geek-nz"
"rhubarb-geek-nz.SQLiteConnection","rhubarb-geek-nz"
"rhubarb-geek-nz.SQLiteConnection.Alpine","rhubarb-geek-nz"
"rhubarb-geek-nz.SQLiteConnection.Core","rhubarb-geek-nz"
"rhubarb-geek-nz.SQLiteConnection.Desktop","rhubarb-geek-nz"
"rhubarb-geek-nz.SystemLockdownPolicy","rhubarb-geek-nz"
"rhubarb-geek-nz.TeeParty","rhubarb-geek-nz"
"rhubarb-geek-nz.TypeLib","rhubarb-geek-nz"
"rib","RichieBzzzt"
"RichWrite","dev1978"
"RicohAddressBook","desjardins.matthew"
"riddlerps","stuartleeks"
"RIOTPSTools","Mwge"
"RiverMeadow.Development.Migrate","RiverMeadow"
"RiverMeadow.Migrate","RiverMeadow"
"RiverMeadow.Release.Migrate","RiverMeadow"
"Rivet","pshdo,webmd-health-services,DecoyJoe"
"RMMIntuneHelper","Lime-TeGek"
"RMMToolkit","PowershellGallery.administrateur"
"Rnwood.Dataverse.Data.PowerShell","rnwood"
"ROADPersist","capstone"
"RobamaTools","Robert_Amartinesei"
"Robinhood-CryptoTrading","masters274"
"RoboCopy","psdevuk"
"RobocopyPS","sbergwall"
"RoboDave","CrazyDave"
"Rocker","Start-Automating"
"Rocket","AriadneFave"
"Rocketcli","AriadneFave"
"RocketCyberAPI","Celerium"
"RockPaperScissors","stealth"
"Rods-Tools","RodHatley"
"roe.Misc","TheSizeOfACow"
"roeprofile","TheSizeOfACow"
"Roles","Fred"
"root3i","afroz429"
"RoughDraft","Start-Automating"
"routines","DClementDawan"
"RoyalDocument.PowerShell","StefanKoell,hdocsek"
"RoyalServer.PowerShell","StefanKoell,hdocsek"
"RPGDice","HeyItsGilbert"
"Rpic.Git","lekman"
"Rpic.PowerShell","lekman"
"RRDTool","massimo.bonvicini"
"RSCReporting","joshuastenhouse"
"RskToast","CatalinTRSK"
"RSMassTransit.PowerShell","sharpjs"
"RSSCmdlets","CData"
"rsServiceModule","rstolpe"
"RTDP.CLI.AdminCmdlets","AOLARIU"
"RTDP.CLI.PartnerCmdlets","AOLARIU"
"RTest","RobertoRojas"
"Rubrik","RubrikBuild,Rubrik_Build,guirava,evancheng,mikepreston"
"RubrikBackupValidation","RubrikBuild,Rubrik_Build,guirava,evancheng"
"RubrikSecurityCloud","guirava"
"RubyInstaller","glennsarti"
"Ruckus-SmartZone","ThomasMHudson"
"Run-Tools","agramakov"
"RunApp","evalexp"
"RunAs","gordy"
"RunAsAccount","StefanRoth"
"RunAsImpersonation","JPScripter"
"RunAsUser","Lime-TeGek"
"RunAsUserBreakaway","timbrigham"
"RunAsUserimpact","Gavsto"
"RunBookModule","mmpyro"
"Rundeck","thomas-illiet,Powershell-Du-Zero"
"RuneLiteToSteam","ewisted"
"RunningServices","Ekke"
"RunSpace-Manager","DillonHansen"
"RunspacePoolManager","Artemis7th"
"RunTasks","PatrykMilewski"
"RuntimeDiagnostics","adamdriscoll"
"RussianCalendar","saw-friendship"
"RVR.AZPipelineTools","robertreems"
"rvr.connectivityanalysis","robertreems"
"RVR.Declarations","robertreems"
"rvr.generic","robertreems"
"RVR.ScriptAnalyzerRules","robertreems"
"rvr.uptime","robertreems"
"RVR.workgroupDSCtooling","robertreems"
"rvruptime","robertreems"
"RWTodd.DiscordianDate","rwtodd"
"RWTodd.GWBasic","rwtodd"
"RWTodd.RomanizedText","rwtodd"
"RY4N","deckerry"
"RyanAirPS","dev1978"
"RyanTools","deckerry"
"RZ.Core","RZ_ICT"
"raandreeSamplerTest1","Raimund"
"RaandreeSamplerTest2","Raimund"
"S.DS.P","jformacek,JiriF"
"S3-Client","florianf"
"SACRED","ccdigix"
"SACRED.Job","ccdigix"
"SACRED.Log","ccdigix"
"SACRED.Log.Local","ccdigix"
"SACRED.Log.Pode","ccdigix"
"SACRED.Rotate.Azure.CosmosDB","ccdigix"
"SACRED.Rotate.Azure.ServicePrincipal","ccdigix"
"SACRED.SecretStore","ccdigix"
"SACRED.SecretStore.EnvironmentVariable","ccdigix"
"SACRED.SecretStore.PodeConfigFile","ccdigix"
"SACRED.Server.Pode","ccdigix"
"SACRED.Store","ccdigix"
"SACRED.Store.Local","ccdigix"
"SACRED.Update.Azure.KeyVault","ccdigix"
"SACRED.Update.Windows.CertificateStore","ccdigix"
"SACRED.Util","ccdigix"
"SACRED.Util.Azure","ccdigix"
"safeguard-devops","petrsnd,safeguard-devops"
"safeguard-discovery","petrsnd,safeguard-devops"
"safeguard-ps","petrsnd,safeguard-devops"
"SafeInvokeModule","jpp"
"Sage200Cmdlets","CData"
"Sage300Cmdlets","CData"
"Sage50UKCmdlets","CData"
"SageBCAccountingCmdlets","CData"
"SageIntacctCmdlets","CData"
"SageTrader","MayorAbandoned"
"SailPoint.IIQ.LinuxBackup","gvnadir"
"SailPointIdentityNow","darrenjrobinson"
"SalesforceChatterCmdlets","CData"
"SalesforceCmdlets","CData"
"SalesforcePardotCmdlets","CData"
"SalesLoftCmdlets","CData"
"salt","RichieBzzzt,sabin.io"
"SaltStackConfig","bwuch"
"SamModuleTest1","sainathchary2020"
"Sample-Module","Faizan"
"SampleExtensionConfiguration","Travis"
"SamplePowerShellModule","davidlee.enoch"
"SamplePsModule","endjin"
"Sampler","gaelcolas"
"Sampler.AzureDevOpsTasks","gaelcolas"
"Sampler.DscPipeline","gaelcolas"
"Sampler.GitHubTasks","gaelcolas"
"Sandbox","thomas-illiet"
"SandBoxIpHelper.IPAddressHelper","PavelVik"
"sandersaares.devops-scripts","sandersaares"
"Sandybox","Scottd3v"
"Sanitization","Granola"
"SanReportParser","MiguelBarro"
"SANSDshield","Emin"
"SanxLog","Sanx"
"SAP","lazuardinfl"
"SAPAzurePowerShellModules","gorancondric"
"SAPBusinessObjectsBICmdlets","CData"
"SAPBusinessOneCmdlets","CData"
"SAPBusinessOneDICmdlets","CData"
"SAPByDesignCmdlets","CData"
"SAPCmdlets","CData"
"SAPERPCmdlets","CData"
"SAPFieldglassCmdlets","CData"
"SAPGatewayCmdlets","CData"
"SAPHANACmdlets","CData"
"SAPHanaXSACmdlets","CData"
"SAPHybrisC4CCmdlets","CData"
"SAPSuccessFactorsCmdlets","CData"
"SarakeSignPS","Petri"
"Saritasa.AppDeploy","Der_Meister"
"Saritasa.Build","Der_Meister"
"Saritasa.FileSystem","Der_Meister"
"Saritasa.General","Der_Meister"
"Saritasa.Git","Der_Meister"
"Saritasa.LocalManagement","Der_Meister"
"Saritasa.NewRelic","Der_Meister"
"Saritasa.Prtg","Der_Meister"
"Saritasa.Publish","Der_Meister"
"Saritasa.Redis","Der_Meister"
"Saritasa.RemoteManagement","Der_Meister"
"Saritasa.Test","Der_Meister"
"Saritasa.Upsource","Der_Meister"
"Saritasa.Web","Der_Meister"
"Saritasa.WebDeploy","Der_Meister"
"Saritasa.WinRM","Der_Meister"
"SASDataSetsCmdlets","CData"
"SASXptCmdlets","CData"
"SATLogger","bakonis"
"Save-File","cwmason"
"Save-SpotlightImages","robertlarue"
"Say-Hello","shovlia"
"sbourdeaud","sbourdeaud"
"SBR.CONNECT","RaptoxBE"
"SBR.INSTALL","RaptoxBE"
"ScaleSqlPaaS","bjh1977"
"scan_structure_module","InfraCoreTech"
"Scan-Link","CaliNux.ps1"
"scans","mstrhakr"
"SCClient","RobinV87"
"SCCM-ProbRes","JordanTheITGuy"
"SccmAM","trondr"
"SCCMClientActions","cbragg"
"SccmOfflineUpgrade","direnconen"
"SCCMStuff","ztrhgf"
"Scem.Support","cgreene"
"SCEPman","bb-froggy,ADM-OliverLuy-c4a8"
"SCEPmanClient","bb-froggy"
"SChannelDsc","gaelcolas,YorickKuijs,dsccommunity"
"SchannelPolicyDsc","Daniel.Snelling"
"ScheduledJobTools","JeffHicks"
"ScheduledTaskManagement","theohbrothers"
"ScheduledTasksManager","trent.blackburn"
"schema","jeffpatton1971"
"Schematiq","MarkJefford,DaneSq"
"SchoolDataSyncV2CSV","mariussm"
"ScienceLogic","josheinstein"
"ScienceLogic_SL1","TRobijns"
"SCInstall","bchsitecore"
"SciProfile","wbrandenburger"
"SCJBServerTeamTools","LoganRan"
"SCManager","Emin"
"SCOMHelper","TysonPaul"
"Scoop","ThomasNieto"
"scoop-completion","ala"
"scoop-tab-completion","abgo"
"ScoopPlaybook","guitarrapc"
"SCOrchDev-AzureAutomationIntegration","randorfer"
"SCOrchDev-Exception","randorfer"
"SCOrchDev-F5","randorfer"
"SCOrchDev-File","randorfer"
"SCOrchDev-GitIntegration","randorfer"
"SCOrchDev-LogAnalytics","randorfer"
"SCOrchDev-Networking","randorfer"
"SCOrchDev-PasswordVault","randorfer"
"SCOrchDev-SharePoint","randorfer"
"SCOrchDev-SQL","randorfer"
"SCOrchDev-StoredCredential","randorfer"
"SCOrchDev-Utility","randorfer"
"ScoreHunter","AnthoChamb"
"Scour","LeeHolmes"
"Scout","AriadneFave"
"SCProgramManager","rguiamoy"
"scraperion","WilTaylor"
"ScreenConnectUtils","realslacker"
"ScriptAnalyzerRulesLWA","lazywinadm"
"ScriptAsService","michaeltlombardi"
"ScriptBlockDisassembler","SeeminglyScience"
"ScriptBlockLoggingAnalyzer","ISESteroids"
"Scriptbook","ehagen"
"ScriptBrowser","onescript"
"scriptclass","adamedx"
"ScriptConfig","claudiospizzi"
"ScriptCop","Start-Automating"
"ScriptCS","beefarino"
"ScriptDeck","Start-Automating"
"ScriptFeedbackProvider","JustinGrote"
"ScriptLog","kovergard"
"ScriptLogger","claudiospizzi"
"ScriptLogging","Titus1024"
"ScriptMessage","Sekers"
"ScriptModuleRepositoryTemplate","deadlydog"
"ScriptPackaging","MosaicMKSoftwareLLC"
"ScriptPredictor","JustinGrote"
"SCRIPTS","Fridrik"
"ScriptTransforms","beefarino"
"ScriptUtils","Uzii3"
"ScriptVersion","alekdavis"
"Scrubber","skatterbrainz"
"ScsmPx","Poshoholic"
"ScubaGear","Chad.poland,mitchelbaker-cisa"
"ScubaMath","masters274"
"SCVMReliableMigration","Fozzy"
"SDDLParser","it-pro-berlin.de"
"SDM","StijnDenruyter"
"SdnDiagnostics","arudell"
"SDNExplorer","sbgms"
"SdnExpress","nijos,sbgms,wulily"
"sdp","JayAreP"
"SE.IntroModule","iricigor"
"Search-Dictionary","psdevuk"
"Search-ExcelContent","cwmason"
"Search-ExcelFileWithUI","cwmason"
"Search-IsItUp","psdevuk"
"SearchDNS","Luspin"
"SeaSalt","RichieBzzzt"
"SecMgmt","iwilliams"
"SecNord.DevOps","tobiaslekmancm"
"SecretBackup","belibug"
"Secretify","dario.calovic"
"SecretManagement.1Password","cdhunt"
"SecretManagement.BitLocker","erikgraa"
"SecretManagement.BitWarden","Gaspack"
"SecretManagement.Chromium","JustinGrote"
"SecretManagement.CyberArk","timschindler"
"SecretManagement.DevolutionsHub","Devolutions"
"SecretManagement.DevolutionsServer","Devolutions"
"SecretManagement.DpapiNG","jborean93"
"SecretManagement.ExtensionTemplate","Callidus2000,callidus2001"
"SecretManagement.HashiCorp.HCP.Vault.Secrets","erikgraa"
"SecretManagement.Hashicorp.Vault.KV","joshcorr"
"SecretManagement.HcVault.KV2","ewhitesides"
"SecretManagement.JustinGrote.CredMan","JustinGrote"
"SecretManagement.KeePass","JustinGrote"
"SecretManagement.Keeper","saldoukhov-keeper,mustinov-keeper"
"SecretManagement.Keybase","tiksn"
"SecretManagement.KeyChain","stevel-msft,DonHunt"
"SecretManagement.LAPS","theaquamarine"
"SecretManagement.LastPass","tyler"
"SecretManagement.NetwrixPasswordSecure","Callidus2000,callidus2001"
"SecretManagement.PleasantPasswordServer","powershell_freak"
"SecretManagement.VMware.CloudFoundation","erikgraa"
"SecretManagement.Warden","WilliamM_iir"
"SecretManagement.Windows.LAPS","erikgraa"
"SecretManagementArgumentCompleter","itfranck"
"SecretServer","ramblingcookiemonster"
"secretserverapi","dreadytofat"
"SecretsManagement.CAWSSecretsManager","73challenger"
"SecretsManagement.SecretServer","Atle"
"SecretStoreBackup","JeffHicks"
"SecureCredentials","romain.daversa"
"SecuredArcana","ArcaneCode"
"SecuredCredential","goldparrot827"
"SecureMFA","SecureMFA"
"SecureMFA_API_OTP","SecureMFA"
"SecureMFA_EMAIL_OTP","SecureMFA"
"SecureMFA_OTP","SecureMFA"
"SecureMFA_RDS","SecureMFA"
"SecureMFA_RDS_OTP","SecureMFA"
"SecureMFA_SSPR","SecureMFA"
"SecureMFA_TDM","SecureMFA"
"SecureMFA_WIN_OTP","SecureMFA"
"SecurePasswordGenerator","siamakhaz"
"SecureScore","Lime-TeGek"
"SecureScripts","JLockett"
"SecureSettings","Start-Automating"
"SecureSpherePS","AkshinMustafayev"
"SecureStrings","PentaPinguino"
"SecurityComplianceCenter","FWN"
"SecurityFever","claudiospizzi"
"SecurityPermissionsChecker","Chirouette"
"SecurityPolicy","Przemyslaw.Klys"
"SecurityPolicyDsc","PowerShellTeam,gaelcolas,dsccommunity"
"SecurityProtocolSetter","mehmetseckin"
"SecurityTxtToolkit","rhymeswithmogul"
"SeeDatum","marckassay"
"SeeShell","beefarino"
"Select-Ast","KevinMarquette"
"Select-Nth","onepamop_monopa"
"SelectCredential","amrowicki"
"SelectHtml","brianary"
"SelectStringExceptComment","YuumeKou"
"SelectXmlExtensions","brianary"
"Selenium","adamdriscoll"
"SelfSignedCertificate","rjmholt"
"SelMVP","PowerShellMichael"
"SemVer","qbik"
"SemVerPS","dev1978"
"Send-FileViaEmail","royashbrook"
"Send-MailKitMessage","austineric"
"Send-MatrixMessage","Odyssey346"
"Send-Message","rowelbalot"
"Send-O365Email","costi0n"
"Send-SMS","costi0n"
"Send-VMKeystrokes","realslacker"
"SendEffectiveConfiguration","StefanRoth"
"SendEmail","tao.yang"
"SendGridCmdlets","CData"
"SendGridTools","PhilipHaglund"
"SendMail","CraigChamberlain"
"SendNetworkPing","NJ_Dude"
"SendNotificationUsingPushover","mateuszpiela"
"SensationSnagger","cryptofyre"
"SentinelARConverter","FBader"
"SentinelEnrichment","fabianbader-gk,ThomasNaunheim-GK"
"SentinelOne","vradchenko"
"SentinelOne.Tools","IPSecMSP-Platform"
"SentinelOneAPI","Celerium"
"Sentry","sentry-powershell-sdk"
"SentryErrorSender","nrukavkov"
"SentryOne.Configure","sabin.io"
"SentryPowershell","Oppfinnaren"
"SEPPMail365","SEPPmail AG"
"SEPPmail365cloud","SEPPmail AG"
"SEPPmailAPI","SEPPmail AG"
"SeptemberBI.Seebrite","SeptemberBI"
"SequenceStudioPowerShell","JMorey"
"seraph","nodev"
"server-startup-order","kpoxo6op"
"ServerAdminCommon","Luisrorta,luis.r.orta"
"ServerConfigurationManager","Fred"
"ServerEye.Powershell.Api","AndyBehr,SearchForTheCode,stefanie.sander"
"ServerEye.Powershell.Helper","AndyBehr,stefanie.sander"
"ServerHealth","WindowsServerPerformanceTeam"
"ServerManagement","twillin912"
"ServerOpsMenu","JasonRoth"
"ServerProtection","lcoul"
"ServerStartupOrder","kpoxo6op"
"ServiceBusCommander","ydinkov"
"ServiceBusForWindowsServerDsc","ryanspletzer"
"ServiceCertStore","ebekker-posh"
"ServiceFabricDSC","NikCharleboisPFE,mstane"
"ServiceFabricSdkContrib","aL3891"
"ServiceLog-powershell-module","VivekKumarAgrawal"
"ServiceManager","NanaLakshmanan"
"ServiceNow","SamMartin,RickA,Gdbarron"
"ServiceNow-CS","caswebsi"
"ServiceNow-MIDServer","satak"
"ServiceNowCmdlets","CData"
"ServiceScaffold","pzaniewski"
"ServiceState","berzns"
"SesioWorker","thechandanbhagat"
"Set-ADUserLogonTo","JohnForet"
"Set-AzAdvancedContext","ChristofferWindahl"
"Set-BiosBootOrderBootSourceStateREDFISH","TexRoemer"
"Set-BiosBootOrderREDFISH","TexRoemer"
"Set-BiosChangePasswordREDFISH","TexRoemer"
"Set-BiosDefaultSettingsREDFISH","TexRoemer"
"Set-Cluster-Alarms","jkeppers"
"Set-Config","martin-rublik"
"Set-DeviceFirmwareRollbackREDFISH","TexRoemer"
"Set-DeviceFirmwareSimpleUpdateREDFISH","TexRoemer"
"Set-DeviceFirmwareSimpleUpdateTransferProtocolREDFISH","TexRoemer"
"set-env","ncox"
"Set-ExportImportServerConfigurationProfileNetworkShareREDFISH","TexRoemer"
"Set-ExportServerConfigurationProfileLocalREDFISH","TexRoemer"
"Set-GitHubSecrets","denisyfrolov"
"Set-GPODescription","anselmoblopes_vh"
"Set-IdracDefaultSettingsREDFISH","TexRoemer"
"Set-IdracLcSystemAttributesREDFISH","TexRoemer"
"Set-IdracUserPasswordREDFISH","TexRoemer"
"Set-ImportServerConfigurationProfileLocalFilenameREDFISH","TexRoemer"
"Set-ImportServerConfigurationProfileLocalREDFISH","TexRoemer"
"Set-ItemContent","royashbrook"
"Set-MultipleBIOSAttributesREDFISH","TexRoemer"
"Set-NetworkPropertiesREDFISH","TexRoemer"
"Set-NextOneTimeBootDeviceREDFISH","TexRoemer"
"Set-NextOneTimeBootVirtualMediaDeviceOemREDFISH","TexRoemer"
"Set-OemNetworkPropertiesREDFISH","TexRoemer"
"Set-OneBIOSAttributeREDFISH","TexRoemer"
"Set-PowerControlREDFISH","TexRoemer"
"Set-PsEnv","rajivharris"
"Set-ScheduleRepositoryUpdateREDFISH","TexRoemer"
"Set-ShodanScanIP","SimeonOnSecurity"
"Set-Title","onepamop_monopa"
"Set-UpdateOneDeviceREDFISH","TexRoemer"
"Set-VirusRescan","SimeonOnSecurity"
"Set-VirusScan","SimeonOnSecurity"
"Set-WallpaperClock","Psychosapien"
"SetBIOS","damien.vanrobaeys"
"SetDefaultEnv","Largehawiian"
"SetEnv","ncavare"
"SetFileTime","mryanmurphy"
"SetImmutableIDNull","AndrewN"
"SetLocationEnhancer","rodgco"
"SetLocationWSLOverride","tmarvin"
"Setup-DevShell","Matthew.Clark"
"SetupD365Environment","SimonOfHH"
"SevOne","jasonmorgan"
"SfBAutomatedLab","Raimund,AutomatedLabTeam"
"SFDiagnostics","renealfonso"
"SFEinsteinAnalyticsCmdlets","CData"
"SFMarketingCloudCmdlets","CData"
"SFTPCmdlets","CData"
"SFTPSyncer","AAeerrsam"
"sFunctions","SupSkiFun"
"SFX.PoshUtilities.DataFileTools","SupernautFX"
"SFX.PoshUtilities.PSObjectTools","StudioDelta-121"
"SGMailer","peter.ruzicska"
"sgnl","marcskij"
"Shabadu","holtsoftware"
"ShaCrypt","thordreier"
"Shade","projectgesehen"
"ShadowCopyHandling","MosaicMKSoftwareLLC"
"ShanghaiTechLogin","Kyaru"
"SHARE","cn_codegod"
"SharedSitecore.Backup","RadicalDave"
"SharedSitecore.SitecoreDocker","RadicalDave"
"SharePoint.Online.RecycleBin.SearchAndRestore","CHEVALIER-INFO"
"SharePoint.Password.Manager","cakriwut"
"SharePoint.Translate","carlosevp"
"SharePoint2010AsmxWebServices","alexmarshall"
"SharePoint2016Commands","sassdawe"
"SharePoint2019Commands","sassdawe"
"SharePointCmdlets","CData"
"SharePointDistributedCache","harbars"
"SharePointDSC","PowerShellTeam,gaelcolas,dsccommunity"
"SharePointEssentials","Przemyslaw.Klys"
"SharePointOnline.CSOM","sBattenberg"
"SharePointPnP.PowerShell.Commands.Files.Recurse","RyenTang"
"SharePointPnPPowerShell2013","erwinvanhunen,sharepointpnp"
"SharePointPnPPowerShell2016","erwinvanhunen,sharepointpnp"
"SharePointPnPPowerShell2019","erwinvanhunen,sharepointpnp"
"SharePointPnPPowerShellOnline","erwinvanhunen,sharepointpnp"
"SharePointSDK","tao.yang"
"Sharma20","dineshc"
"ShellGPT","yamautomate"
"ShellMenuX","FatherOfFive"
"ShellServer","henriquedoval"
"ShellSPDeleteCount","WillyMoselhy"
"Sherlock","vScripter"
"SherpaShell","JC_Ryan"
"Sherweb-API","djust270"
"shibis-pwsh-admin-module","RealShibi"
"shiftavenue.GraphAutomation","shiftavenue-janhendrikpeters"
"SHIMSOFT-Fundamentals","SHIMSOFT"
"SHIMSOFT-Holidays","SHIMSOFT"
"SHIMSOFT-iTunesSearch","SHIMSOFT"
"SHIMSOFT-MS365info","SHIMSOFT"
"SHIMSOFT-NetProcess","SHIMSOFT"
"SHiPS","PowerShellTeam,Jianyunt,jen"
"ShipStationCmdlets","CData"
"ShodanCVE","True-Kalichuza"
"ShopifyCmdlets","CData"
"Shotgun","WilTaylor"
"ShoutOut","Adicitus"
"Show-Calendar","dineshreddygots"
"Show-Progress","ForrestPitz"
"Show-Variable","khooz"
"ShowColumns","LukaszPatalas"
"ShowDemo","Start-Automating"
"ShowDscResourceModule","inchara"
"ShowMessageBox","ydinkov"
"ShowPSAst","lzybkr"
"ShowUI","Start-Automating"
"shrinkdadatabase","javydekoning"
"ShriTestCalendar","shrikantjoshi007"
"ShuffleScreen","Start-Automating"
"SidCloner","JiriF"
"SidConversion","almaceleste"
"SifHelper","iamandycohen"
"Sigma2Sentinel","jeremyh"
"sigmadb","ncrqnt"
"signalfx","cdhunt"
"SignPath","SignPath,PSavoieSignPath,gkment"
"SignPathDocker","psavoie-signpath,SignPath,PSavoieSignPath,gkment"
"Signpdf","Sirwan"
"SilentInstall","dzmitry.lahoda"
"Silk","pshdo"
"silkiscsi","JayAreP"
"SimpleADAdmin","Martin9700"
"SimpleAzureDevOps","wpdg"
"SimpleDockerApps","stefanjarina"
"SimpleEnv","ChanceCarroll"
"SimpleEventLogging","tedhardymsft"
"SimpleIP","thordreier"
"SimpleLogCmdlet","Azven"
"SimpleLogger","PatrykMilewski"
"SimpleMenu","itfranck"
"SimplePasswordGenerator","hkarthik7"
"SimplePowerShellLogger","TheDammedGamer"
"SimplePrtg","IMJLA"
"SimplePSLog","bastien-w"
"SimplePSLogger","geekwhocodes"
"SimpleRequest","hwangzhiming"
"SimpleSettings","sytone"
"SimpleSoft.Utils","roman.didenko"
"SimpleTextLogger","Fozzy"
"Simpleverse.AsciiDoc","lukaferlez"
"Simpleverse.Bicep","lukaferlez"
"Simplex","beefarino"
"SimplyCredential","Mithrandyr"
"SimplyDataVerse","Mithrandyr"
"SimplyDraw","Mithrandyr"
"SimplyLog","Mithrandyr"
"SimplyMC","Mithrandyr"
"SimplyOpenConnection","realslacker"
"SimplySql","Mithrandyr"
"SimplyXD","Mithrandyr"
"sims-reporter","Monkeytonk"
"SimwoodAPI","mspp"
"SingleInstance","alekdavis"
"SingleStoreCmdlets","CData"
"SinkProfile","tommymaynard"
"Sintez.Module.RDS","Sergey_Rusak"
"SIORestToolKit","labbuildr"
"Sips.PowerCli","Anarkin"
"sitecore-automation","plrose01"
"Sitecore.Automation.Framework","rossenpettrov"
"Sitecore.Azure","oleg.burov"
"Sitecore.Courier","adoprog"
"Sitecore.Pathfinder","JakobChristensen"
"SitecoreAssemblyList","richardszalay"
"SitecoreAzureKuduTools","azerts"
"SitecoreCecSearchModule","jballe"
"SitecoreInstallAzure","robertsenktas"
"sitecoreinstallextensions","robertsenktas"
"SitecoreInstallHelper","georgechang"
"SitecoreLocal","RadicalDave"
"SitecoreShipFunctions","patrickperrone"
"Sixel","trackd"
"sixkcd","trackd"
"SixPivot.Azure","flcdrg"
"sjAzureTools","StevenJudd"
"Skaldhor.HelperFunctions","Skaldhor"
"SkolniLogin","TheNetworg"
"SkunkLabAks","wmattlong"
"SkunkLabAzure","wmattlong"
"SkunkLabPiraeus","wmattlong"
"SkunkLabVirtualRtu","wmattlong"
"SkunkLabVrtuFunctions","wmattlong"
"SKYAPI","Sekers"
"SkykickAPI","BoSen29"
"skyline-sppowershell","bshells"
"SkylineAutomationToolkit","simplenetwks"
"SkylineUtils","simplenetwks"
"SkypeToolPack","roberth"
"SkyWire-Docker","sw-kaung"
"SkyWire-PSDatabase","sw-kaung"
"SkyWire-PSGateway","sw-kaung"
"SkyWire-PSInstaller","sw-kaung"
"SkyWire-PSInstallerHelpers","sw-kaung"
"SkyWire-PSPOS","sw-kaung"
"SkyWire-PSWebConfig","sw-kaung"
"Slack","mgeorgebrown89"
"Slack.Backup","alan-null"
"SlackBot","markwragg"
"SlackBuildHelper","steelsharktech"
"SlackCmdlets","CData"
"SlackDSCResource","DougFinke"
"SlackMessaging","DanielCaulfield"
"SlackWeb","exchange12rocks"
"SleeperPS","chisho21"
"SLMenu","SteveALowe"
"slmgr-ps","ZaferBalkan"
"SLPSLib","KReddy"
"SMA-Assets","jaybee"
"SmallsOnline.Subnetting.Pwsh","Smalls1652"
"SmallsOnline.TeamsAttendance.Pwsh","Smalls1652"
"SmallsOnline.WindowsBuildNumbers.Pwsh","Smalls1652"
"SMART-BcBuildHelper","DavydovRoman"
"SmartAceDesigns.ScriptoFormTemplates","SmartAceDesigns"
"SmartDialConfig","Largehawiian"
"SmartLogAnalyzer","williebonnerjr"
"SmartLogging","DoCode"
"SmartNotes","lagebj"
"SmartPlanets.AzureUtilities","LuckyHRE"
"Smartsheet","Clifra_Jones"
"SmartsheetCmdlets","CData"
"SMAX","Callidus2000,callidus2001"
"smb","cn_codegod"
"SMBBlueprint","Inovativ,Jan_Van_Meirvenne,Stijnc"
"SMBIOS","VincentAnso"
"SmiteAPI","BFord"
"SMLets","FreemanRU"
"SMLetsExt","robplank"
"SmoRenewableToken","webward"
"SMP.PowerModules","m.vaneck"
"SMSBroardcast","Nillth"
"SMTP2GOModule","burn56"
"Smtp4Dev4BcContainers","ChrisBlankDe"
"SmtpClientDiag","richfaj"
"SMAAuthoringToolkit","SMA2016"
"SnapchatAdsCmdlets","CData"
"SnapmirrorConvert","wfaguy"
"snek","adamdriscoll"
"snicol","snicol"
"SnipeitPS","snazy2000"
"SnippetPredictor","krymtkts"
"SnippetPx","Poshoholic"
"Snippy","nick.spreitzer"
"SNMP","bartekb"
"SNMPSharpNet","jgrote,JustinGrote"
"SNMPv3","lahell"
"SnowflakeCmdlets","CData"
"SnowSQL","loanDepotDevOps"
"SnsMsSqlPsModule","svesavov"
"SnsPsAdGroupMembers","svesavov"
"SnsPsModule","svesavov"
"SnsPsScriptsMonitoring","svesavov"
"SnsSqlitePsModule","svesavov"
"SOA","sidefumbling,jonade"
"Soap","cyberphor"
"SocketHttpRequest","phbits"
"SocketLabs","matt.soler"
"Sodium","PSModule.io"
"softcookies","softcookies"
"SoftPro.Atmos.Powershell","john.morris"
"SoftPro.Secrets.Powershell","john.morris"
"SoftwareInstallDsc","realslacker"
"SoftwareInstallManager","adbertram"
"SoftwareTimestamping","dfcuomo,DFCUOMOJ,CoreNetBuilder"
"Solarized","Brant"
"SolarLunarName","CraigChamberlain"
"SolarWinds.ServiceDesk","skatterbrainz"
"SolidFire","nicole.cotton_netapp"
"SolidFire.Core","nicole.cotton_netapp,arjun960,siva-vaddipati"
"SolidFire.Linux","nicole.cotton_netapp"
"SomeUsefulLib.Powershell","fantasywindy"
"SonarQubePS","Razvan"
"SonarQubePS2","DanielBock73"
"SonicwallAPI","Largehawiian"
"SonicWallVPN","jumbo"
"SophosCentral","srw"
"SophosEndpoints","Jonathan-from-testlab.live"
"SOQLBuilder","parsam97"
"Sorlov.PowerShell","DSorlov"
"Sort-Files","Elerador"
"SortJson","PowerShellCrack"
"SoundClips","MattQuickenden"
"SourceControl","astral-keks"
"SourceOne_POSH","jrosenth"
"SpaceX","lazywinadm"
"Sparcpoint.Documentation.PowerShellModule","justin-sparcpoint"
"Spark","kingavatar"
"SparkSQLCmdlets","CData"
"SPClientCore","karamem0"
"SPE","michaellwest"
"SpeakeasyPSModule","CashyP"
"spec.appx.management","owen.heaume"
"spec.azure.tables","owen.heaume"
"spec.base.utilities","owen.heaume"
"spec.comport.management","owen.heaume"
"spec.drivemap.utilities","owen.heaume"
"spec.envvar.management","owen.heaume"
"spec.file.utilities","owen.heaume"
"spec.function.setup","owen.heaume"
"spec.graphapi.utilities","owen.heaume"
"spec.microsoft.authentication","owen.heaume"
"spec.module.creator","owen.heaume"
"spec.module.loader","owen.heaume"
"spec.module.management","owen.heaume"
"spec.module.setup","owen.heaume"
"spec.network.management","owen.heaume"
"spec.printer.management","owen.heaume"
"spec.psengine","owen.heaume"
"spec.registry.management","owen.heaume"
"spec.scheduledtask.management","owen.heaume"
"spec.shortcut.management","owen.heaume"
"spec.teamviewer.utilities","owen.heaume"
"spec.tonoref.management","owen.heaume"
"spec.visualfields.management","owen.heaume"
"SpecAzTables","owen.heaume"
"SpecAzTableStorageTools","owen.heaume"
"SpecBaseModule","owen.heaume"
"SpecComPortManager","owen.heaume"
"SpecCreateModule","owen.heaume"
"specialK","ThePoShWolf"
"SpecIRLHelper","owen.heaume"
"SpecModuleImporter","owen.heaume"
"SpecPrinters","owen.heaume"
"SpecTeamViewerLegacy","owen.heaume"
"SpectrumConnect-Client","ginolv,manish.khandelwal"
"SpectrumControlBase-Client","ginolv"
"SpeculationControl","PowerShellTeam,msftsecresponse"
"SpeechTagger","LeeHolmes"
"SpeedTest-CLI","psdevuk"
"SpeedTestCLI","psdevuk"
"SpeedTester","MarkUkotic"
"SpfAnalyzer","JiriF"
"SpicetifyModule","eliasblume"
"SpiceWorld2016_PowerShellUnplugged","jsnover"
"Spieker","Mimi"
"SpinnakerHalyard","btburnett3"
"Spiny","RichieBzzzt"
"SplatHelper","trevor"
"Splatter","Start-Automating"
"splattyps","stvnrs"
"Split-AzResourceID","isshukla"
"Split-FreightItemsGBForMCTF","royashbrook"
"SplitCollection","MartinGC94"
"splitoutput","exchange12rocks"
"SplitPipeline","nightroman"
"Splitwise","kengam3x"
"SplunkCmdlets","CData"
"SPMTools","AbelFox"
"SpnLibrary","jeffpatton1971"
"SPO.PowerShell.Predictor","anoopt"
"SPOCSoMInterface","rednender"
"SpoI18n","Mirko"
"Sporq","markgar1"
"SportsbookXray","ddejan"
"sportsmonk-api","cmatchett82"
"Spotishell","wardbox"
"SPPCmdlets","szeidat"
"SPPermission","Fred"
"Spread","lipkau"
"SPReplicator","chrissylemaire"
"SPSAeries","jgeron-suhsd"
"SPSAeriesAssetSync","jgeron-suhsd"
"SPSImmyBot","jgeron-suhsd"
"SPSMonday","jgeron-suhsd"
"SQL-SMO","Yevrag35"
"SQLAutoRestores","Stuart-Moore"
"Sqlbi.PbiPushTools","marcosqlbi"
"SqlBIManager","SjoerdVN"
"SQLBitsPS","SQLDBAWithABeard"
"SqlChangeAutomation","Redgate"
"sqlClientPS","sebastiank,mattiaswolff,sebastiankromka,piotr.baran,pbaran101010"
"SqlDatabase","MaxIeremenko"
"SQLDBATools","imajaydwivedi"
"SQLDiagAPI","SQLDBAWithABeard"
"SQLEventAnalysis","jmaccollum-liv"
"SQLExtensions","gogbg"
"SQLHelper","RuiRomano"
"SQLInvokeScripts","HugoTap"
"SQLite","beefarino"
"SQLiteModule","datenteiler"
"SqlNinjaSyncAG","concatskills"
"SqlPackageUtils","mniak"
"SqlPipeline","apteco_fvb"
"SQLQueryBuilder","ZFK"
"SqlQueryClass","BrooksV"
"SqlQueryCompare","michalporeba"
"SqlQueryHelper","saw-friendship"
"SqlReportingServicesPS","Matticusau"
"SqlServer","matteot_msft"
"SqlServer-Version-Management","devizer"
"SQLServerDevOpsTools","DennisWagner"
"SqlServerDsc","PowerShellTeam,gaelcolas,dsccommunity"
"SqlServerFever","claudiospizzi"
"SQLServerJobsModule","mnadobnik"
"SqlServerPatcher","cashfoley"
"SqlServerTools","netsec4u"
"SQLServerUpdatesModule","mnadobnik"
"SqlSizer-MSSQL","marcin.golebiowski"
"SqlStig","michael.haken"
"SqlTemplate","panasenco"
"SqlTools","brianaddicks"
"SquareCmdlets","CData"
"SR-Security","JessieSalgado"
"SRxCore","nmukhin2251"
"SRXEnv","Achim"
"SRxExplorer","nmukhin2251"
"SRxSysTrayHost","nmukhin2251"
"SS.CliMenu","johnwcarew"
"SS.PowerShell","johnwcarew"
"SS6AdminModule","syncplify"
"SSASCmdlets","CData"
"SSASHelper","RuiRomano"
"ssasTools","bobduffyie,dgupta"
"SSAW","vavalomi"
"SSH","jodoglevy"
"SSH-Copy-ID","n8tg"
"ssh-wrapper","GSGBen"
"SSHManagement","b.fourie"
"SSHSessions","joakimbs"
"sshUtils","sabbaman"
"SsisPackageExport","DedMedVed"
"SslLabs","mmcnabb"
"SslWebBinding","bdukes,bdukes-engage,bdukes-engage1"
"SSP.PnPLibrary","polar"
"SSP.PorteoLibrary","polar"
"SSPowerShellBoilerplate","SeeminglyScience"
"SSRS","timabell"
"SSRSRDLComparator","NandanHegde"
"SSV-Core","clayton.lautier"
"SSY.Test","yeddlapurishivasai"
"St2.Client","anthonypjshaw"
"StableTablePS","szeraax"
"stackdb","wsmelton"
"StackDeploy","jwillman"
"StaffCalendar","bordwalk2000"
"StageCoder","SimonWahlin"
"StaleHosts","vhcomptech"
"stark-apps","alexdresko"
"Start-Application","pwujczyk"
"start-countdowntimer","stib"
"Start-CPUBurn","dfcuomo,DFCUOMOJ,CoreNetBuilder"
"start-install","Slime_V2"
"Start-IntuneRemediationTranscript","mscloudninja"
"Start-Multithread","mrhvid"
"Start-parallel","jamesone"
"Start-ProcessAsUser","moriyoshi"
"Start-PyVenv","b13kjack"
"start-sync","Slime_V2"
"StartDemo","Travis"
"StartSnakeGame","pr_prakash78"
"StarWars","Edemilliere"
"Statistics","NicholasDille"
"StatUSB","Chirishman"
"statuscake-helpers","oliverli"
"StatusCakeDSC","stopthatastronaut,cvandal"
"Statusimo","Przemyslaw.Klys"
"StatuspagePS","mattiaswolff,piotr.baran,sebastian.kozuchowicz,pbaran101010"
"STDockerPS","joakimbs"
"SteamPS","fhjorslev"
"SteamStorefront","mmuffins"
"SteamTech.Hosts","samushenkov"
"StepAutomation","okaraev"
"StepSemVer","ArwynFr"
"sthAdminSDHolder","seth.vs"
"sthArgumentCompleter","seth.vs"
"sthInvokeUsingCulture","seth.vs"
"sthLDAPTools","seth.vs"
"sthMailProfile","seth.vs"
"sthModuleScope","seth.vs"
"sthPipelineTools","seth.vs"
"sthRDPTools","seth.vs"
"sthTools","seth.vs"
"sthVault","seth.vs"
"stigiis","chrissylemaire"
"STIGLib","luzkenin"
"StigRepo","Bewillis,jadean,wiwellin"
"StingarCM","dliboon"
"Stop-App","xsoheilalizadeh"
"StopBruteforce","nneeoo"
"StorageAccountBlobHelper","rhaworth211"
"StorageDsc","PowerShellTeam,gaelcolas,dsccommunity"
"StorageGRID-Webscale","florianf"
"StoragePre2K12","rdbartram"
"StorageSpacesDsc","cschuchardt"
"Store","PSModule.io"
"StoreBroker","StoreBrokerTeam"
"StoredPSCredential","Chirishman"
"Storefront","iainbrighton"
"StorSimpleCopyUtility","ramgana"
"STOXR","joakimbs"
"Strapper","stephen_proval"
"strava","adamdriscoll"
"StreakCmdlets","CData"
"StreamLogging","alekdavis"
"STRemoteLocalGroupManagement","joakimbs"
"StretchReminder","dotpwsh"
"StretchyTypes","carrvo"
"string","FWN,Fred"
"StringBuilder","FWN"
"StringCertProtection","Yevrag35"
"StringManager","hkarthik7"
"StringTokens","dlwyatt"
"StripeCmdlets","CData"
"StrongNaming","x0n"
"Stti","ulrich.vogl"
"STtools","ev00"
"Stucco","devblackops"
"StupidlySimpleNotes","CurtisLusmore"
"Subatomix.ExampleModule","sharpjs"
"SubDirGit","Elerador"
"SubdomainTakeover","aammirmirza"
"Subnet","markwragg"
"SUBnet192.ActiveDirectory","SUBnet192"
"SUBnet192.DNS","SUBnet192"
"SUBnet192.Toolset","SUBnet192"
"SubnetTools","BrentD09"
"Subscene-API","i.edrisian"
"Subscriber","FWN"
"Subtitle","KUTlime"
"SubtractNumbers","b_sanket"
"Sudo","pldmgg"
"SudoEsc","Remart"
"SugarCRMCmdlets","CData"
"SuiteCRMCmdlets","CData"
"sumologic-content","rickjury"
"SumoLogic-Core","binyi3377,sumologic"
"SuntronDevTool","colin_xia"
"SuperSecret.Tools","powers-hell"
"Support.AksArc","madhanrajm"
"SupportDeathClock","Nibushi"
"supVsts","Guillermo.Alicea"
"SURFboard-CableModem","daisaa"
"SurveyMonkeyCmdlets","CData"
"suterdev.tools","suterdev"
"SvcAce","sajense"
"SvcProc","archmachina"
"SvgChart","NicholasDille"
"SVITSO","asajm"
"SvnToGitMirror","rinrab"
"Svrooij.BetterGraph","svrooij"
"SvRooij.ContentPrep.Cmdlet","svrooij"
"SwaggerModule","jensgc"
"Swift-Powershell-File-Icon","waingt"
"SwiftKick.PSCalc","1kevgriff"
"SwisPowerShell","solarwinds"
"SwissMentor","swissmentor"
"switc.configmgr.LogReader","3l0l3"
"SybaseCmdlets","CData"
"SybaseIQCmdlets","CData"
"Symlink","KubaP"
"synaps.buildtasks","JamieH89"
"SyncroRMM","davejlong"
"Syncthing","khaffner"
"synedgy.PSSQlite","gaelcolas"
"syntax-highlighting","digitalguy99"
"SysAdmin-Extras","LuisCarrillo"
"SysAdminsFriends","MScholtes"
"SysAdminTools","MrPig91"
"SysInfo","StephanosCF"
"SysInternals","adamdriscoll"
"SysKit.SPDocKit.PS","matija.hanzic,igor.mesaric"
"Syslog","FWN,Fred"
"SyslogCmdlet","direnconen"
"SysMan.WebApi","eKlientRobert,martennarbe"
"SysmonLinux.Util","cperez"
"SystemAdmins.AdcsToolbox","SystemAdmins"
"SystemAdmins.AutoTyper","SystemAdmins"
"SystemAdmins.Eloomi","SystemAdmins"
"SystemAdmins.M365Assessment","SystemAdmins"
"SystemAdmins.MsEntraMfaToolbox","SystemAdmins"
"SystemCenterOrchestrator","WillyMoselhy"
"SystemColorsGrid","chrissylemaire"
"SystemConfigurations","Ravikanth"
"SystemExtensions","gogbg"
"Systeminfo","SaGSA"
"SystemInfo-ToHTML","anselmoblopes_vh"
"SystemLocaleDsc","PowerShellTeam"
"SystemPathGroups","MitchC"
"SystemSplash","mmillar-bolis"
"T2Tscripts","Denis-Signorelli,SignorelliDenis"
"TabExpansionPlusPlus","lzybkr"
"TableauCRMCmdlets","CData"
"TableUI","jjcarrier"
"TacticalRMMPS","Chasem12345"
"TagLibCli","chris-peterson"
"TAK","tomt"
"Takeown","psdevuk"
"TallyCmdlets","CData"
"TalosTools","caddr"
"TALXIS.SDK.DevOps.CDS.PowerShell","NETWORG"
"TALXIS.SDK.Interactive.PowerShell","NETWORG"
"Taskal.Azure.Modules","samaltaskal"
"TaskJob","JustinGrote"
"TaskModuleIISManageUtility","muthuk,tramsing"
"TaskModuleSqlUtility","muthuk"
"TaskRunner","ajayarora"
"TaskScheduler","Start-Automating"
"TaskServiceUserScan","Fred"
"TaskTamer","Bennish"
"tatux.core","Tatux_Solutions"
"tatux.intune.os.config","Tatux_Solutions"
"tatux.intune.packaging","Tatux_Solutions"
"tatux.telemetry","Tatux_Solutions"
"Tatux.Utils","Tatux_Solutions"
"TauriCraft","chadnpc"
"TaxJarCmdlets","CData"
"taylorm-test-module1","mtm"
"TCC_Utilities-Module","AlainAube-TMT"
"tcdbtools","tcartwright"
"Tclg","TravisCLaGrone"
"TCP-Teste","marcosflavio"
"TcPrjMgmt","ahuca"
"TCPServer","boe.prox"
"TcXaeMgmt","RaHe"
"TD.Util","ehagen"
"TDDSeams","hansEricG"
"TDDUtils","hansEricG"
"tds-buildUtils","TheDotSource"
"tds-nestedESXi","TheDotSource"
"Team","darquewarrior"
"TeamCityLog","LiamJPeters"
"TeamCityUtility","mdaventini"
"TeamsAddinFix","dailen"
"TeamsBot","luisfeliz79"
"TeamsCloudCommunicationApi","jeffbrowntech"
"TeamsEducation","MarkusHupfauer"
"TeamsExtension","Fred"
"TeamsOnWVD","yannick.dils"
"TeamsPhoneNumberManagement","jklotzsche-msft"
"TeamsPhoneSoftwareUpdater","Joneszee"
"TeamsTools","shanehoey"
"TeamsToolsReset","shanehoey"
"TeamsUserEnroller","luketainton"
"TeamViewerPS","TeamViewer"
"TeamViewerPSModules","boivinx7"
"Teamwork","brianaddicks"
"TEApi","djordanTE"
"TechDirect","daz96050"
"Tecman.Tfs.Tools","technologymanagement"
"Telegram-Webhook","thefrol"
"Telemetry","PSModule.io"
"TelemetryHelper","jhp"
"Telldus","DollarUnderscore"
"TelligentCommunityRest","RichMercer"
"TelligentCommunitySample","RichMercer"
"TelligentInstall","afscrome,RichMercer"
"TelligentLocalInstance","afscrome,RichMercer"
"telltime","mahmodali9200"
"TemperatureUtils","vhcomptech"
"Template-PSModule","PSModule.io"
"TemplateConfigModule","migreene"
"TemplateMatching","mkht"
"Templates","roarwrecker"
"Tenable.Tools","jberkers42,IPSecMSP-Platform"
"TenableCloud","searledan"
"TenantToolkit","dannymayer"
"TenbuxProvisioning","tenbux"
"tentools","chrissylemaire"
"TeradataCmdlets","CData"
"Teradici.Anyware.Manager","9whirls"
"Termbin4PS","rhymeswithmogul"
"terminal","trevor"
"Terminal-Icons","devblackops"
"TerminalBlocks","Jaykul"
"TerminalCanaryUpdater","izambe"
"TerminalGuiDesigner","adamdriscoll"
"TerminalTunes","Start-Automating"
"TerminalUI","birjj"
"TerminalVelocity","Start-Automating"
"TerraCloudBackup","ChristophTerra"
"Terraform","pkelly808"
"terraform-aliases","pgebert"
"terraform-tools","ptavares"
"TerraformCompleter","Xadozuk"
"TerraformCompletion","balticer"
"TerraformRegistry","bgelens"
"TerraformSetup","satak"
"TerraformUtil","stknohg"
"Terrafun","dbw"
"terramorph","Xadozuk"
"TerritoryTools","marcdurham"
"Tesla","JonNewman"
"TeslaMatrix","jower999"
"Teslamodule","Wobs01"
"Test","srinivas.allamkam"
"test_6b041023-07c6-4bb8-ab56-1983a4f97381","kmkzYozora"
"test_dependency_mod","alerickson"
"test_iconuri","anamnavi"
"test_module","anamnavi"
"test_module10","anamnavi"
"test_module2","anamnavi"
"test_releaseNotes10599","anamnavi"
"test_releaseNotes10600","anamnavi"
"test_tagmodule1","anamnavi"
"Test-ADHealth","nebula"
"Test-Connections","daisaa"
"Test-CWJTCPPort","charleswj"
"Test-DNSRecord","BanterBoy"
"Test-FunctionInterrupt","rrobash"
"Test-HostConnectivity","ziinc"
"Test-InKibitzrHistory","jhoek"
"Test-IsLocalAdmin","royashbrook"
"test-module-sfdx","Tenji067"
"Test-NETHLK","dfcuomo,DFCUOMOJ,sarahmoon,bkablawi"
"Test-NetStack","dfcuomo,DFCUOMOJ,sarahmoon"
"Test-NetworkDevices","FrancisSetash"
"Test-OpenPort","pewa2303"
"test-port","RobertCGouge"
"Test-PowerPing","HirschHD"
"Test-PSRemoting","victormartinezsv"
"Test-Publish","stevel-msft"
"test-sdnexpressbgp","MSFT_KBisnett"
"Test-TCPPort","isshukla"
"Test-TlsProtocols","TechnologyAnimal"
"Test-URL","isshukla"
"Test-WMiSMUGIsLaptop","CodyMathis123"
"Test.EmailServerProfileANDMailbox","YashGupta"
"Test.HelloWorld","rajuc"
"test1","IamJakoby"
"test12345678","Sysmith"
"TestBin","jborean93"
"testCJmod","changjoonPark"
"TestConnectionAsync","dlwyatt"
"TestCredential","apteco_fvb"
"testDeps","anamnavi"
"TestEchoModule","andersonvcv"
"TestEmbeddedDSCResource","balugajjala"
"TestEncoding","razumovsky_r"
"Testimo","Przemyslaw.Klys"
"testing","roarwrecker"
"TestingHelper","rulasg"
"TestingModule","Panzerbjrn"
"TestInteractive","ZnqbuZ"
"TestIssueOnPowerShellCore","azammitt"
"TestJsonSchema","tao.yang"
"TestM","vsingh7001"
"TestModule","anamnavi"
"TestModule-ABF","ABFOLTZ"
"TestModule-Chelnak","craigg"
"TestModule-rajat","rajatagrawal"
"TestModule1912","Mimi"
"TestModule2_Shammu","Shammu"
"TestModule3_Shammu","Shammu"
"TestModule4_Shammu","Shammu"
"testmodule99","adityapatwardhan,alerickson,anamnavi"
"TestModulePrerelease","anamnavi"
"TestmodulePSGallery","MajorGlory"
"TestModuleS0AF","S0AF"
"TestModuleVersionWithNine","alerickson"
"TestModuleWithDependencyA","anamnavi"
"TestModuleWithDependencyB","anamnavi"
"TestModuleWithDependencyC","anamnavi"
"TestModuleWithDependencyD","anamnavi"
"TestModuleWithDependencyE","anamnavi"
"TestModuleWithDependencyF","anamnavi"
"TestModuleWithPrereleaseDep","alerickson"
"TestModuleWithScript","anamnavi"
"testModulexh97","xhzeng"
"testModulexh9773","xhzeng"
"TestNBPNSX","nmbradford"
"testpath","fakerson.831"
"TestPhoneNumber","DougFinke"
"TestPowerShellScript","Arnab_Saha"
"TestProgram","LI-YU-HONG-HARRY"
"TestProjectMV","hs-cmsl"
"TestPSRemotingEnabled","NJ_Dude"
"testpublish","sarathsrm"
"TestRequiredModule","anamnavi"
"TestSecureNetConnection","PoshAJ"
"TestTCPConnection","MichaelWaterman"
"TestTeamModule","anamnavi"
"Text2Image","andysvints"
"TextScript","lizoc"
"TextTable","jjcarrier"
"TextToImage","death.crafter"
"TextWrapping","josheinstein"
"tfe","tao.yang"
"TFL.Powershell.Format-Task","TomBonnerAtTFL"
"TFS","majkinetor"
"TfsCmdlets","igoravl"
"TfsCmdlets2015","alexmarshall"
"TFSPowershell","igormacedo"
"TFSwitchPS","PowerSpell"
"tftools","roberth"
"TFVC","loanDepotDevOps"
"TFVC.libraries","loanDepotDevOps"
"TGO-testmodule","tgosselink"
"TheDashboard","Przemyslaw.Klys"
"Theme.PSReadLine","Jaykul"
"Theme.PSStyle","Jaykul"
"Theme.Terminal","Jaykul"
"Theme.WindowsConsole","Jaykul"
"Theme.WindowsTerminal","Jaykul"
"ThirdPartyLibraries","MaxIeremenko"
"ThoughtForTheDay","Panzerbjrn"
"ThoughtXOps","boyce"
"ThreadJob","paulhi,ChungJustin"
"ThreeShape.Jenkins","rasmusjelsgaard"
"Thycotic.Secret.Server","9whirls"
"Thycotic.SecretServer","RobJagger-Delinea,DelineaIntegrations"
"Tiered-Admin","JLockett"
"TietzeIO.CyShell","jan-tee"
"tIISMail","Strike"
"TIKSN-PowerShell-Cmdlets","tiksn"
"TimeCockpit","Schnuderl"
"TimeSpan","PSModule.io"
"TimestompUtils","vhcomptech"
"Timetabler","mabster"
"Timeular","brianaddicks"
"Timezone","dashgreen"
"TimeZones","Jersi"
"tiPS","deadlydog"
"TireFire","ramblingcookiemonster"
"TisaneLampClient","chirag.rade,tisaneinfrastructure"
"TisaneLampServer","chirag.rade,tisaneinfrastructure"
"TisaneLocal","chirag.rade,tisaneinfrastructure"
"TisaneOnprem","chirag.rade,tisaneinfrastructure"
"TisaneWeb","chirag.rade,tisaneinfrastructure"
"TitanApi","srtdevops"
"TITools","takumi.ishii"
"TLDAG.PS","rhjoerg"
"Tls","PSModule.io"
"TlsCertificateValidation","webmd-health-services"
"TlsConfig","Fred"
"Tm","tjmair41"
"TM-DataManipulation","tmarvin"
"TM-DockerUtility","tmarvin"
"TM-GitUtility","tmarvin"
"TM-ProfileUtility","tmarvin"
"TM-PSGitHubGistManagement","tmarvin"
"TM-RandomUtility","tmarvin"
"TM-SessionHistory","tmarvin"
"TM-ValidationUtility","tmarvin"
"TM-WindowsUtility","tmarvin"
"Tm.Beta","tjmair41"
"Tm.V2024","tjmair41"
"Tm.V3","tjmair41"
"TMConsole.BrokerTask","tbaker_tdsi,sowen_tdsi,fcastillo_tdsi,daguirre_tdsi"
"TMConsole.Caching","tbaker_tdsi,sowen_tdsi,fcastillo_tdsi,daguirre_tdsi"
"TMConsole.Client","tbaker_tdsi,sowen_tdsi,fcastillo_tdsi,daguirre_tdsi"
"TMConsole.PoshRSJob","tbaker_tdsi"
"TMConsole.Provider.Amazon.MGN","tbaker_tdsi"
"TMConsole.Provider.CloudEndure","tbaker_tdsi,sowen_tdsi,fcastillo_tdsi"
"TMConsole.Provider.ServiceNow","tbaker_tdsi,sowen_tdsi,fcastillo_tdsi"
"TMConsole.Provider.TransitionManager","tbaker_tdsi,sowen_tdsi,fcastillo_tdsi"
"TMConsole.Provider.VMware.vCenter","tbaker_tdsi,sowen_tdsi,fcastillo_tdsi"
"TMConsole.Provider.Zerto","tbaker_tdsi"
"TMD.Common","tbaker_tdsi,sowen_tdsi,fcastillo_tdsi,daguirre_tdsi"
"TMDeepSecurity","sbergwall"
"TMF","tenant-management-framework"
"TMK-CoreModules","tmknight"
"TMOutput","tommymaynard"
"tmps_testmodule","fcastillo_tdsi"
"Todo","StefanGreve"
"Toggl.API","alan-null"
"Toggl.Functions","dapacruz"
"ToggleDisplay","ChrisCarter"
"TokenMagician","svrooij"
"tom42tools","tom42"
"tomaslemon.PowerShell.Utility","tomaslemon"
"Tongs","bhurt"
"TooManySecrets","SMFX"
"TOPdeskPS","AndrewPla"
"TorizonPlatformAPI","microhobby"
"totkeks.DotfileManagement","totkeks"
"totkeks.GitManagement","totkeks"
"Touch-For-Powershell","tusan-tsvetkoff"
"TouhouAI","jakem_5"
"TPHubPS","TPHub"
"tpl","IamJakoby"
"TracePeek","MatthewMWR"
"TraceProvider","nwoodmsft,madhanrajm,rdanielson,apluchik,pgayam,rohitjaini"
"TraceSANCertificate","McGlovin"
"TrackGpo","szeraax"
"TrackGpo_Builtin","szeraax"
"TrackGpo_Smtp","szeraax"
"Trackyon.Ber","darquewarrior"
"Trackyon.GoDaddy","darquewarrior"
"Trackyon.Invest","darquewarrior"
"Trackyon.Markdown","darquewarrior"
"trackyon.nuget","darquewarrior"
"Trackyon.Utils","darquewarrior"
"TrainingUtils.AFR","afernaro164"
"TrainingUtils.CSCN","crcabran45"
"TrainingUtils.EGF","Elizabeth"
"TrainingUtils.FNS","franusierra"
"TrainingUtils.IEVM","ivivasma8"
"TrainingUtils.JCH","johanchoaUB"
"TrainingUtils.JCP","joaquincp"
"TrainingUtils.JOPZ","jopz26"
"TrainingUtils.JVSM","JSerra"
"TrainingUtils.NFTP","ntorrepa11"
"TrainingUtils.RGC","GorkaRivero"
"TrainingUtils.SASS","sebasas15"
"TrainingUtils.SG","sergioguzman"
"TrainingUtils.TJR","thomasrosales"
"TrainingUtilsAGC","agurreca72"
"TrainingUtilsAGC2","agutierrez1104"
"Trakt-PS-Module","boivinx7"
"Traneleon","Ackara"
"TranscriptIssue","azammitt"
"Transfer.sh","Circl3s"
"Transferetto","Przemyslaw.Klys"
"TransitionManager","tbaker_tdsi,sowen_tdsi,fcastillo_tdsi,daguirre_tdsi"
"Translate-ToRunes","samwdp"
"TranslitModule","LeAtomicPs"
"Transmission","robgreen"
"Traverse","JustinGrote"
"Tree","n8tb1t"
"TreePlus","Sucktravian"
"TreeQuery","parsam97"
"TreeSize","Jaykul"
"TreeStore","wgross"
"TreeWalkTools","maxromanov"
"Trelica","richard.kirby"
"TrelloApiTools","archmachina"
"TrelloCmdlets","CData"
"TrellOps","JeffWouters-MethosIT"
"TrelloTaskMgmt","archmachina"
"TrelloVoteCount","chrissylemaire"
"TrendMicroWorryFreeBusinessSecurity","wetling"
"trevor","trevor"
"trevormodule","trevor"
"Tridion-ContentDelivery","pkjaer"
"Tridion-CoreService","pkjaer"
"Tridion.TopologyManager.Automation","lsiddiquee"
"Trilium","ptmorris"
"TrimHashtable","mister-dj"
"Tririga-Manage","nithinphilips"
"Tririga-Manage-Rest","nithinphilips"
"TrueName","BaldCat"
"TrueNas","JM2K69"
"TrueNAS-Administration","kevinjj"
"TrueSecInfra","TSxJordanTheITGuy"
"TrustedHostResource","dalmirogranas"
"TrustedSigning","vscx-platform-tools"
"TrustyTools","Trusty"
"TrUtilities","treffynnon"
"TrxParser","benedict.tobias"
"ts","singhvimal"
"TSAD","tslight"
"TSDate","tslight"
"TSDProvider","DougFinke"
"TSDTabCompletion","DougFinke"
"TsekProfile","TsekNet"
"TShark","psdevuk"
"TSheetsCmdlets","CData"
"TSMarkdown","tslight"
"TSR.Nutanix.V3.PowerShell","timothyrasiah"
"TSRandom","tslight"
"TSSecurity","tslight"
"TSUtils","tslight"
"TSxLogging","JordanTheITGuy"
"TTAPSModuleBuilder","TechTokAutomation"
"ttMod","changjoonPark"
"ttrss","icyfire"
"TuiCredential","ISESteroids"
"TUN.CredentialManager","echalone"
"TUN.Credentials","echalone"
"TUN.Environment","echalone"
"TUN.Logging","echalone"
"TunableSSLValidator","Jaykul"
"tuner","skatterbrainz"
"TurnKeySdn","nijos,sbgms,wulily"
"Turtle","Start-Automating"
"tvbot","chrissylemaire"
"tvclient","chrissylemaire"
"Twilio","Start-Automating"
"twilio-powershell-module","jeffbrowntech"
"TwilioCmdlets","CData"
"Twitch","PSModule.io"
"twitter","IamJakoby"
"TwitterAdsCmdlets","CData"
"TwitterCmdlets","CData"
"TxdDocker","TxdDeveloper"
"TxdDockerUtils","TxdDeveloper"
"TxdHelpers","TxdDeveloper"
"TxdUtils","TxdDeveloper"
"TxF","beefarino"
"Type-Pwsh","leojonathanoh"
"TypeAccelerators","ChrisCarter"
"TypeDataExtensions","carrvo"
"TypeFormat","JustinGrote"
"TypeHelper","gogbg"
"TypeName","BaldCat"
"TypePx","Poshoholic"
"TypeToUml","ThePSAdmin"
"uberAgentSupport","DominikBritz2,helge,martin_kretzschmar"
"UblionConnect","Ublion"
"UCLobbyMicrosoft365","dmap"
"UCLobbySharePoint","dmap"
"UcLobbyTeams","dmap"
"UCM","celloza"
"ucs-puptr","foobartn"
"ud-activedirectory","adamdriscoll"
"ud-bginfo","adamdriscoll"
"ud-chatroom","adamdriscoll"
"ud-clock","adamdriscoll"
"ud-cmwt","skatterbrainz"
"ud-netmon","pldmgg"
"ud-pghero","adamdriscoll"
"ud-weather","adamdriscoll"
"UDAwesomeAudio","psdevuk"
"udcm","skatterbrainz"
"UDColorful","psdevuk"
"UDFAQ","psdevuk"
"UDFeedBack","simpleUD"
"UDFullScreen","psdevuk"
"UDImageZoom","psdevuk"
"UDLinkify","psdevuk"
"UDLinkPreview","psdevuk"
"UDLottiePlayer","psdevuk"
"UDReadTime","psdevuk"
"UDScrollProgress","psdevuk"
"UDSliderCaptcha","psdevuk"
"UDTemplate","ArtisanByteCrafter"
"UDTestimonial","psdevuk"
"UDTextFit","psdevuk"
"UDTextLoop","psdevuk"
"UDTruncateText","psdevuk"
"UDWizardry","psdevuk"
"UEFI","hdang,BrianP,marsun"
"UEFIv2","MTNiehaus"
"UGDSB.ApplicationFactory","jeremy.putman"
"UGDSB.PS","jeremy.putman"
"UGDSB.PS.AlertFactory","jeremy.putman"
"UGDSB.PS.Google","jeremy.putman"
"UGDSB.PS.Graph","jeremy.putman"
"UGDSB.PS.Helpers","jeremy.putman"
"UGDSB.PS.Meraki","jeremy.putman"
"UGDSB.PS.Topdesk","jeremy.putman"
"UGDSBPSU","jeremy.putman"
"ugit","Start-Automating"
"Uh-Oh","steviecoaster"
"UIfied","Code"
"UiPathOrch","ytsuda"
"ukpowercutchecker","zaicnupagadi"
"ULID","PanekJ"
"uLog","skaiffer"
"UltimateTool","chixus"
"UMN-AutoPackager","jbolduan-umn"
"UMN-Azure","KyleWeeks,Travis_Sobeck,UMN-Microsoft-Automation"
"UMN-Common","KyleWeeks,Travis_Sobeck,UMN-Microsoft-Automation"
"UMN-DSC","KyleWeeks,Travis_Sobeck,UMN-Microsoft-Automation"
"UMN-Github","KyleWeeks,Travis_Sobeck,UMN-Microsoft-Automation"
"UMN-Google","KyleWeeks,Travis_Sobeck,UMN-Microsoft-Automation"
"UMN-Grouper","UMN-Microsoft-Automation"
"UMN-HipChat","KyleWeeks,Travis_Sobeck,UMN-Microsoft-Automation"
"UMN-Qualys","KyleWeeks,Travis_Sobeck,UMN-Microsoft-Automation"
"UMN-SCCM","KyleWeeks,Travis_Sobeck,UMN-Microsoft-Automation"
"UMN-SplunkRA","KyleWeeks,Travis_Sobeck,UMN-Microsoft-Automation"
"UMN-Trello","KyleWeeks,Travis_Sobeck,UMN-Microsoft-Automation"
"UMN-Virt","jkeppers"
"UMN-VMWareRA","KyleWeeks,Travis_Sobeck,UMN-Microsoft-Automation"
"UMN-AAP","tjsobeck,Travis_Sobeck"
"UnattendXmlBuilder","MartinGC94"
"Unblock-Scripts","BlackV"
"UncommonSense.AirTable","jhoek"
"UncommonSense.AL.AppSymbols","jhoek"
"UncommonSense.AL.Meta","jhoek"
"UncommonSense.Apple.FeatureAvailability","jhoek"
"UncommonSense.Asn","jhoek"
"UncommonSense.AzureDevops.Logging","jhoek"
"UncommonSense.BbcTvGuide","jhoek"
"UncommonSense.Bc.DataModel","jhoek"
"UncommonSense.Bc.Utils","jhoek"
"UncommonSense.BcTechDays","jhoek"
"UncommonSense.BridgeOpenings","jhoek"
"UncommonSense.CalvinAndHobbes","jhoek"
"UncommonSense.CBreeze.Automation","jhoek"
"UncommonSense.Cinema","jhoek"
"UncommonSense.Dirkjan","jhoek"
"UncommonSense.DocsetBuilder","jhoek"
"UncommonSense.Hap","jhoek"
"UncommonSense.HoekscheWaard","jhoek"
"UncommonSense.HaarlemsDagblad","jhoek"
"UncommonSense.iCalendar","jhoek"
"UncommonSense.iPlayer","jhoek"
"UncommonSense.Jumbo","jhoek"
"UncommonSense.LawsOfSoftware","jhoek"
"UncommonSense.Meesman","jhoek"
"UncommonSense.Meewind","jhoek"
"UncommonSense.Nav.ObjectIDReservations","jhoek"
"UncommonSense.Nav.Utils","jhoek"
"UncommonSense.NewScientist","jhoek"
"UncommonSense.Npo","jhoek"
"UncommonSense.Nrc","jhoek"
"UncommonSense.Opml","jhoek"
"UncommonSense.P2000","jhoek"
"UncommonSense.Parool","jhoek"
"UncommonSense.PowerShell.BuildUtils","jhoek"
"UncommonSense.Powershell.Documentation","jhoek"
"UncommonSense.PowerShell.Formatting","jhoek"
"UncommonSense.PowerShell.TypeData","jhoek"
"UncommonSense.PowerShell.Utils","jhoek"
"UncommonSense.Pushover","jhoek"
"UncommonSense.Rdlc.Utils","jhoek"
"UncommonSense.Rss","jhoek"
"UncommonSense.ServiceStatus","jhoek"
"UncommonSense.Spanish","jhoek"
"UncommonSense.SportServiceVeenendaal","jhoek"
"UncommonSense.Stationshuiskamer","jhoek"
"UncommonSense.Teletekst","jhoek"
"UncommonSense.Triodos","jhoek"
"UncommonSense.Trouw","jhoek"
"UncommonSense.TvGuide","jhoek"
"UncommonSense.Volkskrant","jhoek"
"UncommonSense.Weather","jhoek"
"UncommonSense.Xliff","jhoek"
"UncommonSense.Zip.Utils","jhoek"
"unicode","WithHolm"
"UNIFI","McCoolMG"
"Unifi.SwitchPoEPort","pschermers"
"UnifiedContactsPS","StefanHeller"
"UnifiManagement","searledan"
"unifiPS","we-mi"
"UnifiStockTracker","Przemyslaw.Klys"
"UniFiTooling","jhochwald"
"Uninstall-Graph","merill"
"Uninstall-Modules","Zen"
"uninstall-modulessuperseded","SasStu"
"Uninstall-MsiApp","Subhash.PsGallery"
"UninstallHelper","realslacker"
"unishell","latkin"
"Unity-Powershell","equelin"
"UnityPackageArchiver","hanachiru"
"UnitySetup","Microsoft.Josh.Wittner,Microsoft.Derek.Freed"
"Universal","adamdriscoll"
"Universal.Apps.NetworkUtilities","adamdriscoll"
"Universal.Apps.PowerGUI","adamdriscoll"
"Universal.Apps.WindowsSystemInformation","adamdriscoll"
"Universal.Components.Calendar","adamdriscoll"
"Universal.Components.Joyride","adamdriscoll"
"Universal.Components.Loader","adamdriscoll"
"Universal.Components.Recharts","adamdriscoll"
"Universal.Components.TinyMCE","adamdriscoll"
"Universal.Icons.Bootstrap","adamdriscoll"
"Universal.Icons.Feather","adamdriscoll"
"Universal.Icons.MaterialDesign","adamdriscoll"
"Universal.Icons.Tabler","adamdriscoll"
"Universal.Notifications","adamdriscoll"
"Universal.Security.ActiveDirectoryRoles","adamdriscoll"
"Universal.Utilities.Apps","adamdriscoll"
"UniversalDashboard","adamdriscoll"
"UniversalDashboard.ActiveDirectory","adamdriscoll"
"UniversalDashboard.AnimateSvg","psdevuk"
"UniversalDashboard.Azure","adamdriscoll"
"UniversalDashboard.Calendar","adamdriscoll"
"UniversalDashboard.Charts","adamdriscoll"
"UniversalDashboard.CodeEditor","adamdriscoll"
"UniversalDashboard.ColorPicker","adamdriscoll"
"UniversalDashboard.Community","adamdriscoll"
"UniversalDashboard.Diagrams","adamdriscoll"
"UniversalDashboard.EventTimeline","psdevuk"
"UniversalDashboard.Factory","adamdriscoll"
"UniversalDashboard.FlexyTable","psdevuk"
"UniversalDashboard.Forge","adamdriscoll"
"UniversalDashboard.Funnel","psdevuk"
"UniversalDashboard.GithubCorner","psdevuk"
"UniversalDashboard.GitHubHeatMap","psdevuk"
"UniversalDashboard.GithubRepository","psdevuk"
"UniversalDashboard.GithubUser","psdevuk"
"UniversalDashboard.GoogleBarChart","psdevuk"
"UniversalDashboard.GoogleHistogram","psdevuk"
"UniversalDashboard.GoogleSankey","psdevuk"
"UniversalDashboard.GoogleTable","psdevuk"
"UniversalDashboard.GridLayout","adamdriscoll"
"UniversalDashboard.Helmet","adamdriscoll"
"UniversalDashboard.Hotkeys","adamdriscoll"
"UniversalDashboard.HyperV","adamdriscoll"
"UniversalDashboard.Knob","adamdriscoll"
"UniversalDashboard.Markdown","Poshil"
"UniversalDashboard.MaterialDesign","adamdriscoll"
"UniversalDashboard.MaterialUICarousel","Poshil"
"UniversalDashboard.Moment","adamdriscoll"
"UniversalDashboard.Monitoring","adamdriscoll"
"UniversalDashboard.Network","adamdriscoll"
"UniversalDashboard.NoAvatar","psdevuk"
"UniversalDashboard.ObjectTree","adamdriscoll"
"UniversalDashboard.Outrest","adamdriscoll"
"UniversalDashboard.scaffold","fr0mtheinternet"
"UniversalDashboard.Sparklines","adamdriscoll"
"UniversalDashboard.SQL","adamdriscoll"
"UniversalDashboard.Style","adamdriscoll"
"UniversalDashboard.SyntaxHighlighter","adamdriscoll"
"UniversalDashboard.TinyMCE","adamdriscoll"
"UniversalDashboard.TrendLine","psdevuk"
"UniversalDashboard.UD-Calendar","BoSen29"
"UniversalDashboard.UD-Hotkeys","BoSen29"
"UniversalDashboard.UDAvataaar","psdevuk"
"UniversalDashboard.UDBackPack","simpleUD"
"UniversalDashboard.UDBadgeButton","psdevuk"
"UniversalDashboard.UDBadgeLink","psdevuk"
"UniversalDashboard.UDBreadcrumb","psdevuk"
"UniversalDashboard.UDBreadcrumbItem","psdevuk"
"UniversalDashboard.UDBrowser","simpleUD"
"UniversalDashboard.UDBubble","psdevuk"
"UniversalDashboard.UDBurger","psdevuk"
"UniversalDashboard.UDButtonLoader","psdevuk"
"UniversalDashboard.UDButtonParticle","psdevuk"
"UniversalDashboard.UDCat","simpleUD"
"UniversalDashboard.UDCircle","simpleUD"
"UniversalDashboard.UDConfetti","psdevuk"
"UniversalDashboard.UDCreditCard","simpleUD"
"UniversalDashboard.UDCustomGauge","psdevuk"
"UniversalDashboard.UDDatePicker","simpleUD"
"UniversalDashboard.UDEmoji","simpleUD"
"UniversalDashboard.UDField","psdevuk"
"UniversalDashboard.UDFile","simpleUD"
"UniversalDashboard.UDFileIcon","psdevuk"
"UniversalDashboard.UDFinancialChart","darrenjrobinson"
"UniversalDashboard.UDGallery","psdevuk"
"UniversalDashboard.UDGantt","psdevuk"
"UniversalDashboard.UDGauge","psdevuk"
"UniversalDashboard.UDGaugeChart","psdevuk"
"UniversalDashboard.UDGhost","psdevuk"
"UniversalDashboard.UDHero","psdevuk"
"UniversalDashboard.UDIceCream","psdevuk"
"UniversalDashboard.UDillustration","psdevuk"
"UniversalDashboard.UDImageFX","simpleUD"
"UniversalDashboard.UDIndicator","simpleUD"
"UniversalDashboard.UDLoadingOverlay","psdevuk"
"UniversalDashboard.UDMarquee","simpleUD"
"UniversalDashboard.UDMineSweeper","psdevuk"
"UniversalDashboard.UDMorph","psdevuk"
"UniversalDashboard.UDMouseParticle","psdevuk"
"UniversalDashboard.UDMug","psdevuk"
"UniversalDashboard.UDMultiLine","psdevuk"
"UniversalDashboard.UDNavbarSearch","psdevuk"
"UniversalDashboard.UDNumber","simpleUD"
"UniversalDashboard.UDNumberMask","psdevuk"
"UniversalDashboard.UDOrgChart","psdevuk"
"UniversalDashboard.UDParallax","simpleUD"
"UniversalDashboard.UDPieChart3D","psdevuk"
"UniversalDashboard.UDPivotTable","psdevuk"
"UniversalDashboard.UDPlanet","simpleUD"
"UniversalDashboard.UDPlayer","psdevuk"
"UniversalDashboard.UDQueryBuilder","psdevuk"
"UniversalDashboard.UDRangeSlider","psdevuk"
"UniversalDashboard.UDReadingBar","psdevuk"
"UniversalDashboard.UDResizeWindow","psdevuk"
"UniversalDashboard.UDScrollSpy","psdevuk"
"UniversalDashboard.UDScrollUp","psdevuk"
"UniversalDashboard.UDSelectDateTime","psdevuk"
"UniversalDashboard.UDSelector","psdevuk"
"UniversalDashboard.UDSignature","psdevuk"
"UniversalDashboard.UDSimpleDrawer","psdevuk"
"UniversalDashboard.UDSimpleIcon","psdevuk"
"UniversalDashboard.UDSingleLine","psdevuk"
"UniversalDashboard.UDSingleSelector","psdevuk"
"UniversalDashboard.UDSkeleton","psdevuk"
"UniversalDashboard.UDSkillBar","psdevuk"
"UniversalDashboard.UDSlider","simpleUD"
"UniversalDashboard.UDSpeechBubble","psdevuk"
"UniversalDashboard.UDSpinner","simpleUD"
"UniversalDashboard.UDSprite","simpleUD"
"UniversalDashboard.UDStep","psdevuk"
"UniversalDashboard.UDStepBar","psdevuk"
"UniversalDashboard.UDStepProgressBar","psdevuk"
"UniversalDashboard.UDStickyNavbar","psdevuk"
"UniversalDashboard.UDSweetAlert","simpleUD"
"UniversalDashboard.UDTablerIcon","psdevuk"
"UniversalDashboard.UDTagCloud","psdevuk"
"UniversalDashboard.UDTextAnimate","psdevuk"
"UniversalDashboard.UDTextLoop","psdevuk"
"UniversalDashboard.UDTextScramble","psdevuk"
"UniversalDashboard.UDThemeMode","psdevuk"
"UniversalDashboard.UDTimeLine","psdevuk"
"UniversalDashboard.UDTimeOut","psdevuk"
"UniversalDashboard.UDTopLoader","psdevuk"
"UniversalDashboard.UDTwitterFollow","psdevuk"
"UniversalDashboard.UDTwitterHashtag","psdevuk"
"UniversalDashboard.UDTwitterMention","psdevuk"
"UniversalDashboard.UDTwitterShare","psdevuk"
"UniversalDashboard.UDTwitterTimeline","psdevuk"
"UniversalDashboard.UDTwitterTweet","psdevuk"
"UniversalDashboard.UDTyping","psdevuk"
"UniversalDashboard.UDunDraw","simpleUD"
"UniversalDashboard.UDUnSplash","psdevuk"
"UniversalDashboard.UDWhiteboard","psdevuk"
"UniversalDashboard.UDWindow","BoSen29"
"UniversalDashboard.UDWindowUI","psdevuk"
"UniversalDashboard.UDWordTree","psdevuk"
"UniversalDashboard.VideoPlayer","Poshil"
"UniversalDashboard.Windows","adamdriscoll"
"UniversalPrintManagement","UniversalPrint,stjong,prvegesn,nilakhan,KatherineFu"
"UnixLike","taichi"
"UnofficialIntuneManagement","kristofferoch,klemmestad"
"UntisGpnFileTools","hansadmin"
"UofIAxonius","UofI-Cybersecurity"
"UofICDB","UofI-Cybersecurity"
"UofIDMI","UofI-Cybersecurity"
"UofIFeroot","UofI-Cybersecurity"
"UofIQualys","UofI-Cybersecurity"
"UofISplunkCloud","UofI-Cybersecurity"
"UorProxyConfig","Sathursan-S"
"UpBank","darrenjrobinson"
"Update-AllPSModules","KieranCork"
"Update-DellComputersRemotely","rashka"
"Update-IISCertificate","Techie4Life83"
"Update-ImmutableIDAzureAD","Dewilrig"
"Update-Lbi","mazzy"
"Update-NvaIpinRouteTable","Ishan34"
"Update-TsUser","DataRoberts"
"Update-UserUPN","scott.mcallister"
"UpdateGitHubFiles","AlainZouki"
"UpdateGitRepositories","reZach"
"UpdateInstalledModule","Martin_Binder"
"UpdateManagement","Yevrag35"
"UpdatePwshModule","JM2K69"
"UpdateServicesClientDSC","kennyvh"
"UpdateServicesDsc","gaelcolas,migreene,dsccommunity"
"Updatomatic","Przemyslaw.Klys"
"UPDManagement","Techie4Life83"
"UpgradePowerShell","MSAdministrator"
"Uplift.Core","SubPointSupport"
"UplinkSystems.Terraform","AndreasSchreiner"
"UploadModule","Poojasharma"
"UPMMigration","eswaras"
"UPSCmdlets","CData"
"Uptime","mmillar-bolis"
"Uri","PSModule.io"
"UrlQueryStringParser","Pxtl"
"URLScan.io","TehMuffinMoo"
"urlshrtPS","vidarkongsli"
"UsagiTools","Norava"
"USC-SCCM","doc5avage"
"Use-AzureAD","MS-LUF"
"Use-Fluentd","paradoxguitarist"
"Use-Onyphe","MS-LUF"
"Use-RawPipeline","GeeLaw"
"Use-Uptobox","MS-LUF"
"Use-WhoisOvertHTTP","MS-LUF"
"UsefulArgumentCompleters","MartinGC94"
"UsefulTools","buscseik"
"UserProfile","Meelis,MeelisN"
"UserRegistryDSC","Crombell95"
"UserRightsAssignment","Fred"
"UsersToDevices","r3m0teadm1n"
"USPSCmdlets","CData"
"Ut99Tools","RIKIKU"
"Utf8BomHeader","guitarrapc"
"Utilities","PSModule.io"
"UtilitiesPS","kitforbes"
"Utility.PS","jasoth"
"UtilityFunctions","pavel.stsefanovich"
"UtilityModule","anweshmohapatra"
"UtilModule","thechandanbhagat"
"Vagrantey","steviecoaster"
"VagrantPredictor","nixuno"
"valentia","guitarrapc"
"Validate-DCB","dfcuomo,DFCUOMOJ,CoreNetBuilder"
"ValidateJson","mdlopresti"
"ValidateAADJwt","ScomNewbie"
"ValoPS","decapent316"
"VaporShell","nferrell"
"VariableStash","JohnRoos"
"Varibill.SourceData","leonkelder"
"Vasp2Visual","asaboor"
"VaultControl","pspete"
"vaultcredential","jordanmills"
"VaultServer","pldmgg"
"VaultTools","ewhitesides"
"VbsFunction","BaldCat"
"vcd-h5-themes","jonwaite"
"vCDEdgeSSL","jonwaite"
"vCDSitePair","jonwaite"
"VCF.JSONGenerator","kengould"
"VCF.PowerCLI","VMware"
"vCloudDirector","FBader"
"vCloudRest","ihumster"
"VCommander","Scottybullet"
"VCommanderRestClient","Scottybullet"
"VcRedist","aaronparker"
"VCVars","slurps-mad-rips"
"vdbtools","gareth.dawson"
"vDocumentation","edmsanchez"
"vds","brandoncomputer"
"VE-PSAST","VirtualEgress"
"veeam-powershell-sdk","AdamMazouz"
"Veeam.Diagrammer","jcolonfzenpr"
"Veeam.PowerCLI-Interactions","vMarkus_K"
"VeeamAgent","ChrisTaylorCodes"
"VeeamLogParser","vMarkus_K"
"VeeamNetAppToolkit","vMarkus_K"
"VeeamPN","ChrisTaylorCodes"
"VeeamSPC","ChrisTaylorCodes"
"VeeamSqlPerms","G2Technologies"
"VeevaVaultCmdlets","CData"
"VegaShell","PaulPowershell"
"VeilVer","PalmEmanuel"
"VenafiPS","Gdbarron"
"VencordModule","eliasblume"
"Venom","cadayton"
"venus","cuicheng11165"
"venvlink-autoenv","np8"
"Vera","sierra"
"Verbtionary","jfhbrook"
"VerifyEncoding","ForNeVeR"
"verkadaModule","brad.parker_verkada.com"
"Version","Schvenn"
"VersionAnalyzerRules","GavinEke"
"VersionInfrastructure","abelsquidhead"
"VersionNumber","thordreier"
"VerticalWide","aprykhus"
"Vester","chriswahl"
"Vexa","ryanjan"
"vFunctions","SupSkiFun"
"vgaup.testmodule","vog"
"VHDChain","manuel.sperrle"
"VHDX","Fred"
"viad-modules","CHOCMEEK"
"Victor","freddie.sackur"
"victorykit.PSConfluencePublisher","victorykit"
"VictronEnergy","Qed"
"VideoResolution","robgreen"
"VigenereCipher","TeeStar"
"vim","PowerCode"
"VimTabCompletion","K5eKCzBJw"
"VincentyFormulae","miyamiya"
"VIPerms","ryanjan"
"VirgilsPSToolkit","Virgil-Bulens"
"VirimaJEASetup","Chaitra"
"Virten.net.VimAutomation","fgrehl"
"VirtualDesktop","MScholtes"
"VirtualEngine.Build","iainbrighton"
"VirtualEngine.EvergreenDsc","iainbrighton"
"Virtualenv","thomas-illiet"
"VirtualMachineManager","sitak"
"VirusTotalAnalyzer","Przemyslaw.Klys"
"Viscalyx.Assert","JohanLjunggren"
"Viscalyx.Common","JohanLjunggren"
"VisiNightlyBuild","BobNicolescu"
"Visio","saveenr,VisioAutomation"
"VisioBot3000","MikeShepard"
"VisiPsLib","BobNicolescu"
"VisiRepli","BobNicolescu"
"VisiSec","BobNicolescu"
"VistaCay","Norman.Mann"
"VisualEffects","ArnoudJansveld"
"VisualStudio2015","Prajeesh"
"VisualStudioCloudLoadTest","DougBW"
"VisualStudioDSC","NikCharleboisPFE"
"VisualStudioTeamServices","christopher.mank"
"VitecManagement","Lars_VitecAloc"
"VitecPSModule","Lars_VitecAloc"
"vlDeploy","DominikBritz2,DominikBritz-vastlimits"
"VMCO","mmcgill"
"VMConnectConfig","thegraffix"
"VMFleet","danlo,tayloh"
"VMFSIncrease","LucD"
"vmmanager","jtuttas"
"vms","julioviana"
"vmware-better-network-resolve","evalexp"
"VMware-NSXvCD-Module","vMarkus_K"
"VMware-vCD-Module","vMarkus_K"
"VMware.CDS.Community","AdrianBegg"
"VMware.CfgMax","dcoghlan"
"VMware.Cloud.Director.Community","AdrianBegg"
"VMware.CloudFoundation.CertificateManagement","VMware,GaryJBlake"
"VMware.CloudFoundation.InstanceRecovery","brianoconnell,kengould"
"VMware.CloudFoundation.LoggingManagement","GaryJBlake"
"VMware.CloudFoundation.PasswordManagement","VMware,GaryJBlake"
"VMware.CloudFoundation.PowerManagement","VMware,GaryJBlake"
"VMware.CloudFoundation.Reporting","VMware,GaryJBlake"
"VMware.CloudServices","VMware"
"VMware.Community.AppTransformer","lamw"
"VMware.Community.Datasets","lamw"
"VMware.Community.VCSA.Update","dstamen"
"VMware.Community.VPlus","lamw"
"VMware.Community.VSANDP","lamw"
"VMware.CSP","lamw"
"VMware.DeployAutomation","VMware"
"VMware.DRaaS","lamw"
"VMware.HCX","lamw"
"VMware.ImageBuilder","VMware"
"VMware.LifecycleMatrix","dcoghlan"
"VMware.OpenAPI","VMware"
"VMware.PowerCLI","VMware"
"VMware.PowerCLI.Sdk","VMware"
"VMware.PowerCLI.Sdk.Types","VMware"
"VMware.PowerCLI.VCenter","VMware"
"VMware.PowerCLI.VCenter.Types.ApplianceService","VMware"
"VMware.PowerCLI.VCenter.Types.CertificateManagement","VMware"
"VMware.PSDesiredStateConfiguration","VMware"
"VMware.Sdk.Nsx.Policy","VMware"
"VMware.Sdk.Nsx.Policy.GlobalInfra","VMware"
"VMware.Sdk.Nsx.Policy.Infra","VMware"
"VMware.Sdk.Nsx.Policy.Initialize","VMware"
"VMware.Sdk.Runtime","VMware"
"VMware.Sdk.Srm","VMware"
"VMware.Sdk.Vcf.CloudBuilder","VMware"
"VMware.Sdk.Vcf.Installer","VMware"
"VMware.Sdk.Vcf.Ops","VMware"
"VMware.Sdk.Vcf.SddcManager","VMware"
"VMware.Sdk.Vr","VMware"
"VMware.Sdk.vSphere","VMware"
"VMware.Sdk.vSphere.Appliance","VMware"
"VMware.Sdk.vSphere.Appliance.Access","VMware"
"VMware.Sdk.vSphere.Appliance.Health","VMware"
"VMware.Sdk.vSphere.Appliance.InfraProfile","VMware"
"VMware.Sdk.vSphere.Appliance.LocalAccounts","VMware"
"VMware.Sdk.vSphere.Appliance.Logging","VMware"
"VMware.Sdk.vSphere.Appliance.Networking","VMware"
"VMware.Sdk.vSphere.Appliance.Recovery","VMware"
"VMware.Sdk.vSphere.Appliance.SupportBundle","VMware"
"VMware.Sdk.vSphere.Appliance.System","VMware"
"VMware.Sdk.vSphere.Appliance.Tls","VMware"
"VMware.Sdk.vSphere.Appliance.Update","VMware"
"VMware.Sdk.vSphere.Cis","VMware"
"VMware.Sdk.vSphere.Cis.Tagging","VMware"
"VMware.Sdk.vSphere.Content","VMware"
"VMware.Sdk.vSphere.ContentLibrary","VMware"
"VMware.Sdk.vSphere.Esx.Hcl","VMware"
"VMware.Sdk.vSphere.Esx.Hosts","VMware"
"VMware.Sdk.vSphere.Esx.Settings","VMware"
"VMware.Sdk.vSphere.SnapService","VMware"
"VMware.Sdk.vSphere.VAPI.Metadata","VMware"
"VMware.Sdk.vSphere.vCenter","VMware"
"VMware.Sdk.vSphere.vCenter.Authentication","VMware"
"VMware.Sdk.vSphere.vCenter.Authorization","VMware"
"VMware.Sdk.vSphere.vCenter.CertManagement","VMware"
"VMware.Sdk.vSphere.vCenter.ConsumptionDomains","VMware"
"VMware.Sdk.vSphere.vCenter.Content","VMware"
"VMware.Sdk.vSphere.vCenter.Datastore","VMware"
"VMware.Sdk.vSphere.vCenter.Deployment","VMware"
"VMware.Sdk.vSphere.vCenter.Guest","VMware"
"VMware.Sdk.vSphere.vCenter.HVC","VMware"
"VMware.Sdk.vSphere.vCenter.Identity","VMware"
"VMware.Sdk.vSphere.vCenter.Inventory","VMware"
"VMware.Sdk.vSphere.vCenter.ISO","VMware"
"VMware.Sdk.vSphere.vCenter.LCM","VMware"
"VMware.Sdk.vSphere.vCenter.NamespaceManagement","VMware"
"VMware.Sdk.vSphere.vCenter.Namespaces","VMware"
"VMware.Sdk.vSphere.vCenter.OVF","VMware"
"VMware.Sdk.vSphere.vCenter.Services","VMware"
"VMware.Sdk.vSphere.vCenter.Storage","VMware"
"VMware.Sdk.vSphere.vCenter.SystemConfig","VMware"
"VMware.Sdk.vSphere.vCenter.Tagging","VMware"
"VMware.Sdk.vSphere.vCenter.Topology","VMware"
"VMware.Sdk.vSphere.vCenter.TrustedInfrastructure","VMware"
"VMware.Sdk.vSphere.vCenter.VCHA","VMware"
"VMware.Sdk.vSphere.vCenter.Vm","VMware"
"VMware.Sdk.vSphere.vCenter.VmTemplate","VMware"
"VMware.Sdk.vSphere.vStats","VMware"
"VMware.Sdk.vSphereRuntime","VMware"
"VMware.Skyline.InsightsApi","bwuch"
"VMware.TanzuApplicationService.Utility","hinlamvmware"
"VMware.vCAV.Community","AdrianBegg"
"VMware.VCDA.AVS","gpanayotov"
"VMware.VCDRService","mdaneri"
"VMware.Vcf.SddcManager","VMware"
"VMware.View.Broker","9whirls"
"VMware.Vim","VMware"
"VMware.VimAutomation.Cis.Core","VMware"
"VMware.VimAutomation.Cloud","VMware"
"VMware.VimAutomation.Common","VMware"
"VMware.VimAutomation.Core","VMware"
"VMware.VimAutomation.Custom","dapacruz"
"VMware.VimAutomation.HA","VMware"
"VMware.VimAutomation.Hcx","VMware"
"VMware.VimAutomation.HorizonView","VMware"
"VMware.VimAutomation.License","VMware"
"VMware.VimAutomation.Nsxt","VMware"
"VMware.VimAutomation.PCloud","VMware"
"VMware.VimAutomation.Sdk","VMware"
"VMware.VimAutomation.Security","VMware"
"VMware.VimAutomation.Srm","VMware"
"VMware.VimAutomation.Storage","VMware"
"VMware.VimAutomation.StorageUtility","VMware"
"VMware.VimAutomation.Vds","VMware"
"VMware.VimAutomation.Vmc","VMware"
"VMware.VimAutomation.Vpc","VMware"
"VMware.VimAutomation.vROps","VMware"
"VMware.VimAutomation.WorkloadManagement","VMware"
"VMware.VMC","AlanRenouf"
"VMware.VMC.Notification","lamw"
"VMware.VMC.NSXT","lamw"
"VMware.vSphere.SsoAdmin","VMware"
"VMware.vSphereDSC","VMware"
"VMware.VumAutomation","VMware"
"VMware.WorkloadManagement","lamw"
"VMware.WorkspaceOneAccess","lamw"
"VMwareAdmin-Extras","LuisCarrillo"
"VMwareBaselineCheck","shield"
"vmwarecode","Ankush11"
"VMwareFever","claudiospizzi"
"VMwareHomeLab","JM2K69"
"vmxtoolkit","labbuildr"
"vNugglets.Utility","MattBoren"
"vNugglets.VDNetworking","MattBoren"
"VoiceCommands","jhp"
"Voicemeeter","onyx_online"
"Voleer.Packages.Beta","BT_AutomationEngineers"
"volta-tab-completion","abgo"
"Volumio","the-mentor"
"VpasModule","vmelamed5"
"VPLEX-Powershell","equelin"
"VPNCredentialsHelper","pstancer"
"vPOSH","jlw52761"
"vPOSH.Core","jlw52761"
"vPOSH.Crypto","jlw52761"
"vPOSH.Network","jlw52761"
"vPOSH.Storage","jlw52761"
"vPOSH.VUM","jlw52761"
"VRisingServerManager","edgetools"
"vroide","gazm81"
"vROps-Reports","ryanjan"
"vROpsRestAPIHelper","Panzerbjrn"
"VRSNS_PhotoRenamer","hsaito"
"VrtuModule","wmattlong"
"vsadmin","VikasSukhija"
"VSAModule","Vladislav.Semko"
"VSC-ExtensionSetup","SomeProgrammer"
"VSCETabCompletion","DougFinke"
"vscode","Ravikanth"
"VSCodeBackup","luzkenin"
"vscodeextensions","BrandonPadgett"
"vscodeinstaller","ZooDeploy"
"VSCodeSettingDSC","GijsReijn"
"VsDevShell","awakecoding"
"vsinghscripts","vsinghaz"
"vsmTools","NiXerasse"
"vsmTools2","NiXerassse"
"VsoLoggingCommands","loanDepotDevOps"
"VsoReleaseManagerClient","cakriwut"
"vSphere-Helper","FLoCola"
"vSphere-Modules","vMarkus_K"
"vSphereDSC","LucD"
"vSphereNetAppToolkit","vMarkus_K"
"VssAdmin","sewhee"
"VSSetup","VSSetup"
"VSTeam","darquewarrior"
"VSTeam1","RazorSPoint"
"VSTS","adamdriscoll"
"VSTS.User.CLI","mswietlicki"
"VSTSAgent","Microsoft.Josh.Wittner,Microsoft.Forrest.Trepte"
"VSTSDsc","WayneHoggett"
"VstsModuleManagement","joshuaitguy"
"VstsRestApiClient","PoshTamer"
"VstsTaskSdk","VSTS,martinmrazik,EDergachev,tramsing"
"VstsTaskSdk-Test","ismayil"
"VstTools","maranite"
"vtfk.SkypeMaintenanceMode","vtfk"
"VUMXtra","TheDotSource"
"vvny.Module","vinay.ravish"
"vwsmoduletest","VictorWelasco"
"Vynae","Bajiri"
"w10","vinils"
"wagnersolutions.cloud-init","f.wagner"
"wagnersolutions.SAPSetupPatchManagement","f.wagner"
"wagnerSolutions.SAPSupportAPI","f.wagner"
"Wait-Net","ssg"
"WakeOnLan","ChrisWarwick"
"WakeUpAzureWebApp","MarvinBrouwerValtech"
"WakeyWakey","Swarfega"
"WakieWakie","Jason.Parker"
"WallpaperManager","KendalBallard"
"WAPTenantPublicAPI","bgelens"
"wara","takeshi-katano,arthurclares"
"WardToolbox","wardbox"
"WarFrameRelics","Sambardo"
"WarframeStatus","Circl3s"
"Warhammer40kTools","LouisRuocco"
"WarplanepornLockscreen","viccol961"
"WasabiCmdlets","CData"
"Wasp","Jaykul"
"Watch","markwragg"
"Watch-Command","KevinMarquette"
"WatchDog","Callidus2000,callidus2001"
"Watchmen","devblackops"
"WaveFinancialCmdlets","CData"
"wayback","mahmodali9200"
"wbMSPmodule","wadebach22"
"WcfPS","dev1978"
"wcftp","royashbrook"
"WdsDsc","jhp"
"Web","PSModule.io"
"Web.Helper.HostFile","Ghodrat.Ashournia"
"WebAdministrationDsc","PowerShellTeam,gaelcolas,dsccommunity"
"WebApplicationProxyDSC","halbarad"
"WebAuthenticationBroker","GeeLaw"
"WebBindingDsc","liquori.chris"
"WebDevNavigator","fjbh"
"WebExtension","patto-sk"
"WebfileCacher","Carbun"
"WebHelpDesk","Collin"
"WebHost","zhixian"
"WebJEAConfig","MDomansky"
"WebKitDev","donolmstead"
"WebOperator","kmkzYozora"
"WebPI.PS","alan-null"
"WebRequest","NicholasDille"
"WebrootUnity","ChrisTaylorCodes"
"WebScrapperTim","timayabi"
"WebServer","MScholtes"
"website-tweax","yilmazm"
"WebsiteFailedLogins","phbits"
"WebSocket","Start-Automating"
"WecEventlog","SaGSA"
"Weedu","devDidacware"
"WEFTools","mczerniawski"
"Weight","FilipCollin"
"WFControls","AntonnyGodinho"
"WFControlsLIB","AntonnyGodinho"
"WFM-Tools","LukeHagar"
"WFTools","ramblingcookiemonster"
"whateversaysai","schil01"
"WhatIsMyIP","andysvints"
"WhatsNew","nick.spreitzer"
"WhatsUpGoldPS","jayyx2"
"WhereFor","Start-Automating"
"WHfBTools","adfabpsh"
"which-command-GPT","Jaswir-Raghoe"
"Whiskey","pshdo,webmd-health-services,DecoyJoe"
"WhisperPS","ConstMe"
"WhiteboardAdmin","whiteboard-ps"
"WhoCalled","freddie.sackur"
"WhoRMi","Ed.Elliott"
"WieldingAnsi","akwebb1"
"WieldingLocation","akwebb1"
"WieldingLs","akwebb1"
"WieldingStackScript","akwebb1"
"WienExpertsLive","ISESteroids"
"WiFi","trevor"
"WifiConnectionAPI","tvanleeuwen"
"wifiprofilemanagement","JasonW"
"WiFiProfileManagementDsc","mkht"
"WifiTools","buscseik"
"WillPittenger.Goodies.PowerShell.JSON","WillPittenger"
"WillPittenger.Goodies.PowerShell.Sounds","WillPittenger"
"WilmaPSWorker","Petri"
"WimWitch-Reloaded","mchave3"
"WimWitchFK","ALaurie"
"win-cron","BlueConfetti"
"win-fonts","tonymet"
"Win11Readiness","PortalDotJay"
"Win11ToWin10UI","direnconen"
"Win32AppManagement","ConfigJon"
"Win32AppMigrationTool","byteben"
"Win32Shutdown","ChrisCarter"
"WinAdm","brunobritorj"
"WinCloudInit","akamac"
"WinDbg","LeeHolmes"
"WinDeployTUI","wilcodl"
"WinDiffStuff","robdo"
"WinDirOps","LarryWisherMan"
"WindmillClient","rubenfiszel"
"windows","vinils"
"windows-screenfetch","JulianChow94"
"windows-screenfetch-fast","piotrpdev"
"windows-theme","leandrw"
"Windows2008PFXImport","PoshSecurity"
"WindowsAdmxParser","innovatodev"
"WindowsAid","eolith"
"WindowsAutoPilotIntune","hdang,BrianP,marsun,zakstacks,Nandhini_Prasad"
"WindowsAutopilotIntuneCommunity","andrew_s_taylor"
"WindowsAutopilotPartnerCenter","hdang,BrianP,marsun"
"WindowsBox.AutoLogon","sneal"
"WindowsBox.Compact","sneal"
"WindowsBox.DevMode","sneal"
"WindowsBox.Explorer","sneal"
"WindowsBox.Hibernation","sneal"
"WindowsBox.Network","sneal"
"WindowsBox.RDP","sneal"
"WindowsBox.UAC","sneal"
"WindowsBox.VagrantAccount","sneal"
"WindowsBox.VMGuestTools","sneal"
"WindowsBox.WindowsUpdates","sneal"
"WindowsBox.WinRM","sneal"
"WindowsBuilder","manuel.sperrle"
"WindowsCompatibility","stevel-msft"
"WindowsConsoleFonts","Jaykul"
"WindowsCredential","talex,rborbonmicrosoft"
"WindowsCredentialManager","JustinGrote"
"WindowsDefender","milind"
"WindowsDefenderDsc","PowerSheller,JasonW,erjenkin"
"WindowsDiagnosticData","WindowsPrivacyTools"
"WindowsDiskCleanup","alan-null"
"WindowsDisplayManager","patricktheprogrammer"
"WindowsEventForwarding","AndiBellstedt"
"WindowsEvents","Largehawiian"
"WindowsExplorerSync","mastersign"
"WindowsFever","claudiospizzi"
"WindowsImageBuilder","cloudbase"
"WindowsImageConverter","hvoges"
"WindowsImageTools","BladeFireLight"
"WindowsKeyboardManagement","macks"
"WindowsLab","Human.Against.Machine"
"WindowsLocationServices","Aljer8118"
"WindowsMachineInstall","mosdev"
"WindowsOEMinformation","maoizm"
"WindowsOfflineUpdate","maoizm"
"WindowsOSBuild","AshleyHow"
"WindowsOSServicing","AshleyHow"
"WindowsPath","sangafabrice"
"WindowsPSModulePath","stevel-msft"
"WindowsReleaseInformation","JoseS"
"WindowsSandboxTools","JeffHicks"
"WindowsSearchManager","mawosoft"
"WindowsStartKeyControl","chixus"
"WindowsToolkit","PatrickJD84"
"WindowsUpdateManagement","Largehawiian"
"WindowsUpdateSetting","JeffHicks"
"WindowsUpdateTools","AlexAppleton"
"WindowsUtils","UncleCisco"
"WindowsVersion","Don0815"
"WinEventLogCustomization","AndiBellstedt"
"Winformal","Start-Automating"
"WinFormPS","lazywinadm"
"WinGet","ethanbergstrom"
"WinGet-Essentials","jjcarrier"
"Winget.Update.System","ThibautTrarbach"
"WinGetInfoObject","KPC-Integrations"
"WinGetManifestFetcher","jorgeasaurus"
"wingetposh","Yves848"
"WingetTools","JeffHicks"
"WingetWrapper","PowerShellCrack"
"WinGUI","leowu"
"WinInetProxy","nwoodmsft,yesayi"
"WinMan","ashishrajsrivastava"
"WinOps","chisho21"
"Winpack","Yves848"
"WinpeOutGridView","itpro420ant"
"WinPower","rootdata21"
"WinPrefs","Tatsh"
"WinProfileOps","LarryWisherMan"
"WinRegistry","pavel.stsefanovich"
"WinRegOps","LarryWisherMan"
"WinRMCheck","Tom0392"
"WinRmTrustedHost","JustinGrote"
"WinSCP","dotps1"
"WinSecureDNSMgr","hotcakex"
"WinSoftwareUpdate","rstolpe"
"winspray","jseguillon"
"WinSSH","pldmgg"
"Wintel","Trakesh"
"WintellectPowerShell","JohnRobbins"
"WinTuner","svrooij"
"WinTZ","TsekNet"
"WinUIShell","mdgrs-mei"
"WinUpd","archmachina"
"WinvmProxy","yyan207"
"WiscO365","ejbakken_wisc,ejbakken"
"Wise4060PS","lmnewey"
"WisherTools.Helpers","LarryWisherMan"
"WITSQLtools","witcon"
"WITtools","witcon"
"wks_automationHelper","wakers"
"wks_graphapi","wakers"
"wks_htmlReporting","wakers"
"WmiEvent","jaredatkinson"
"WmiListener","Joel055"
"WmiNamespaceSecurity","stevelee"
"Woocommerce","R41Z0"
"WooCommerceCmdlets","CData"
"WordDoc","shanehoey"
"WordManager","Przemyslaw.Klys"
"WordPressCmdlets","CData"
"Workbench","astral-keks"
"WorkdayCmdlets","CData"
"WorkflowAndDocuments","KrzysztofBrandowski"
"WorkflowManagerDSC","NikCharleboisPFE,YorickKuijs"
"WorkPointPSCmdlets","WorkPoint"
"worksmodule","FernandeLucasJob"
"Wormies-AU-Helpers","AdmiringWorm"
"WoW","PSModule.io"
"WozTools","Woz"
"WPF_DSL","MikeShepard"
"WPFBot3000","MikeShepard"
"WPFPS","lazywinadm"
"WPNinjas.Dsregcmd","ThomasKur"
"WPNinjas.PasswordGeneration","ThomasKur"
"WPNinjas.AADDeviceAuthentication","ThomasKur"
"Wrike","brianaddicks"
"WrikeExplorer","JHendricks"
"Write-AzLogEntry","c.diehl"
"Write-Big-Char","ACupofAir"
"Write-ColoredOutput","CloudComputee.Com"
"Write-Colour","dgard"
"Write-Cout","dlothmann"
"Write-Day","Glitch001"
"Write-FancyLog","malcolm.sheridan"
"Write-FunctionCallToHost","TomChantler"
"Write-HostPlus","PoorlyExecuted"
"Write-HtmlNode","bdukes,bdukes-engage,bdukes-engage1"
"Write-Log","b.fourie"
"Write-LogMessage","KevinAttardCompagno"
"Write-ObjectToSQL","JohnRoos"
"Write-ProgressEx","mazzy"
"Write-ShellMenu","PoorlyExecuted"
"write-slack","rleonard55"
"Write-UMN","jkeppers"
"Write.Extensions","alalbers"
"WriteAnalyticsLog","rzander"
"WriteAscii","joakimbs"
"WriteColour","stuartio"
"WriteLog","apteco_fvb"
"writelogasync","dreadytofat"
"WriteMenu","PoorlyExecuted"
"WriteMyLogs","CloudComputee.Com"
"WriteParagraph","nick.spreitzer"
"WriteProgressPlus","PedroKostam"
"WriteToLogs","pkparsard"
"wrt.helpers","maurice.dejong,maurieezzz"
"WS1AccessAdminAPI","GrishaKalih"
"WSAProvider","Fareha,farehamsft"
"WSDLToYAML","JaKris"
"Wsl","SvenGroot"
"Wsl-Alpine","antoinemartin"
"Wsl-Arch","antoinemartin"
"Wsl-Manager","antoinemartin"
"WSLBlobNFS","shankarmb,pragyagandhi,cagrawal-msft"
"WSLForge","sriramj"
"WslInterop","mike.battista"
"WSLTabCompletion","NotTheDr01ds"
"WSLTools","Crad"
"WSManDsc","dscottraynsford,dsccommunity"
"WSO2-Auth","daz96050"
"WSTools","skyler.hart"
"wt-shell-integration","digitalguy99"
"WTAdmin","MiroHolub"
"WTerraform","WhiteTom"
"wtf-wfp","sagie"
"WTools","HeyDude378"
"WTToolBox","JeffHicks"
"WTX","Start-Automating"
"wunderlist","sstranger"
"WyPowershell","jwyckoff"
"WaaSAssessment","VincentAnso"
"X509Crypto","mikebrunocissp"
"X509Details","darrenjrobinson"
"x7Zip","vhcomptech"
"xActiveDirectory","PowerShellTeam"
"xAdcsDeployment","PowerShellTeam"
"Xamarin.Loves.Kawaiicon.1.0.1","NF0x00"
"XamarinImageImporter","teamtam"
"xanderu.helpers","Jebuz"
"xanderu.sql","Jebuz"
"XAz","marckassay"
"xAzure","PowerShellTeam,gaelcolas,dsccommunity"
"xAzurePack","PowerShellTeam,gaelcolas,dsccommunity"
"xAzureTempDrive","DdenBraver"
"xBaseCmdlets","CData"
"xBitlocker","PowerShellTeam,gaelcolas,dsccommunity"
"xBitsDsc","cschuchardt"
"XboxlivePSModule","jicailiu"
"XboxMultiplayerChat","chris.bpalmer,ChrisPalmer"
"XBPS","Start-Automating"
"XCartCmdlets","CData"
"xCartwheel","Derek"
"xCertificate","PowerShellTeam"
"xCertificatePrivateKeyAccess","Strike"
"xCertThumbprint","svenvanrijen"
"xCertThumbprintKeyVault","svenvanrijen"
"xChrome","PowerShellTeam,gaelcolas,dsccommunity"
"xCIMSecurity","Strike"
"xColors","Jaykul"
"xComputerManagement","PowerShellTeam"
"XConfigMaster","HECFLORES1993"
"xCredSSP","PowerShellTeam,gaelcolas,dsccommunity"
"XD-PSTools","emeinders"
"xDatabase","PowerShellTeam,gaelcolas,dsccommunity"
"xDefender","PowerShellTeam"
"xDFS","PowerShellTeam"
"xDhcpServer","PowerShellTeam,gaelcolas,dsccommunity"
"xDhcpServerOption119","realslacker"
"XDHealthCheck","smitpi"
"xDisk","PowerShellTeam"
"xDismFeature","PowerShellTeam,gaelcolas,dsccommunity"
"xDnsServer","PowerShellTeam,gaelcolas,dsccommunity"
"XDomainControllers-Events","bshwjt"
"xDownloadFile","NikCharleboisPFE"
"xDownloadISO","NikCharleboisPFE"
"xDscDiagnostics","PowerShellTeam,gaelcolas,dsccommunity"
"xDSCDomainjoin","Theonlywaye"
"xDSCDownloadFile","VLoub"
"xDSCFirewall","Theonlywaye"
"xDscHelper","jhp"
"xDSCResourceDesigner","PowerShellTeam,gaelcolas,dsccommunity"
"xDSCResources","robgarrett"
"xDscScript","anwather"
"xDSCSEPVIE","Theonlywaye"
"xDSCUtils","NanaLakshmanan"
"xDSCVault","Theonlywaye"
"XenDesktop7","iainbrighton"
"XenDesktop7Lab","iainbrighton"
"xEnvironmentVariables","Rbleattler,CoastTech"
"XeroCmdlets","CData"
"XeroWorkflowMaxCmdlets","CData"
"Xester","jpsider"
"xEventlog","Strike"
"xEventLogConfiguration","Strike"
"xExchange","PowerShellTeam,gaelcolas,dsccommunity"
"xEXOUserAvailability","onescript"
"xFailOverCluster","PowerShellTeam,gaelcolas,dsccommunity"
"xFirefox","PowerShellTeam,gaelcolas,dsccommunity"
"xHyper-V","PowerShellTeam,gaelcolas,dsccommunity"
"xHyper-VBackup","taylorb,taylorbrown"
"Xiaomi","TDabasinskas"
"xIISApplicationPoolIdentityType","Strike"
"xIISCertSBinding","Strike"
"xIISMachineKey","Strike"
"xIISMail","Strike"
"xIISSession","Strike"
"xIISWebBinding","Strike"
"xilabs","dreadytofat"
"xInstallDotNet462Framework","jtyrrell"
"xInstallDotNet48Framework","kopantos"
"xInternetExplorerHomePage","PowerShellTeam,gaelcolas,dsccommunity"
"xITGHyperV","sergei.s.betke"
"xJea","PowerShellTeam,jsnover"
"XKCD","markwragg"
"XKCDPass","adambirds"
"XliffSync","rvanbekkum"
"xLogicMonitor","tjschleining"
"xlsx","tvanleeuwen"
"XMC","brianaddicks"
"xMIMDsc","harish_ck"
"Xml","Jaykul"
"XMLCmdlets","CData"
"XmlContentDsc","Raimund"
"XmlEx","iainbrighton"
"Xmlips","nightroman"
"XmlRpc","lipkau"
"xMPC","vhcomptech"
"xMySql","PowerShellTeam,gaelcolas,dsccommunity"
"xNetworking","PowerShellTeam"
"xNmap","vhcomptech"
"xOSSEC","vhcomptech"
"xOU","PowerShellTeam"
"XpandPosh","eXpandFramework"
"XpandPwsh","eXpandFramework"
"xPendingReboot","PowerShellTeam"
"xPhp","PowerShellTeam,gaelcolas,dsccommunity"
"xpoTools","mazzy"
"xPowerShellExecutionPolicy","PowerShellTeam"
"xPrinter","Strike"
"xPrinterManagement","vESNik"
"xProgress","exactmike"
"xPSDesiredStateConfiguration","PowerShellTeam,gaelcolas,dsccommunity"
"xPython","vhcomptech"
"xRegistryAccess","Strike"
"xReleaseManagement","PowerShellTeam"
"xRemoteDesktopAdmin","PowerShellTeam"
"xRemoteDesktopSessionHost","PowerShellTeam,gaelcolas,dsccommunity"
"Xrm.DevOps.Tools","marcosrocha"
"Xrm.Framework.CI.PowerShell.Cmdlets","waelhamze"
"xRobocopy","PowerShellTeam,gaelcolas,dsccommunity"
"xSafeHarbor","PowerShellTeam,gaelcolas,dsccommunity"
"xSBETest","Goldmember"
"xSCDPM","PowerShellTeam,gaelcolas,dsccommunity"
"xScheduledTask","Strike"
"xSCOM","PowerShellTeam,gaelcolas,dsccommunity"
"xSConfig","NZ_BenThomas"
"xSCSMA","PowerShellTeam,gaelcolas,dsccommunity"
"xSCSPF","PowerShellTeam,gaelcolas,dsccommunity"
"xSCSR","PowerShellTeam,gaelcolas,dsccommunity"
"xSCVMM","PowerShellTeam,gaelcolas,dsccommunity"
"xSharePoint","PowerShellTeam"
"xSmbShare","PowerShellTeam"
"xSql","Devanshu"
"xSqlPs","PowerShellTeam"
"xSQLServer","PowerShellTeam"
"xss","IamJakoby"
"xStorage","PowerShellTeam"
"xSynergy","madkatalpha"
"xSystemSecurity","PowerShellTeam,gaelcolas,dsccommunity"
"xThunderbird","vhcomptech"
"xTimeZone","PowerShellTeam"
"XtremLib3","DmitryMolchanov"
"xtrudeIoT","daveyb0y"
"Xurrent.GraphQL","xurrent-sdk"
"XurrentAPITools","romanenz"
"xUser","Strike"
"xUtility","hugobelin"
"xWebAdministration","PowerShellTeam,gaelcolas,dsccommunity"
"xWebDeploy","PowerShellTeam,gaelcolas,dsccommunity"
"XwikiPS","WeHasInternet"
"xWindowsEventForwarding","PowerShellTeam,gaelcolas,dsccommunity"
"xWindowsRestore","PowerShellTeam,gaelcolas,dsccommunity"
"xWindowsUpdate","PowerShellTeam,gaelcolas,dsccommunity"
"xWinEventLog","PowerShellTeam"
"xwinrm","Theonlywaye"
"XWrite","dev1978"
"xXMLConfigFile","IngoGege"
"YAHW","AndiBellstedt"
"Yamautomate.AI","yamautomate"
"Yamautomate.Core","yamautomate"
"Yamautomate.IAM","yamautomate"
"Yaml","PSModule.io"
"YamlObjectModel","gaelcolas"
"YandexPdd","saw-friendship"
"yapg","bjompen"
"yarn-completion","Illuminator"
"YarnComplete","nimatt"
"YarnTabCompletion","bengr"
"YaugerAIO","Graytools"
"Yayaml","jborean93"
"YCPasswordReset","ekodian,mike-efremov"
"YellowBox","Eightbitmind"
"Yelp","chris-peterson"
"YetAnotherCMLogger","PowerShellCrack"
"Yify","CapnYank"
"Yodel","webmd-health-services"
"YokoRUMsetPC","chixus"
"YouTrackAutomation","webmd-health-services"
"youtube","trevor"
"YouTubeAnalyticsCmdlets","CData"
"YouTubeCmdlets","CData"
"YoutubeDownloader","psdevuk"
"YouTubeSTT","chadnpc"
"Yster.DesktopCentral","yster"
"ytdlWrapper","KubaP"
"z","vincpa"
"z-pushd","lth59"
"Zabbix_Powershell","Clifra_Jones"
"Zabbix.Graph","JonatanRek"
"ZabbixPS","Dejulia489"
"zaicadmintools","zaicnupagadi"
"ZbxVeeam","rockaut"
"ZebsSupplementalConfigMgrModule","zebulonsmith"
"ZendeskAPI","aengels"
"ZendeskCmdlets","CData"
"ZendeskTools","RubberDuck"
"ZenworksZMAN","syneticon-dj"
"Zero-Drive","joakimlemb"
"ZeroFailed","endjin"
"ZeroFailed.Build.Python","endjin"
"ZeroTierController","delifer"
"ZeroTrustAssessment","merill,MicrosoftAzureActiveDirectoryTeam,dhoerster"
"ZeroTrustAssessmentV2","merill"
"Zerto.Zvm.Commandlets","ZertoPowerShellGallery"
"Zerto.Zvml.Commandlets","ZertoPowerShellGallery"
"Zerto.ZvmLinux.Commandlets","ZertoPowerShellGallery"
"ZertoApiWrapper","wcarroll,s-finn,recklessop"
"ZertoAVSModule","ZertoPowerShellGallery"
"ZertoModule","Christopher_G_Lewis"
"ZertoPS","ryanjan"
"ZFKPowerShell","ZFK"
"ZIM.Common","Mikezim"
"ZIM.Office365","Mikezim"
"Zip","pshdo,webmd-health-services,DecoyJoe"
"ZipAsFolder","MaxIeremenko"
"ziphelper","nvarscar"
"ZipIt","awakecoding"
"ZIZHUGraphEXO","riquel_iam"
"ZIZHUOffice365MailboxOauthConnectivity","riquel_iam"
"ZIZHUOffice365ManagementAPI","riquel_iam"
"ZlbTestModule","zhangliangbo"
"ZLocation","vors,theaquamarine"
"ZLocation2","nohwnd"
"ZNtObjectManager","sagie"
"ZohoCreatorCmdlets","CData"
"ZohoCRMCmdlets","CData"
"ZohoInventoryCmdlets","CData"
"ZohoProjectsCmdlets","CData"
"ZomentumAPI","mspp"
"ZoomZoom","Mortein"
"zorkify","foobartn"
"ZorusAPI","McCoolMG"
"ZPki","andersTheNinja,andersrunesson,andersrunesson2"
"ZuoraCmdlets","CData"
"zWindowsUpdate","nimbus117"
"zxsh","zhixian"
"Zyborg.Vault","ebekker-posh"
"ZyxelKeeneticNDMSv2","saw-friendship"
"aaa_Dynamic","fakerson.831"
"AadAuthenticationFactory","jformacek,JiriF"
"AADB2C","WimvdHeijkant,Taeke,WvandenHeijkant"
"AADConnectDsc","Raimund"
"Aadder","RichieBzzzt"
"AADDeviceTrust.Client","NickolajA"
"AADDeviceTrust.FunctionApp","NickolajA"
"AADInternals","DrNestoriSyynimaa"
"AADInternals-Endpoints","DrNestoriSyynimaa"
"AADRM","AzureRMS"
"AADSTSErrorInfo","AlexVerboon"
"AadToken","jcravener"
"AASCmdlets","CData"
"AASManager","mohitgarg"
"AaTurpin.PSConfig","aaturpin"
"AaTurpin.PSLogger","aaturpin"
"AaTurpin.PSNetworkDriveMapper","aaturpin"
"AaTurpin.PSPowerControl","aaturpin"
